AppID,Name,Release date,Estimated owners,Peak CCU,Required age,Price,DiscountDLC count,About the game,Supported languages,Full audio languages,Reviews,Header image,Website,Support url,Windows,Mac,Linux,Metacritic score,Metacritic url,User_Score,Positive,Negative,Score rank,Achievements,Recommendations,Notes,Average playtime forever,Average playtime two weeks,Median playtime forever,Median playtime two weeks,Developers,Publishers,Categories,Genres,Tags,Screenshots,Movies,Platform,Game_Type
2340960,ReThink | Evolved 5,"Oct 16, 2023",0 - 20000,0,0,6.49,0,0,"ReThink | Evolved 5 is a Puzzle Game in a peaceful futuristic setting, that features a variety of Puzzles that utilize Lasers and the behavior of light and it's colors to create challenging problems to solve. Use proven and some new gameplay mechanics to puzzle your way through the game's beautiful world, which is now filled with even more puzzles than in previous games. Lots of Content: ReThink | Evolved 5 features more than 50 Puzzles that make use of newly introduced features and old ones alike, to keep the gears in your head turning. New and improved gameplay elements: The 'Evolved' branch of the ReThink Series always had the most features, this game is no different. It comes with almost every feature known from the previous 4 games, often improves them and then adds some new things on top. Less linear progress: Unlike previous games, in ReThink | Evolved 5 you are often more free to go where you want within an area, letting you decide which path you want to take, what puzzles to solve first. Improved Levels: ReThink | Evolved 5 comes with the largest Levels of any of the ReThink games, as was requested by Feedback in the past, therefore reducing level transitions to a minimum while conveying a sense of scale and place. What you see, is what you get: If you see a Puzzle that you can not access yet, you will eventually get there, as is normal for the ReThink games. Overall improved features: While the game does not reinvent the wheel, it improves the gameplay and usability through a variety of changes and additions. Many of these changes are aimed at giving players a greater tolerance when handling cubes and solving puzzles, improving the overall feeling of the game. Improved Graphics: Thanks to Unreal Engine 5, ReThink | Evolved 5 looks better than the previous games, while still running 'as usual' on older systems when the new graphics are disabled. Fully dynamic Global Illumination makes the simplistic style of the game shine, while not limiting player actions or Puzzles like previous lighting methods would have. Additional Soundtrack: Players wanted one, now they got one. There is now a choice between the games original Soundtrack, and the new one introduced with ReThink 4.",['English'],['English'],Unknown,https://shared.akamai.steamstatic.com/store_item_assets/steam/apps/2340960/header.jpg?t=1725027641,Unknown,yaeko.games@gmail.com,True,False,False,0,Unknown,0,5,0,Unknown,4,0,Unknown,0,0,0,0,Yaeko,Yaeko,"Single-player,Steam Achievements,Family Sharing",Indie,"Adventure,Puzzle,3D,Abstract,First-Person,Indie,Minimalist,Atmospheric,Relaxing,Futuristic,Logic,Modern,Nonlinear,Singleplayer,Difficult","https://shared.akamai.steamstatic.com/store_item_assets/steam/apps/2340960/ss_a7daf09c51c6bc66749d74b8a3f7786ecc82cad5.1920x1080.jpg?t=1725027641,https://shared.akamai.steamstatic.com/store_item_assets/steam/apps/2340960/ss_eec537c1445672168fe3f563a8f5872e4773013a.1920x1080.jpg?t=1725027641,https://shared.akamai.steamstatic.com/store_item_assets/steam/apps/2340960/ss_52528815d589e8f22e289e53cdf62ed418bdf229.1920x1080.jpg?t=1725027641,https://shared.akamai.steamstatic.com/store_item_assets/steam/apps/2340960/ss_dd31b91cab0308f49b26ac6600de60c3888f158c.1920x1080.jpg?t=1725027641,https://shared.akamai.steamstatic.com/store_item_assets/steam/apps/2340960/ss_eddcf5de4ef741fef354c288f46831dac1780e97.1920x1080.jpg?t=1725027641",Steam,Paid
1614960,Miko Adventures Puffball,"Sep 15, 2021",0 - 20000,0,0,9.99,0,0,"INSPIRED BY THE WORLD DESIGN OF THE SOULS-LIKE GENRE The WINNER of GDWC fan favourite (WEEK 17) Get ready to embark on an epic, fun, cute and challenging journey of Miko. Miko Adventures Puffball tells the story of an epic adventure that merges unique puzzles with challenging platforming and lots of dangers to deal with. In the world of Puffball you play as Miko, a raccoon who lost his way while wandering through the forest, Miko discovers a portal and upon touching it he finds himself in a world full of dangers. Miko is transported into another dimension and your goal is to help him find a way back home but it wont be an easy journey, are you ready for the challenges awaiting you? THE GAME WORLD Consists of 14+ massive unique levels each with their own style and challenges, every level feels like a new world to explore, each of them have different sections connecting with each other. COLLECT Collect lots of diamonds to earn different types of medals or unlock new levels. SOLVE UNIQUE PUZZLES To progress further in the level and get to new sections. FIND SECRETS There are many secrets hidden around in every corner. CHALLENGING GAMEPLAY Fight many types of monsters each have their own way to deal with. UNIQUE ART STYLE The world of Miko Adventures Puffball is full of Colors With a very cute, unique and detailed art style. REPLAY VALUE After you finish the story, there is lots of replay value in “Miko Adventures Puffball” as you go back and replay some levels to unlock certain types of medals or to unlock more achievements and get 100% completion. ABOUT CORIANDER GAMES Hi, my name is khaled Coriander Games is a one-man indie game development studio based in Egypt, Game development has always been my passion and I'm doing my best to bring fun, challenging, unique and polished games into the world, my main goal is to give you quality games. “Miko Adventures Puffball” has been in development for more than 2 years, I’m so happy to be sharing with you my biggest achievement, expect a lot more polished games to come, this is just the beginning. Thank you so much for being here.",['English'],['English'],"“Amazing, similar to games like Super Mario Bros and Jazz Jackrabbit” GeekPopNews “A game with a big heart” GDevelop team “If you’re looking for a new 2D platformer to spend some time with, this is a great option” The Fandomentals",https://shared.akamai.steamstatic.com/store_item_assets/steam/apps/1614960/header.jpg?t=1644438490,https://corianderg.wixsite.com/coriandergames,contactcoriandergames@gmail.com,True,False,False,0,Unknown,0,18,1,Unknown,0,0,Unknown,0,0,0,0,Coriander Games,Coriander Games,"Single-player,Partial Controller Support,Family Sharing","Action,Adventure,Casual,Indie","Adventure,Exploration,Casual,2D Platformer,Cute,Precision Platformer,Platformer,Puzzle,Puzzle-Platformer,Action-Adventure,Character Action Game,Side Scroller,2D,Funny,Linear,Action,Singleplayer,Cartoony,Colorful,Story Rich","https://shared.akamai.steamstatic.com/store_item_assets/steam/apps/1614960/ss_f653c7c1fdbec8723cd144544ba9acfe3aec8df2.1920x1080.jpg?t=1644438490,https://shared.akamai.steamstatic.com/store_item_assets/steam/apps/1614960/ss_c461ea276e88fa224d8731ced5fee3981bc8bca2.1920x1080.jpg?t=1644438490,https://shared.akamai.steamstatic.com/store_item_assets/steam/apps/1614960/ss_74ac324bc1a557f2301eb3410f5cba900c518450.1920x1080.jpg?t=1644438490,https://shared.akamai.steamstatic.com/store_item_assets/steam/apps/1614960/ss_ae71fb217cd8b5678a22fab8121a544e3adbd65f.1920x1080.jpg?t=1644438490,https://shared.akamai.steamstatic.com/store_item_assets/steam/apps/1614960/ss_d4878911f92d3e1f2cfabd22847c70e26d0b1a23.1920x1080.jpg?t=1644438490,https://shared.akamai.steamstatic.com/store_item_assets/steam/apps/1614960/ss_14b2024f115c5dbb86a06ad99b7a5eed9efc8a6c.1920x1080.jpg?t=1644438490,https://shared.akamai.steamstatic.com/store_item_assets/steam/apps/1614960/ss_44a1ca364894e7dc57d185c8bd9ae395d4d32647.1920x1080.jpg?t=1644438490,https://shared.akamai.steamstatic.com/store_item_assets/steam/apps/1614960/ss_ff072f0639d21a8405c6e46efbf6c4fb8366124f.1920x1080.jpg?t=1644438490,https://shared.akamai.steamstatic.com/store_item_assets/steam/apps/1614960/ss_419303a2468b29b1cbf08b580ff0b6104fc41cf7.1920x1080.jpg?t=1644438490",Steam,Paid
513810,Arkham Nightmares,"Aug 13, 2016",0 - 20000,0,0,0.0,0,0,"Arkham Nightmares is an adventure game with rogue-like elements . You play Prof. Liebwerk the head physician of the Lovecraftian Arkham Sanatorium. Your task is to complete your journal with all the stories from the crazy inmates. But before they will tell you anything you have to win their trust. During the night you will be haunted by terrible nightmares. Try to avoid those horrors or they will drive you insane. On the other hand... a little insanity might help to convince the patients to tell their stories. Feautres: Innovative genre-mix of adventure, rogue-like and stealth gameplay 1920s setting with eerie atmosphere in the Lovecraftian universe A big island to explore Multiple-choice dialogs Replayability Voice-over Jazz soundtrack Day-Night cycle Adjustable difficulty Gamepad support",['English'],['English'],Unknown,https://shared.akamai.steamstatic.com/store_item_assets/steam/apps/513810/header.jpg?t=1738422785,Unknown,contact.trgames@gmail.com,True,False,False,0,Unknown,0,5,10,Unknown,0,0,Unknown,0,0,0,0,Tim Rachor,Tim Rachor,"Single-player,Partial Controller Support","Adventure,Free To Play","Adventure,Free to Play,Lovecraftian","https://shared.akamai.steamstatic.com/store_item_assets/steam/apps/513810/ss_3672c4df53f094da823e8e61b6fa0ee135c96517.1920x1080.jpg?t=1738422785,https://shared.akamai.steamstatic.com/store_item_assets/steam/apps/513810/ss_e3563f28be35d3d25554a8cdb1e6d93f86ae76ab.1920x1080.jpg?t=1738422785,https://shared.akamai.steamstatic.com/store_item_assets/steam/apps/513810/ss_e533a0143a0f7e6ded678c77c8bf27047ee35c4a.1920x1080.jpg?t=1738422785,https://shared.akamai.steamstatic.com/store_item_assets/steam/apps/513810/ss_ddb79ffbd65fc8cd5bb172b83340e667f766b8d3.1920x1080.jpg?t=1738422785,https://shared.akamai.steamstatic.com/store_item_assets/steam/apps/513810/ss_0d5339d2e60cfa87fa03816289f6d9a53f02aefa.1920x1080.jpg?t=1738422785,https://shared.akamai.steamstatic.com/store_item_assets/steam/apps/513810/ss_998593a967cce64d09f3f7f1318eea2b14998e23.1920x1080.jpg?t=1738422785,https://shared.akamai.steamstatic.com/store_item_assets/steam/apps/513810/ss_3572a118552cb7c79dde6240224c3a5cf958585d.1920x1080.jpg?t=1738422785",Steam,Free
3330160,Kingdom Ascension,"Jul 18, 2025",0 - 20000,0,0,8.39,30,0,"'Kingdom Ascension' is a medieval-themed strategy war game. You will become a lord and build your own territory from scratch. Through resource collection, building construction, troop recruitment, exploration and adventure, you will continue to expand your territory and defend your homeland Starting from a desolate base, collect key resources such as food and materials. In the case of limited resources, you need to be prudent and reasonably allocate resources for troop training, building upgrades and technology research and development to lay the foundation for development. Develop the technology tree to improve economic efficiency and scale. Focus on upgrading the performance and role of war equipment. These key skills will have a decisive impact on the battle situation. Continuously strengthen your strength through scientific research. Create a dedicated army to resist invasion. Recruit soldiers with different characteristics and flexibly combine them according to tactical needs. The outcome of the battlefield depends on your deployment, combination of soldiers and tactical arrangements. Send troops to explore the dynamic map to discover treasures, ruins and unknown enemies. Unlock new territories through battles or acquisitions, accumulate more resources, gradually expand the territory, and respond to challenges brought by random events, with the goal of becoming a hegemon.","['English', 'Japanese', 'Simplified Chinese', 'French', 'Italian', 'German', 'Spanish - Spain', 'Russian', 'Turkish', 'Polish', 'Traditional Chinese', 'Portuguese - Brazil', 'Korean']",[],Unknown,https://shared.akamai.steamstatic.com/store_item_assets/steam/apps/3330160/1fe6bc72ae06b29602cede91002815e17f61f0e4/header.jpg?t=1752898902,Unknown,rainringstudio@163.com,True,False,False,0,Unknown,0,0,0,Unknown,50,174,Unknown,156,0,254,0,RainRingStudio,RainRingStudio,"Single-player,Steam Achievements,Steam Cloud,Stats,Family Sharing","Adventure,Casual,Indie,Strategy",Unknown,"https://shared.akamai.steamstatic.com/store_item_assets/steam/apps/3330160/463f0eead0b52310d03ca4c480b74caeaeb1c7cd/ss_463f0eead0b52310d03ca4c480b74caeaeb1c7cd.1920x1080.jpg?t=1752898902,https://shared.akamai.steamstatic.com/store_item_assets/steam/apps/3330160/6f351039021400bf95467a091df1f64ef59ce20b/ss_6f351039021400bf95467a091df1f64ef59ce20b.1920x1080.jpg?t=1752898902,https://shared.akamai.steamstatic.com/store_item_assets/steam/apps/3330160/ss_1e76b374551a4f814001e7d5f99d76288d209c7d.1920x1080.jpg?t=1752898902,https://shared.akamai.steamstatic.com/store_item_assets/steam/apps/3330160/2e0024be44087baadae9f9a83464707d1d578e1f/ss_2e0024be44087baadae9f9a83464707d1d578e1f.1920x1080.jpg?t=1752898902,https://shared.akamai.steamstatic.com/store_item_assets/steam/apps/3330160/8a8aa35f210529aa1a460be0da12f4f33a8f7a21/ss_8a8aa35f210529aa1a460be0da12f4f33a8f7a21.1920x1080.jpg?t=1752898902,https://shared.akamai.steamstatic.com/store_item_assets/steam/apps/3330160/4b2de6c6ac08c175fdcd57c7ccfcdbd3a2f60f75/ss_4b2de6c6ac08c175fdcd57c7ccfcdbd3a2f60f75.1920x1080.jpg?t=1752898902,https://shared.akamai.steamstatic.com/store_item_assets/steam/apps/3330160/ss_53c576f35d45840aa274f84ae9d017922490dc74.1920x1080.jpg?t=1752898902,https://shared.akamai.steamstatic.com/store_item_assets/steam/apps/3330160/6474d80b2f387ed5751c6f88d8777970a230000d/ss_6474d80b2f387ed5751c6f88d8777970a230000d.1920x1080.jpg?t=1752898902,https://shared.akamai.steamstatic.com/store_item_assets/steam/apps/3330160/ss_9f29a70629930d7262e862eb12c4198eb5c69583.1920x1080.jpg?t=1752898902,https://shared.akamai.steamstatic.com/store_item_assets/steam/apps/3330160/ss_28b3b3eabe081de32446dd3bfeeac4dce962a0d9.1920x1080.jpg?t=1752898902,https://shared.akamai.steamstatic.com/store_item_assets/steam/apps/3330160/ss_05e884ff51d1f51d95ef1c79565944e36936f532.1920x1080.jpg?t=1752898902,https://shared.akamai.steamstatic.com/store_item_assets/steam/apps/3330160/d25890af416f698f357f97d08796dc44f53ff211/ss_d25890af416f698f357f97d08796dc44f53ff211.1920x1080.jpg?t=1752898902,https://shared.akamai.steamstatic.com/store_item_assets/steam/apps/3330160/1b93c2a2d23f0012b59966a115f19f5d1cc4f227/ss_1b93c2a2d23f0012b59966a115f19f5d1cc4f227.1920x1080.jpg?t=1752898902,https://shared.akamai.steamstatic.com/store_item_assets/steam/apps/3330160/ss_c5cbe58c4b615240e66753c61dfa22db112e5457.1920x1080.jpg?t=1752898902,https://shared.akamai.steamstatic.com/store_item_assets/steam/apps/3330160/d86f7327069703037acca837a39f8a0ea4836e81/ss_d86f7327069703037acca837a39f8a0ea4836e81.1920x1080.jpg?t=1752898902,https://shared.akamai.steamstatic.com/store_item_assets/steam/apps/3330160/3854f0d29161cf32a4d994b9ef9ad7adc38f36f7/ss_3854f0d29161cf32a4d994b9ef9ad7adc38f36f7.1920x1080.jpg?t=1752898902,https://shared.akamai.steamstatic.com/store_item_assets/steam/apps/3330160/ss_b1d766d1baf7b565010a4e0fbef1cfd125a35e19.1920x1080.jpg?t=1752898902,https://shared.akamai.steamstatic.com/store_item_assets/steam/apps/3330160/02d87e08a6142b29e5115890a21c4d0aed25d446/ss_02d87e08a6142b29e5115890a21c4d0aed25d446.1920x1080.jpg?t=1752898902,https://shared.akamai.steamstatic.com/store_item_assets/steam/apps/3330160/63dc268e3c5a3073eb8d261c5825c40a39cc5bf2/ss_63dc268e3c5a3073eb8d261c5825c40a39cc5bf2.1920x1080.jpg?t=1752898902,https://shared.akamai.steamstatic.com/store_item_assets/steam/apps/3330160/bd1f8888e673f99417b1318b6e102b25fb048ff6/ss_bd1f8888e673f99417b1318b6e102b25fb048ff6.1920x1080.jpg?t=1752898902",Steam,Paid
1813130,Sugar Shack,"Sep 14, 2023",0 - 20000,2,0,9.99,50,0,"Welcome to the Sugar Shack! Located at the center of a world that seems stuck in an eternal early spring, this cozy little place of joy and syrupy goodness is now all yours. Fire up the oven, plow the land, tap some maple, and revive the land around your own sugar shack. Improve the establishment’s reputation by welcoming customers, selling produce, baking home-made products and helping to create a sense of community all around you. Bring life and happiness to a new, magical world - on your own or together with friends! That's right, the entire map can be customized. That means you can choose the position of your neighbors, resources, and even how the rivers flow! You can decorate your map by creating your own hiking path, placing fences, and adding chests according to your whims. Each new hexagonal tile brings you plenty of things to do! Unlocking new quests, resources, and opportunities. No two worlds are going to be the same, so experiment endlessly! Steeped in Quebec's rich folklore, Sugar Shack is all about progressing at your own pace and in relaxing, cozy experience. Head out to harvest maple sap, pick berries, or tend to the garden. Or, stay inside, cook away, and focus on meeting the locals to help them out with their quests. Maybe try your hand at world building by customizing tiles, placing items around the world, and customizing your own space! Join 1-4 friends to lay out the world, gather resources, split the effort, and share in the rewards. Design a personal room to showcase your cozy style. Work together to serve the customers and make the Shack a total success. Get immersed in the making of popular sugary treats that you can find in classic sugar shacks like maple syrup, maple syrup taffy or even beaver’s tail pastry! Experience quests and NPCs inspired by tales from Quebec like “The Flying Canoe,” or “La Corriveau.” Meet characters from these colorful stories and discover their stories!","['English', 'French', 'German', 'Simplified Chinese']",[],Unknown,https://shared.akamai.steamstatic.com/store_item_assets/steam/apps/1813130/header.jpg?t=1729108236,Unknown,support@indie.io,True,False,False,0,Unknown,0,208,98,Unknown,19,207,Unknown,40,4,40,4,MadLife Divertissement,indie.io,"Single-player,Multi-player,Co-op,Online Co-op,Steam Achievements,Full controller support,Steam Cloud,Family Sharing","Casual,Indie,Simulation","Online Co-Op,Co-op,Indie,Cooking,Farming Sim,Management,Multiplayer,Building,Simulation,Crafting,Cute,Sandbox,Casual,Exploration,Relaxing,Colorful,Family Friendly,Singleplayer,2D,Isometric","https://shared.akamai.steamstatic.com/store_item_assets/steam/apps/1813130/ss_3287b24608d6e30852a98f1cc7c045f405a129c0.1920x1080.jpg?t=1729108236,https://shared.akamai.steamstatic.com/store_item_assets/steam/apps/1813130/ss_4c9abfe688111c8c29fb618a9b64336de9d6d8bb.1920x1080.jpg?t=1729108236,https://shared.akamai.steamstatic.com/store_item_assets/steam/apps/1813130/ss_2a2cd63826246413d2eece67bd5ef6391070741b.1920x1080.jpg?t=1729108236,https://shared.akamai.steamstatic.com/store_item_assets/steam/apps/1813130/ss_91b0274ba2239ddc2cf4cef59cfe532b3100c850.1920x1080.jpg?t=1729108236,https://shared.akamai.steamstatic.com/store_item_assets/steam/apps/1813130/ss_d9454c74f272042475f4d8bc446ee08ba3a58305.1920x1080.jpg?t=1729108236,https://shared.akamai.steamstatic.com/store_item_assets/steam/apps/1813130/ss_30bd6ce3428a53ff30eaa89672cc1ae1e0e94325.1920x1080.jpg?t=1729108236,https://shared.akamai.steamstatic.com/store_item_assets/steam/apps/1813130/ss_2eba3ba5e6296460799dc124b8fcdd5ae99bed89.1920x1080.jpg?t=1729108236,https://shared.akamai.steamstatic.com/store_item_assets/steam/apps/1813130/ss_fccc37a223d0dfb4169457ab747ab6c440725f2e.1920x1080.jpg?t=1729108236,https://shared.akamai.steamstatic.com/store_item_assets/steam/apps/1813130/ss_e1d869f7048726e79f5543eb77dbae76f9492d58.1920x1080.jpg?t=1729108236,https://shared.akamai.steamstatic.com/store_item_assets/steam/apps/1813130/ss_f21f8722001604d36f0c4b5d69a56c2b05d1bac9.1920x1080.jpg?t=1729108236,https://shared.akamai.steamstatic.com/store_item_assets/steam/apps/1813130/ss_546325577b9cdc4181b482c2fc294f5488e91e2a.1920x1080.jpg?t=1729108236",Steam,Paid
1034400,Mystery Solitaire The Black Raven,"May 6, 2019",0 - 20000,0,0,4.99,0,0,"Immerse yourself in the most beloved, mystical and entrancing world of Edgar Allan Poe's ''The Raven!'' This work reflected the image of the poet himself, his life and mysterious, gloomy and wonderful poetics. Explore 12 locations connected with Poe's life and work, and earn lots of cool trophies. Levels of varying complexity provide several hours of exciting gameplay every day, and special Golden Cards add an extra layer of fun. This game is for people who enjoy card games as spider solitaire, pyramid, hearts, klondike, free cell, crescent, golf, addiction, three peaks, yukon, forty thieves, scorpion, gaps, canfield, crazy quilt, algerian, montana, eight off, calculation, clock solitaire. But regardless of the type, solitaire is an age-old game that never loses its flavor! - Let your emotions run wild! - Solitaire card game – collect chains of cards! - Never a dull moment with super exciting levels! - Vivid graphics and a Pirate soundtrack make this Solitaire a win-win! - Get rid of cards faster with jokers, and increase the combo multiplier to earn more coins! - Earn 15 mystical items! - Original themed decks and 12 card back styles! - Let the fun take over!","['English', 'French', 'German', 'Russian']",[],Unknown,https://shared.akamai.steamstatic.com/store_item_assets/steam/apps/1034400/header.jpg?t=1687434115,https://www.facebook.com/8FloorGames/,support@8floor.net,True,True,False,0,Unknown,0,21,3,Unknown,0,0,Unknown,0,0,0,0,Somer Games,8floor,"Single-player,Family Sharing",Casual,"Casual,Card Game,Solitaire,Puzzle,Hidden Object,2D,Colorful,Stylized,Logic,Mystery,Atmospheric,Family Friendly,PvE,Tutorial,Singleplayer,Tabletop","https://shared.akamai.steamstatic.com/store_item_assets/steam/apps/1034400/ss_12d8bb27a16046fe548818dcd0f5d7d0e2038179.1920x1080.jpg?t=1687434115,https://shared.akamai.steamstatic.com/store_item_assets/steam/apps/1034400/ss_e809678d186bc47558dba4f421b2535e28b6bb7b.1920x1080.jpg?t=1687434115,https://shared.akamai.steamstatic.com/store_item_assets/steam/apps/1034400/ss_87ccbb03192630d7876e315eea690691e906e232.1920x1080.jpg?t=1687434115,https://shared.akamai.steamstatic.com/store_item_assets/steam/apps/1034400/ss_36846149295dcf5e7da3f0297ed03e0d2425f619.1920x1080.jpg?t=1687434115,https://shared.akamai.steamstatic.com/store_item_assets/steam/apps/1034400/ss_9c5838d0d7db31ce10f63042a1af032507d59129.1920x1080.jpg?t=1687434115,https://shared.akamai.steamstatic.com/store_item_assets/steam/apps/1034400/ss_ed7360a46cd443f713dcaa3203165d7354466f5b.1920x1080.jpg?t=1687434115,https://shared.akamai.steamstatic.com/store_item_assets/steam/apps/1034400/ss_14e08c4ea0076001a9170e0911f4d79e39b1663b.1920x1080.jpg?t=1687434115",Steam,Paid
1030520,Grater,"Mar 5, 2019",0 - 20000,0,0,1.99,0,0,"Grater is a 2D platformer in which the player controls a small robot that needs to break free from an alien ship and rescue its friend. It needs to overcome enemies, solve riddles and collect items, that grants upgrades and new tools: Use a laser gun to defeat foes, clear blocks in your way or interact with switches that are otherwise out of your range. Move special magnetic objects to open new paths or protect yourself through clever positioning. Freeze time and plan ahead to defeat multiple enemies at once or reach distant platforms.","['English', 'German']",[],Unknown,https://shared.akamai.steamstatic.com/store_item_assets/steam/apps/1030520/header.jpg?t=1551789869,Unknown,info@innerworldgames.net,True,False,False,0,Unknown,0,2,1,Unknown,0,0,Unknown,0,0,0,0,Inner World Games,Inner World Games,"Single-player,Steam Cloud,Family Sharing","Casual,Indie","Indie,Casual","https://shared.akamai.steamstatic.com/store_item_assets/steam/apps/1030520/ss_f5d4753cc57a6caf46dec60f2c7eaa4fd69b43ab.1920x1080.jpg?t=1551789869,https://shared.akamai.steamstatic.com/store_item_assets/steam/apps/1030520/ss_6c95fd3b09a262a86d8664e70a4d8e77a5d07500.1920x1080.jpg?t=1551789869,https://shared.akamai.steamstatic.com/store_item_assets/steam/apps/1030520/ss_a423c4b146ad3e1480d46ad019ca977b087d6fb9.1920x1080.jpg?t=1551789869,https://shared.akamai.steamstatic.com/store_item_assets/steam/apps/1030520/ss_9c658b04f4ad11460d2809003854026e73bfcbe1.1920x1080.jpg?t=1551789869,https://shared.akamai.steamstatic.com/store_item_assets/steam/apps/1030520/ss_b6a4c90ebe4920e147329443d4ca5233d6e7a3e3.1920x1080.jpg?t=1551789869,https://shared.akamai.steamstatic.com/store_item_assets/steam/apps/1030520/ss_2e3388c39ad18e23c4dd255b165ece6dab1fa03c.1920x1080.jpg?t=1551789869",Steam,Paid
1951940,Eschaton,"Nov 3, 2022",20000 - 50000,0,0,0.59,0,0,"'I have come to tell you that you are free. Many ages ago, My consciousness left man, that he might develop himself. I return to find this development approaching completion, but hindered by fear and by misunderstanding.' Your final gift to humanity, stolen in its final moments. An unheard of conspiracy spanning millennia snuffed in it's final act, only to be reborn. It's the 23rd of May, 2023 and you are about to end the world. Story You don't remember. A crashed van at the gates of a manor, a dead driver. A cold chilling fog pushes you towards the entrance where the door is curiously open. Reality ends here. Presented in a late 90's low-poly style inspired by the fifth generation of games consoles, Eschaton is a short, surreal, first person exploration game set in the Scottish Highlands. Explore the grounds of an abandoned manor, analyse the environment, talk to beings who don't quite make sense, experience a short surreal trip that lasts until midnight. Headphones are recommended; Eschaton uses binaural beats to instil fear / tension / aid focus and change your state of mind at certain points of the game.  Accolades Best Audio - Scottish Game Awards 2023 Featuring Simple gameplay with a experimental, surreal story A short experience - 15-30 minutes. A meticulously recreated world presented in a low-poly aesthetic Atmospheric audio including binaural beats as an experimental game mechanic Surreal conspiracy themed lore that definitely doesn't include any hidden symbology or secrets",['English'],['English'],“Very creepy experience; the visuals in particular I really enjoyed” Amicable Animal “'lo-fi horror gem'” Shaun Prescott - PCGamer,https://shared.akamai.steamstatic.com/store_item_assets/steam/apps/1951940/header.jpg?t=1765470556,https://sojourn-interactive.com/,Unknown,True,False,False,0,Unknown,0,123,17,Unknown,5,149,Some scenes of blood,0,0,0,0,"jabuga,sojourn interactive","jabuga,sojourn interactive","Single-player,Steam Achievements,Full controller support,Captions available,Remote Play on TV,Family Sharing","Action,Adventure,Casual,Indie","Surreal,Conspiracy,Philosophical,Supernatural,Mystery,Experimental,Exploration,Magic,Stylized,Detective,Puzzle,Walking Simulator,Singleplayer,First-Person,Action,Casual,Interactive Fiction,3D,Abstract,Atmospheric","https://shared.akamai.steamstatic.com/store_item_assets/steam/apps/1951940/ss_bee8f172765f52262fd97636eac41ae705bcb259.1920x1080.jpg?t=1765470556,https://shared.akamai.steamstatic.com/store_item_assets/steam/apps/1951940/ss_0449c0c761a8580e85cfd87079d759767b24c264.1920x1080.jpg?t=1765470556,https://shared.akamai.steamstatic.com/store_item_assets/steam/apps/1951940/ss_f079e8cb8d0a512deff504b873308d27c693e0bb.1920x1080.jpg?t=1765470556,https://shared.akamai.steamstatic.com/store_item_assets/steam/apps/1951940/ss_a214c12d6ebd0419c8a2d2f7189fc05cf2c4708c.1920x1080.jpg?t=1765470556,https://shared.akamai.steamstatic.com/store_item_assets/steam/apps/1951940/ss_5cc6d86c2efd8c4fb605d0abf829f7889b4ac4b6.1920x1080.jpg?t=1765470556,https://shared.akamai.steamstatic.com/store_item_assets/steam/apps/1951940/ss_0b56af97636fcb003c25ce24045db235f4726e09.1920x1080.jpg?t=1765470556",Steam,Paid
1989780,Tiny Arcade Racers,"May 20, 2022",0 - 20000,0,0,1.24,0,0,"Tiny Arcade Racers is a top-down 2.5D arcade racing game. Players may choose to compete against AI drivers in the World Tour or race for the best timing in the Time Trial. In the in-game garage, players can customize the colours of their vehicles. Compete in the World Tour Compete against 5 other AI drivers across 3 different terrains. Secure the best timings in Time Trial Secure the fastest timings across 5 laps. The Garage Unlock and customize your vehicles with different colours. Take your Pick Choose from 7 playable vehicles with different speeds, handling, and grip! Colourful Terrains Race on 11 tracks across 3 colourful terrains.",['English'],['English'],Unknown,https://shared.akamai.steamstatic.com/store_item_assets/steam/apps/1989780/header.jpg?t=1654505504,Unknown,lum_ko_sand@outlook.com,True,False,False,0,Unknown,0,4,1,Unknown,20,0,Unknown,0,0,0,0,Dnasok Games,Dnasok Games,"Single-player,Steam Achievements,Partial Controller Support,Steam Cloud,Family Sharing","Indie,Racing","Racing,Indie,Arcade,Top-Down,Singleplayer,2.5D,PvE,Character Customization,Relaxing,Colorful,Stylized,Artificial Intelligence,Nature,Physics,Retro","https://shared.akamai.steamstatic.com/store_item_assets/steam/apps/1989780/ss_962dbf8d9a059a47c3e76360281ef1dfa330bf29.1920x1080.jpg?t=1654505504,https://shared.akamai.steamstatic.com/store_item_assets/steam/apps/1989780/ss_0938ee765503eeddf84b547356982f68d5fef455.1920x1080.jpg?t=1654505504,https://shared.akamai.steamstatic.com/store_item_assets/steam/apps/1989780/ss_43d8a77d440aa5b2a88801e9c203c579c539c91f.1920x1080.jpg?t=1654505504,https://shared.akamai.steamstatic.com/store_item_assets/steam/apps/1989780/ss_3ef5c5c73052fb619221f9be65888b80d5215d16.1920x1080.jpg?t=1654505504,https://shared.akamai.steamstatic.com/store_item_assets/steam/apps/1989780/ss_874eb09a66c2907ac816d43af61660d4ac87cb59.1920x1080.jpg?t=1654505504,https://shared.akamai.steamstatic.com/store_item_assets/steam/apps/1989780/ss_91767c0f31f3401c918f8342e5bdabc3ea33e2fe.1920x1080.jpg?t=1654505504,https://shared.akamai.steamstatic.com/store_item_assets/steam/apps/1989780/ss_171798ce5cdcf441022c4dd879273317f2b40167.1920x1080.jpg?t=1654505504,https://shared.akamai.steamstatic.com/store_item_assets/steam/apps/1989780/ss_6ddf8bd053e614024cd3024a1ad0286789f20a71.1920x1080.jpg?t=1654505504",Steam,Paid
943030,NIGHT FALLEN,"Oct 25, 2018",0 - 20000,0,0,0.89,0,0,"Night Fallen is a first person action game with stealth and RPG mechanics set in a small remote area of the United Kingdom where a horde of other worldly have taken hold. In a remote part of the United Kingdom, police officer James Jenkins received reports of disturbances in the nearing abandoned forest. Upon entering, he finds a plague of other worldly beings that have started to re-produce at an alarming rate. He is now trapped in the forest with these sinister beings, with the goal of destroying them before they overrun the World. Creepy Open World Forest RPG Style Levelling-Up Mechanics Stealth Mechanics Intense AI Horror Action Game",['English'],['English'],Unknown,https://shared.akamai.steamstatic.com/store_item_assets/steam/apps/943030/header.jpg?t=1542380045,https://nightfallen.deceptive-games.com/,info@deceptive-games.com,True,True,False,0,Unknown,0,2,2,Unknown,18,0,Unknown,0,0,0,0,Nicolas Bing,Deceptive Games,"Single-player,Steam Achievements,Family Sharing","Action,Indie,RPG","Action,Indie,RPG","https://shared.akamai.steamstatic.com/store_item_assets/steam/apps/943030/ss_fd52295f7621b59e1ec9033971ed0af5b2e1c7ec.1920x1080.jpg?t=1542380045,https://shared.akamai.steamstatic.com/store_item_assets/steam/apps/943030/ss_ec38259a0482382059a1cdbab146158afe53ecbb.1920x1080.jpg?t=1542380045,https://shared.akamai.steamstatic.com/store_item_assets/steam/apps/943030/ss_0d7b187bfb8061b70d406b6e52d09e82da272fbf.1920x1080.jpg?t=1542380045,https://shared.akamai.steamstatic.com/store_item_assets/steam/apps/943030/ss_6b8f879cd32c3837f02cf9258f52edff9b5c240d.1920x1080.jpg?t=1542380045,https://shared.akamai.steamstatic.com/store_item_assets/steam/apps/943030/ss_be7d96f062efced97144411d86385b37209b1056.1920x1080.jpg?t=1542380045",Steam,Paid
2107090,KitHack Model Club,"Aug 1, 2024",50000 - 100000,2,0,4.99,75,0,"Welcome to KitHack Model Club! From the creator of the original Kerbal Space Program and a tiny team of just three dedicated developers. KitHack Model Club combines state-of-the-art physics with endless customization options that will see you and your friends bringing your wildest RC creations to life. With the opportunity for limitless adventure and built from the ground up for multiplayer, KitHack Model Club is the ultimate model-building platform. Be it a plane, boat, car, or an ingenious hybrid of all three, you can construct anything you can imagine by simply attaching parts together in the Vehicle Editor. Give it wings, wheels, engines, rockets, paintball guns and more; then really make it your own by adding paint and decals. And your every design decision counts! Even the slightest tweaks you make on your vehicle will influence how it handles, as the simulation takes its actual geometry into account for aerodynamics, buoyancy, wheel friction and everything else. Show off your creation by taking it into multiplayer matches with up to 16 players, or share it on the Steam Workshop, to join an ever-growing collection of player made vehicles. Explore the diverse and colorful landscapes of beautiful Wirraway Bay. Test your mettle with challenges, or free roam with friends across the island with your unique creations. The ideal environment in which to perfect your craft awaits the adventurous modeler. Just watch out for traffic and pedestrians! Play KitHack Model Club exactly how you want to play. Craft your own missions and challenges with the powerful Scenario Editor - a fully-featured gameplay authoring tool which gives you complete control to create your own game modes. In fact, this is the same tool the developers themselves use to create missions. Challenge community members and flaunt your ingenuity by publishing your missions on the Steam Workshop, or just explore the limitless gameplay possibilities from the community-made collection. KitHack Model Club was built from the ground up to support modding. You can add custom content including new parts, maps, and even entire new features, then share it with the community via the Steam Workshop. To help you get you started, we’ve got an SDK package including tools and examples, plus an amazingly friendly community where you can chat with other players, creators and even the developers themselves. Have fun out there, KitHacker.",['English'],['English'],Unknown,https://shared.akamai.steamstatic.com/store_item_assets/steam/apps/2107090/a3b02fb2221c759ea1aefe2b84150375c4f2b18e/header.jpg?t=1765926067,Unknown,support@curvegames.com,True,False,False,0,Unknown,0,505,83,Unknown,0,560,Unknown,234,0,325,0,Floating Origin Interactive,Curve Games,"Single-player,Multi-player,PvP,Online PvP,Co-op,Online Co-op,Steam Workshop,Adjustable Text Size,Camera Comfort,Color Alternatives,Custom Volume Controls,Playable without Timed Input,Save Anytime,Stereo Sound,Surround Sound,Partial Controller Support,Steam Cloud,Includes level editor,Remote Play on TV,Family Sharing",Unknown,"Moddable,Open World,Vehicular Combat,Indie,Simulation,Physics,Exploration,Sandbox,Education,Building,Crafting,Level Editor,Procedural Generation,3D,Realistic,Driving,Automation,PvP,Singleplayer,Design & Illustration","https://shared.akamai.steamstatic.com/store_item_assets/steam/apps/2107090/ss_80b09a2d0d1f8ea99cc777a8526602d9da022cb5.1920x1080.jpg?t=1765926067,https://shared.akamai.steamstatic.com/store_item_assets/steam/apps/2107090/ss_592f6ba20c442832ca39ec196abdbcd7baf37de6.1920x1080.jpg?t=1765926067,https://shared.akamai.steamstatic.com/store_item_assets/steam/apps/2107090/ss_570fbd377ac90b446e557966d510d753060a1f7c.1920x1080.jpg?t=1765926067,https://shared.akamai.steamstatic.com/store_item_assets/steam/apps/2107090/ss_58d52de5d0c4f438373418073ca43f69c7c23ac6.1920x1080.jpg?t=1765926067,https://shared.akamai.steamstatic.com/store_item_assets/steam/apps/2107090/ss_b00adccca8042ebcbf1f9c02ccd35e90bc2aebcb.1920x1080.jpg?t=1765926067,https://shared.akamai.steamstatic.com/store_item_assets/steam/apps/2107090/ss_37c804e3d1e91884018403f83e996243b848f966.1920x1080.jpg?t=1765926067",Steam,Paid
2745650,Hey! Here are some letters,"Mar 4, 2024",0 - 20000,0,0,0.99,0,0,"Okay, so you have these letters, right? You can combine them into words, like this. You click on the word to get a score for the number/type of letters you have in the word. (You get 8 points for the word, 'WORD', as 4 + 1 + 1 + 2 = 8) If two or more words share any letters, they join into a group, When you clear the group, you get a multiplier score for each word in the group. There are two modes, an Endless Mode, and a Matrix Mode. In the Endless Mode, new letters spawn and are added to the grid every time the timer bar runs out. The new letters spawn faster and faster as time goes on. In the Matrix Mode, every tile in the grid is filled in, and the goal is to clear all of the letters to get the highest score you can.",['English'],[],Unknown,https://shared.akamai.steamstatic.com/store_item_assets/steam/apps/2745650/header.jpg?t=1709557125,https://herearesomeletters.com,rupour@gmail.com,True,False,False,0,Unknown,0,2,0,Unknown,0,0,Unknown,0,0,0,0,Rupour,Rupour,"Single-player,Family Sharing","Casual,Indie","Casual,Puzzle,Spelling,Minimalist,Logic,Text-Based,Indie,Singleplayer","https://shared.akamai.steamstatic.com/store_item_assets/steam/apps/2745650/ss_6f83da45b0763de6b954d64c314f5080a41ec828.1920x1080.jpg?t=1709557125,https://shared.akamai.steamstatic.com/store_item_assets/steam/apps/2745650/ss_cd9d6df5940b38a12edd87daa35e268ca43f506c.1920x1080.jpg?t=1709557125,https://shared.akamai.steamstatic.com/store_item_assets/steam/apps/2745650/ss_5822f5fc9fec0182970613b25509b497820ab2b4.1920x1080.jpg?t=1709557125,https://shared.akamai.steamstatic.com/store_item_assets/steam/apps/2745650/ss_e4211663a447920d1ae28da7061ea180d23e54e7.1920x1080.jpg?t=1709557125,https://shared.akamai.steamstatic.com/store_item_assets/steam/apps/2745650/ss_33d1003692901ee1edf8dc87605a5692a50ebd2b.1920x1080.jpg?t=1709557125",Steam,Paid
3399580,8 YOUs+ (from KUUKIYOMI 4: Consider It),"Mar 12, 2025",0 - 20000,0,0,2.39,20,0,"You can enjoy it repeatedly with multiplayer and score ranking support! You are trapped on a train that runs forever. What's worse, the train is filled with countless versions of YOU, all looking exactly like YOU... Pay close attention and find the one different YOU among the eight, then make your way to the last car and reach the exit! [Guide] Look closely at all 8 YOUs. If just 1 is different, criticize them. If not, go forward. Pass through 8 cars to get out. The game modes include 'One Player' and 'Two Players'! In 'One Player', you can enjoy a score attack as you try to escape on your own. In 'Two Players', you can race alongside another player to compete for the fastest escape! Support for score rankings has been added. Score rankings are now available for each stage. Challenge ' 8 YOUs ' players from around the world based on your scores! You can add the successfully identified YOU to your 'Collection' with the criticize action! There are 88 different versions of YOU. Aim to complete all the different versions of YOU! There are 3 stages in total. Under certain conditions, 2 additional stages will unlock...! Please enjoy the enhanced '8 YOUs+' now! This game is an extended version of the mini-game included in 'KUUKIYOMI 4: Consider It'. Please ensure you understand this before making your purchase.","['English', 'Simplified Chinese', 'Traditional Chinese', 'Japanese', 'Korean']",[],Unknown,https://shared.akamai.steamstatic.com/store_item_assets/steam/apps/3399580/header.jpg?t=1741827675,Unknown,steam-develop@gmodecorp.com,True,False,False,0,Unknown,0,19,0,Unknown,0,0,Unknown,0,0,0,0,G-MODE,G-MODE,"Single-player,Multi-player,Co-op,Shared/Split Screen Co-op,Shared/Split Screen,Partial Controller Support,Steam Cloud,Remote Play Together,Family Sharing",Simulation,"Parody,Casual,Funny,Puzzle,Hidden Object,Linear,Singleplayer,Multiplayer,Simulation,Local Multiplayer,Local Co-Op,Co-op","https://shared.akamai.steamstatic.com/store_item_assets/steam/apps/3399580/ss_11aa469bde67d0f7b3b0fd0fc3ee498c514d8b34.1920x1080.jpg?t=1741827675,https://shared.akamai.steamstatic.com/store_item_assets/steam/apps/3399580/ss_ecbe62df5b997000f98a01b12a8e84ce42ae943d.1920x1080.jpg?t=1741827675,https://shared.akamai.steamstatic.com/store_item_assets/steam/apps/3399580/ss_0d6388be5c243c5606d95b390c98e51df7029322.1920x1080.jpg?t=1741827675,https://shared.akamai.steamstatic.com/store_item_assets/steam/apps/3399580/ss_178a35f1d3fb3e110b5320d19c77f1d207bd78d5.1920x1080.jpg?t=1741827675,https://shared.akamai.steamstatic.com/store_item_assets/steam/apps/3399580/ss_798765bf97521e96243cbd5812f4ae7a34b255cc.1920x1080.jpg?t=1741827675",Steam,Paid
433000,Lost Lands: The Golden Curse Collector's Edition,"Mar 24, 2016",50000 - 100000,1,0,9.99,0,0,"An exciting adventure of a brave girl who found herself in a fantasy world. She has to find a way to stop the cursed beasts awakened after sleeping for a thousand years and coming to life for reasons unknown. Lost Lands: the Golden Curse is an adventurous hidden object game-quest with puzzles and mini-games scattered through the boundless spaces of the fantasy world – from the volcano valleys to the Druid forest, from the deep caves to the floating islands. One fine day an ordinary good-looking housewife, Susan, while visiting the museum of arts drops by an old looking glass which, for whatever reason, starts to beckon her up. When she touched the looking-glass, Susan was immediately transported into a magical fantasy world of the Lost Lands. She has been known for her heroic deeds as Susan the Warrior there. Susan meets a child named Fiora, and the girl takes Susan to her great-grandfather, Maaron. Susan recognizes the Druid as an old acquaintance. Maaron explains that the village was attacked by a Harpy, the legendary winged beast. The strangest thing is that the demon has been a stone statue in the abandoned old fort for thousands of years. Along with her friends Susan is ready to set forth into a volcano, go to a dungeon and climb floating islands to find out the reason why the Harpy, Naga, the Minotaur and Solidus, one after another, began coming to life from the stone prison and causing chaos in the Lost Lands. Naturally, the creatures must be stopped... Game features: • Explore over 50 stunning locations • Complete over 40 different mini-games • Challenge yourself with interactive hidden object scenes • Assemble collections, gather morphing objects, and gain achievements Immerse yourself in an amazing adventure in a fantasy world Meet the peoples of the Lost Lands Solve dozens of puzzles Stop the demon troublemakers Save the world from a danger threatening to annihilate every living thing","['English', 'French', 'German', 'Russian', 'Dutch', 'Japanese', 'Ukrainian', 'Italian', 'Spanish - Spain', 'Portuguese - Brazil', 'Korean', 'Simplified Chinese', 'Polish', 'Czech']","['English', 'Czech']","“First things first, Lost Lands: The Golden Curse has some of the best visuals we have seen in a HOPA. The artwork is very detailed and the colors are splendid. Not to mention that the quality of the graphics is top-notch, all of the scenes are sharp and clear down to the smallest pixels! Moreover, the cutscenes and the animations are amazingly done - the cutscenes look absolutely epic with all of the spectacular visual effects and the character's animations have never been more realistic. As for the audio, the soundtracks are unobtrusive and the voice-overs are excellent - so kudos to the audio team as well!” 4.5/5 – All About Casual Game",https://shared.akamai.steamstatic.com/store_item_assets/steam/apps/433000/header.jpg?t=1678439047,http://fivebngames.com/game/51-lost-lands-the-golden-curse-collectors-edition,contact@five-bn.com,True,True,False,0,Unknown,0,454,30,Unknown,22,473,Unknown,544,0,544,0,FIVE-BN GAMES,FIVE-BN GAMES,"Single-player,Steam Achievements,Steam Cloud,Family Sharing","Adventure,Casual","Adventure,Casual,Hidden Object,Puzzle,Point & Click,Female Protagonist","https://shared.akamai.steamstatic.com/store_item_assets/steam/apps/433000/ss_6963777cb8eeae03e9aa937117549790afee55b0.1920x1080.jpg?t=1678439047,https://shared.akamai.steamstatic.com/store_item_assets/steam/apps/433000/ss_2358cfe158843341fbeed51c6a87f615a4e6faf3.1920x1080.jpg?t=1678439047,https://shared.akamai.steamstatic.com/store_item_assets/steam/apps/433000/ss_a949de514c936c0e75057a490d5475353d95aeae.1920x1080.jpg?t=1678439047,https://shared.akamai.steamstatic.com/store_item_assets/steam/apps/433000/ss_18c2c8600348e225cb9896e2b7707d1294f5dab7.1920x1080.jpg?t=1678439047,https://shared.akamai.steamstatic.com/store_item_assets/steam/apps/433000/ss_56376bea8dd2b8f6c02b75dbc4d21fb14d1cb55d.1920x1080.jpg?t=1678439047,https://shared.akamai.steamstatic.com/store_item_assets/steam/apps/433000/ss_f6485b9552c9cc87fe513df5020c54f9360916f1.1920x1080.jpg?t=1678439047,https://shared.akamai.steamstatic.com/store_item_assets/steam/apps/433000/ss_b2bf915df420eda2c6487673e49e2d9527f48e3f.1920x1080.jpg?t=1678439047,https://shared.akamai.steamstatic.com/store_item_assets/steam/apps/433000/ss_944e7101500605494961d0a80d94c023322b1514.1920x1080.jpg?t=1678439047,https://shared.akamai.steamstatic.com/store_item_assets/steam/apps/433000/ss_0a09bfa17e9b630c1989a27bda55686fc0b39837.1920x1080.jpg?t=1678439047,https://shared.akamai.steamstatic.com/store_item_assets/steam/apps/433000/ss_b93dfdc4b40369b64029c612d6d0ee687774887c.1920x1080.jpg?t=1678439047,https://shared.akamai.steamstatic.com/store_item_assets/steam/apps/433000/ss_6f98b358eff47d089ce63aeeb14051a98ad5f9f3.1920x1080.jpg?t=1678439047,https://shared.akamai.steamstatic.com/store_item_assets/steam/apps/433000/ss_b2834ec9217a388e7d061750cdebcef7607d3fd5.1920x1080.jpg?t=1678439047,https://shared.akamai.steamstatic.com/store_item_assets/steam/apps/433000/ss_e64fbf920d63b1fe98462c4b95ee929b719b71e1.1920x1080.jpg?t=1678439047,https://shared.akamai.steamstatic.com/store_item_assets/steam/apps/433000/ss_f6a9d3f453cf8513958bcf1cb840de62aa338f90.1920x1080.jpg?t=1678439047",Steam,Paid
2742010,Off-Road: Redneck Racing,"Feb 12, 2024",20000 - 50000,0,0,7.99,0,1,"Yeehah! Stop yer grinnin' and drop yer linen, cause the slam bangin'est, mud-flappin'est off-road driving game ever created is comin' to Steam! Motor trucks 'n Buggies over the most brutal Southland terrain ever seen in a racing game. Whether you're just a good ol'boy out for a Sunday drive or want to compete head-to-head against those other Rednecks in Championship mode, you've never seen anything that compares to Off-Road Redneck Racing! Features Rip it up on six different terrains from the Everlastin' Everglades the Crushin' Colorado Highlands. 16 different vehicle types including jeeps, pick-up trucks, Off-road-beetles and Dune Buggies. Amazin' Appalachee soundtrack! Upgrade your vehicles for better acceleration &amp; handling. Neither rain nor snow nor the Sheriff himself can stop these mud-machines! Drive through dozens of different weather and day and night environments! LAN Network play allows you to race against 4-6 other players in frantic multi-player action!","['English', 'French', 'Italian', 'German', 'Spanish - Spain']","['English', 'Spanish - Spain']",Unknown,https://shared.akamai.steamstatic.com/store_item_assets/steam/apps/2742010/header.jpg?t=1730713032,Unknown,feedback@zoom-platform.com,True,False,False,65,https://www.metacritic.com/game/pc/off-road-redneck-racing?ftag=MCD-06-10aaa1f,0,11,6,Unknown,0,0,Unknown,0,0,0,0,"Rage Software,Jordan Freeman Group","Funbox Media Ltd,ZOOM Platform Media","Single-player,Multi-player,PvP,LAN PvP,Steam Cloud,Family Sharing","Action,Racing","Racing,Cartoon,Arcade,Driving,First-Person,3D,Funny,PvP,PvE,Controller,Vehicular Combat,Third Person,Split Screen,Capitalism,Military,Offroad,Comedy,Physics,Destruction,Anime","https://shared.akamai.steamstatic.com/store_item_assets/steam/apps/2742010/ss_5c17c22e6ff8ec50fbc2fcc1ef3d39987423129f.1920x1080.jpg?t=1730713032,https://shared.akamai.steamstatic.com/store_item_assets/steam/apps/2742010/ss_8514d11ce40e8afc91a9a1019ace0840d076b288.1920x1080.jpg?t=1730713032,https://shared.akamai.steamstatic.com/store_item_assets/steam/apps/2742010/ss_5325e150807501e42031a1f8a378dde799296571.1920x1080.jpg?t=1730713032,https://shared.akamai.steamstatic.com/store_item_assets/steam/apps/2742010/ss_2dda692ce187ac3f920cdaeae384bb7e31170b41.1920x1080.jpg?t=1730713032,https://shared.akamai.steamstatic.com/store_item_assets/steam/apps/2742010/ss_96bb76b3b9c3e1ab6eba6af2feffa4f559ac4f74.1920x1080.jpg?t=1730713032,https://shared.akamai.steamstatic.com/store_item_assets/steam/apps/2742010/ss_21b86b38d58a252a7be64b5de0b9a91179e3cdaa.1920x1080.jpg?t=1730713032,https://shared.akamai.steamstatic.com/store_item_assets/steam/apps/2742010/ss_eed7ee1206515bb78938d76ca6632b0345753052.1920x1080.jpg?t=1730713032,https://shared.akamai.steamstatic.com/store_item_assets/steam/apps/2742010/ss_dd873bfb452d12eb2be02acd0bcbc4fd3af211ec.1920x1080.jpg?t=1730713032,https://shared.akamai.steamstatic.com/store_item_assets/steam/apps/2742010/ss_bc00447b8977a14992bf8872b25bd20130878464.1920x1080.jpg?t=1730713032,https://shared.akamai.steamstatic.com/store_item_assets/steam/apps/2742010/ss_bbf4b135e95cf886a309353f233e86c21c7ddab1.1920x1080.jpg?t=1730713032,https://shared.akamai.steamstatic.com/store_item_assets/steam/apps/2742010/ss_482ffc0d22a9e97889b44f675ea76b4e3e066eea.1920x1080.jpg?t=1730713032,https://shared.akamai.steamstatic.com/store_item_assets/steam/apps/2742010/ss_c92c52d9521e30a781efe0acc250910914fa7da0.1920x1080.jpg?t=1730713032,https://shared.akamai.steamstatic.com/store_item_assets/steam/apps/2742010/ss_15c2cba202359a2b53ea78348d4e38acf9d77474.1920x1080.jpg?t=1730713032,https://shared.akamai.steamstatic.com/store_item_assets/steam/apps/2742010/ss_77ac71160443358f6d85eb4938d2a68216a9c34d.1920x1080.jpg?t=1730713032,https://shared.akamai.steamstatic.com/store_item_assets/steam/apps/2742010/ss_14e5ea300ef24ab6ecc0c1f9382fc7f0884f11ff.1920x1080.jpg?t=1730713032,https://shared.akamai.steamstatic.com/store_item_assets/steam/apps/2742010/ss_f0ad381e738f488b74b96dc78b48ed3cfd2b797c.1920x1080.jpg?t=1730713032,https://shared.akamai.steamstatic.com/store_item_assets/steam/apps/2742010/ss_7c849f6609ccd953a3a63baf85e48776b42b57b8.1920x1080.jpg?t=1730713032,https://shared.akamai.steamstatic.com/store_item_assets/steam/apps/2742010/ss_c8b67c99f0d5ee87343e8b6bf7f6dd6bc8280314.1920x1080.jpg?t=1730713032,https://shared.akamai.steamstatic.com/store_item_assets/steam/apps/2742010/ss_d25072b93939a5cf31cabfd50a973a4039922516.1920x1080.jpg?t=1730713032",Steam,Paid
2847000,Room -Random Dungeon-,"Mar 21, 2024",0 - 20000,0,0,0.99,0,0,"When I woke up, I was in a small room. Escape through the endless rooms. Explore the room using light while running away from threats. Solve the mystery and escape from the room 【concept】 ・A haunted house that you can play over and over again ・A story that progresses each time you escape from 6 rooms ・Each time you play, you will experience a different room and may arrive at a different ending. 【flashlight】 The room is pitch black and you can only see your surroundings. A flashlight allows you to explore a room more efficiently. Unravel the mysteries of the room by relying on the light. Using a flashlight will increase your visibility and may make it easier to recognize and deal with 'threats.' 'Threat' is not good at light. You may be able to counter it by shining a light on it. If you continue to use a flashlight, the battery will drain. When you turn it off, the battery will continue to charge. Just turning the flashlight on will drain the battery, so be careful when switching it on and off quickly. ※This game is a horror action game inspired by Backrooms, The Witch's House, The Exit 8, etc. 【guide】 Move：arrow key Flashlight : keyboard[A] or pad[X] Fix the angle : keyboard[S] or pad[A]","['English', 'Japanese']",[],Unknown,https://shared.akamai.steamstatic.com/store_item_assets/steam/apps/2847000/header.jpg?t=1711076570,Unknown,Unknown,True,False,False,0,Unknown,0,0,0,Unknown,11,0,Unknown,0,0,0,0,SawaiwaGame,SawaiwaGame,"Single-player,Full controller support,Family Sharing","Action,Casual,Indie",Unknown,"https://shared.akamai.steamstatic.com/store_item_assets/steam/apps/2847000/ss_5b18cfa9418ff03ddc8909c0930a61f1d270ada2.1920x1080.jpg?t=1711076570,https://shared.akamai.steamstatic.com/store_item_assets/steam/apps/2847000/ss_c918119a5868467c5ee7a7334ada1ac0e8d4ede8.1920x1080.jpg?t=1711076570,https://shared.akamai.steamstatic.com/store_item_assets/steam/apps/2847000/ss_3d7f44b537e2bc0775577d86c144889ab6c6b333.1920x1080.jpg?t=1711076570,https://shared.akamai.steamstatic.com/store_item_assets/steam/apps/2847000/ss_d90064c40b969bfbfc854636204af2b1dc98797e.1920x1080.jpg?t=1711076570,https://shared.akamai.steamstatic.com/store_item_assets/steam/apps/2847000/ss_691b3105a164699c54eace925bc633341e999948.1920x1080.jpg?t=1711076570",Steam,Paid
3584020,Texas HoldEm POKER,"Apr 4, 2025",0 - 20000,0,0,0.99,0,0,"Are you ready to play the world's most popular poker game? Texas Hold 'em will take you into an exciting world of strategy, mental games and endless possibilities! Ready to experience the world-famous poker game? Texas Hold'em will take you into an exciting world of strategy, psychological battles, and endless possibilities! Here’s a quick guide to Texas Hold'em: 1. Game Objective Use your two hole cards and the five community cards to create the best possible five-card hand and win the pot (the total chips bet by players). 2. Game Flow Deal Hole Cards : Each player receives two private cards (visible only to them). Betting Rounds : Pre-flop : First round of betting after receiving hole cards. Flop : Three community cards are revealed, followed by a second betting round. Turn : A fourth community card is revealed, followed by a third betting round. River : The fifth and final community card is revealed, followed by the last betting round. Showdown : If multiple players remain, they reveal their hands. The strongest five-card hand wins the pot. 3. Hand Rankings From strongest to weakest: Royal Flush (A-K-Q-J-10 of the same suit) Straight Flush (Five consecutive cards of the same suit) Four of a Kind (Four cards of the same rank) Full House (Three of a kind + a pair) Flush (Five cards of the same suit, not in sequence) Straight (Five consecutive cards, mixed suits) Three of a Kind Two Pair One Pair High Card (No matching cards; highest card wins). 4. Key Terms Hole Cards : Your two private cards. Community Cards : Five shared cards on the table. Pot : Total chips bet by players. Blinds : Forced bets by the two players to the left of the dealer (Small Blind and Big Blind). Call : Match the current bet. Raise : Increase the bet amount. Fold : Surrender your hand and exit the round. Check : Pass the action to the next player without betting (only possible if no bet has been made). 5. Example Your hole cards: A♠ K♠ . Flop reveals Q♠ J♠ 10♠ – you have a Straight Flush (A-K-Q-J-10 of spades). Turn and River cards: 2♦ 3♥ . Opponent shows Q♥ Q♦ (Three of a Kind). Your Straight Flush wins the pot! Grab your chips, sharpen your strategy, and dive into the thrilling world of Texas Hold'em! 🃏✨","['Simplified Chinese', 'English']",[],Unknown,https://shared.akamai.steamstatic.com/store_item_assets/steam/apps/3584020/8654f79c0e14334493e303445c34f21425acbfdd/header.jpg?t=1743755558,Unknown,13713659927@163.com,True,False,False,0,Unknown,0,2,3,Unknown,0,0,Unknown,0,0,0,0,云栖工作室,云栖工作室,"Single-player,Family Sharing","Casual,Strategy","Strategy,Casual,Card Game,Solitaire,Singleplayer","https://shared.akamai.steamstatic.com/store_item_assets/steam/apps/3584020/9dc6d00074e68e5340b7a6eb13db7e95cbb7478d/ss_9dc6d00074e68e5340b7a6eb13db7e95cbb7478d.1920x1080.jpg?t=1743755558,https://shared.akamai.steamstatic.com/store_item_assets/steam/apps/3584020/bbe5f86d445a081fb2d300cd72790056a7670c32/ss_bbe5f86d445a081fb2d300cd72790056a7670c32.1920x1080.jpg?t=1743755558,https://shared.akamai.steamstatic.com/store_item_assets/steam/apps/3584020/05c4ebc8aeec58d0bb4d6f7395ab89884ac9a580/ss_05c4ebc8aeec58d0bb4d6f7395ab89884ac9a580.1920x1080.jpg?t=1743755558,https://shared.akamai.steamstatic.com/store_item_assets/steam/apps/3584020/2d3bb515a75a6556d9b8199a7487aba6fc4d91b8/ss_2d3bb515a75a6556d9b8199a7487aba6fc4d91b8.1920x1080.jpg?t=1743755558,https://shared.akamai.steamstatic.com/store_item_assets/steam/apps/3584020/3c5ce56b395a64edaf27a76a8ece59784fe5b702/ss_3c5ce56b395a64edaf27a76a8ece59784fe5b702.1920x1080.jpg?t=1743755558",Steam,Paid
1221330,Pointblank,"Feb 27, 2020",50000 - 100000,1,0,3.59,0,0,"Inspired by classic arcade shooters and action games, Pointblank   drops you into a brutal minimalist arena where every enemy has to be taken down with just a single bullet. Pick it back up, you're going to need it. Facing waves of increasingly relentless foes, use powerful augments (and precise aim) to rack up your score and survive just a little longer. Adapt on the fly, achieve insane high-scores, and compete on the global leaderboards, with each encounter pushing your reflexes and accuracy to the limit. Gameplay Features You have a single bullet: make sure every shot counts. Experiment with 20+ unique augments that help you in your runs. Survive endless waves of enemies in high-intensity, brutally difficult combat. Grind for shards to unlock augment pools by killing enemies. Climb the global leaderboards and compete for the highest score worldwide. Minimalist aesthetic with flat colors and clean visuals. Precision-based gameplay that rewards quick reflexes and on-the-fly decisions.",['English'],['English'],Unknown,https://shared.akamai.steamstatic.com/store_item_assets/steam/apps/1221330/46f733bd67ea7f3cdb35361df755582019f71a3a/header.jpg?t=1750812233,Unknown,minidevsofficial@gmail.com,True,True,False,0,Unknown,0,6,0,Unknown,7,0,Unknown,0,0,0,0,Ibrahim Hisham,Minidevs,"Single-player,Steam Achievements,Steam Cloud,Stats,Steam Leaderboards,Family Sharing","Action,Indie","Difficult,Shooter,Arcade,2D,Action,Indie,Fast-Paced,Top-Down Shooter","https://shared.akamai.steamstatic.com/store_item_assets/steam/apps/1221330/9f793cf1bda8b2ff7fac6fa65330011cc554c68b/ss_9f793cf1bda8b2ff7fac6fa65330011cc554c68b.1920x1080.jpg?t=1750812233,https://shared.akamai.steamstatic.com/store_item_assets/steam/apps/1221330/8aa0c4514c26386a6d12130927028fe22cddddc4/ss_8aa0c4514c26386a6d12130927028fe22cddddc4.1920x1080.jpg?t=1750812233,https://shared.akamai.steamstatic.com/store_item_assets/steam/apps/1221330/d8131600dbc39e1969e9e92660bc2e9316397405/ss_d8131600dbc39e1969e9e92660bc2e9316397405.1920x1080.jpg?t=1750812233,https://shared.akamai.steamstatic.com/store_item_assets/steam/apps/1221330/54b9cc9fcb24fa738456b5925ba7c9ee35f2f5c4/ss_54b9cc9fcb24fa738456b5925ba7c9ee35f2f5c4.1920x1080.jpg?t=1750812233,https://shared.akamai.steamstatic.com/store_item_assets/steam/apps/1221330/fa145f6f1509bd587ccc41b6cd277e6f154fc7dc/ss_fa145f6f1509bd587ccc41b6cd277e6f154fc7dc.1920x1080.jpg?t=1750812233",Steam,Paid
2517090,Challenge from the Black Cat,"Aug 10, 2023",0 - 20000,0,0,1.4,0,0,"A block breaking game with a cat motif . The game is a simple, old-fashioned block breaking game with very simple controls, and can be played by people of all ages, from small children to adults! The player must hit the bells that appear on the field by using cat punches and special moves to hit them back! The speed of the bells increases as they bounce off the screen, making the game more difficult! There are 10 stages with increased volume, and the difficulty level increases as the stages progress, so it may be a little difficult until you get used to it! Don't give up and try again and again to clear all 10 stages! Difficulty level can be selected so that beginners can play . Easy Mode for those who are not familiar with the game. A total of 5 stages that allow you to start over from that stage even if the game is over. 　 Normal mode for those who have become accustomed to the game. If the game is over, you have to start over from stage 1, so use items and Nyan Power to clear the stage! There are 10 stages in total, and the ending is prepared when you clear the stage! If you clear the normal mode with a high score, something good may happen... In each stage, there are obstacle blocks that interfere with the player's attacks. These obstacle blocks (special blocks) can be destroyed by shouting attacks! Destroying them adds to your score, so aim for a high score! New elements implemented by update! The in-game language is now available in 13 languages! All stages have been redesigned . All five previous stages have been redesigned, so that even those who have played the previous stages can still enjoy the game! Addition of more stages . The number of stages has been increased from 5 to 10! Addition of Achievements . The number of achievements has been added along with the increase in the number of stages! New Actions Shout Players can destroy obstructing blocks and hit back bells with a shout attack! Spells Players can build up their Nyan Power Gauge by performing spells New Nyan Power . Nyan Block For a certain amount of time, a barrier appears at the bottom of the screen, making the player invincible. Mirage Nyan: For a limited time, the player's alter ego will appear and move in the same manner as the player. Nyan Blaster A huge screaming attack is generated in front of the player. It penetrates enemies and inflicts damage. Can also penetrate and destroy special blocks Nyan power that can be selected for each stage . You can select a Nyan Power for each stage you clear! Choose which Nyan Power you like best for which stage! Three types of items . When you damage or defeat an enemy in each stage, an item will appear with a certain probability. The following items will appear at random Tule For a certain period of time, the color of the bell turns red and it can penetrate through enemies to inflict damage Fish The speed of the bell is greatly reduced Cat Can For a certain amount of time, the size of the bell increases by 3 times Key Configuration . It is now possible to change to buttons that are easier for you to operate. Addition of ui after clearing a stage . The image of the cat after clearing a stage has been greatly added to 10 patterns! Tutorial mode . A tutorial mode is included so that first-time players can play the game with ease! Use this mode to familiarize yourself with the gameplay and controls! Simple but air hockey-like action ! Use the left cat punch attack, the right cat punch attack, and the screaming attack special moves to hit the bells that appear on the field at the right moment, and hit the enemy cats on the stage! The game gets more difficult as the stage progresses, so try again and again to clear the stage! Players have one life remaining, and each time they clear a stage, their remaining life is increased by one. However, if the remaining life reaches 0, the game is over and the player must start over from stage 1. I hope players will get the hang of the game and try again and again to clear all 10 stages without giving up in order to unlock achievements! Sensitivity adjustment in option mode . If you find it hard to control the game, you can adjust the speed of the player by changing the sensitivity adjustment in the options! Adjust the speed to your liking! About video distribution and monetization . Monetization through video distribution on YouTube and other media using this game is permitted. We would appreciate it if you could include a link to the Steam store page in the video summary section of the distribution! Story . A lonely cat left out of the pack by a territorial dispute. While he was spending his days in solitude, a black boss cat appeared in front of him. The boss cat challenged him to a challenge. Can the lonely cat overcome the challenge?","['English', 'Japanese', 'French', 'Italian', 'German', 'Spanish - Spain', 'Turkish', 'Portuguese - Brazil', 'Polish', 'Russian', 'Simplified Chinese', 'Traditional Chinese', 'Korean']","['Japanese', 'Korean']",Unknown,https://shared.akamai.steamstatic.com/store_item_assets/steam/apps/2517090/header.jpg?t=1698964136,Unknown,ootuka0526@yahoo.co.jp,True,False,False,0,Unknown,0,2,0,Unknown,12,0,Unknown,0,0,0,0,ZENO,ZENO,"Single-player,Partial Controller Support,Family Sharing",Action,"Action,Shooter,Puzzle,Puzzle-Platformer,Cute,Retro,Family Friendly,Cats,Controller,Singleplayer","https://shared.akamai.steamstatic.com/store_item_assets/steam/apps/2517090/ss_634cd2f36372564a8d7824f7efd180e7235a8d20.1920x1080.jpg?t=1698964136,https://shared.akamai.steamstatic.com/store_item_assets/steam/apps/2517090/ss_12a7846c5ea6ce35d08d63ee0fcd80285d89db94.1920x1080.jpg?t=1698964136,https://shared.akamai.steamstatic.com/store_item_assets/steam/apps/2517090/ss_3afdce88cad8887df11605e1ad35cdcc11051314.1920x1080.jpg?t=1698964136,https://shared.akamai.steamstatic.com/store_item_assets/steam/apps/2517090/ss_c25ed0a3d56e353aa33da852a77b809b42bd300d.1920x1080.jpg?t=1698964136,https://shared.akamai.steamstatic.com/store_item_assets/steam/apps/2517090/ss_58ce67ef08beb7d4e06a7d91df50378fbcb8fbf8.1920x1080.jpg?t=1698964136,https://shared.akamai.steamstatic.com/store_item_assets/steam/apps/2517090/ss_85f26f976bf812793dee68271e282ddbdca050c9.1920x1080.jpg?t=1698964136,https://shared.akamai.steamstatic.com/store_item_assets/steam/apps/2517090/ss_a740f9fcf3ce0d104cb4905c30b4b5db69e09f53.1920x1080.jpg?t=1698964136,https://shared.akamai.steamstatic.com/store_item_assets/steam/apps/2517090/ss_1c998fcc33cc886f2a761821a2a890d24e98e9ad.1920x1080.jpg?t=1698964136,https://shared.akamai.steamstatic.com/store_item_assets/steam/apps/2517090/ss_383165847d5bf8b2d224d7be5ec496a51faff632.1920x1080.jpg?t=1698964136,https://shared.akamai.steamstatic.com/store_item_assets/steam/apps/2517090/ss_6b39bb7a2ef9a45d68e96229dd17b83a1f3f7eed.1920x1080.jpg?t=1698964136,https://shared.akamai.steamstatic.com/store_item_assets/steam/apps/2517090/ss_0b37ffd6c198b14f2de09bdd8b7f19164fbdfde2.1920x1080.jpg?t=1698964136,https://shared.akamai.steamstatic.com/store_item_assets/steam/apps/2517090/ss_09c7cc16af3929e556fd2130a5309b1b783f0b2c.1920x1080.jpg?t=1698964136,https://shared.akamai.steamstatic.com/store_item_assets/steam/apps/2517090/ss_99a7ed4d256691a68e2ff7d36cc2f3218e0786d6.1920x1080.jpg?t=1698964136,https://shared.akamai.steamstatic.com/store_item_assets/steam/apps/2517090/ss_0c127144926e990672d17a96bbc930bfcba8d130.1920x1080.jpg?t=1698964136,https://shared.akamai.steamstatic.com/store_item_assets/steam/apps/2517090/ss_ff9609caa06247e418dfcc788cbe042e816c858f.1920x1080.jpg?t=1698964136,https://shared.akamai.steamstatic.com/store_item_assets/steam/apps/2517090/ss_d604aa77579620c3477b184de5f65145406ba980.1920x1080.jpg?t=1698964136,https://shared.akamai.steamstatic.com/store_item_assets/steam/apps/2517090/ss_a3dad4d1f7c196cb377081c1c01c4b7ad6b311e4.1920x1080.jpg?t=1698964136,https://shared.akamai.steamstatic.com/store_item_assets/steam/apps/2517090/ss_aef8228b274592b03e62d0c135e02aec3fbf7ac8.1920x1080.jpg?t=1698964136,https://shared.akamai.steamstatic.com/store_item_assets/steam/apps/2517090/ss_cc18dd0a7dbad2fa46f4a74d2b8b065e07ba7452.1920x1080.jpg?t=1698964136",Steam,Paid
3190610,Door4:Ultimatum,"Mar 27, 2025",0 - 20000,0,0,7.19,40,0,"Dive into the captivating world of puzzles with the new part of the Door game series. Your task is to find the correct door among many options to advance to the next level. But be careful: only by understanding the patterns and solving puzzles based on logic, creative thinking, and clues hidden in the surrounding world you can unlock the coveted passage. If you fail, you will be pushed back, and the solution will change. Beautiful Open World Explore a beautifully stylized open world filled with colorful and diverse locations. Each place hides its own mysteries and puzzles waiting to be unraveled. Pay attention to the details—they may lead you to additional plot twists and hidden information. Simulation? Or Something Else? You will find yourself in a mysterious place, and only by starting to solve puzzles and exploring the surrounding world can you piece together the story of where you are and how you got there. Discover numerous secrets, explore every corner, and immerse yourself in an engaging plot that will unfold before you as you progress. Get ready for an exciting journey full of puzzles and unexpected discoveries! Game Features: Solve puzzles that contain the main mechanic: choosing the correct door. Use clues in the environment and logic to find the answer. Collect puzzle pieces to gain access to new areas in the open world. Solve additional puzzles with hidden mechanics to uncover plot mysteries and access secret locations within the game world. Puzzle answers are randomly generated each time you start, but you can save your progress through checkpoints and collected or activated items.",['English'],['English'],Unknown,https://shared.akamai.steamstatic.com/store_item_assets/steam/apps/3190610/header.jpg?t=1743097743,Unknown,chibisi84@gmail.com,True,False,False,0,Unknown,0,10,3,Unknown,9,0,Unknown,0,0,0,0,SVGames,SVGames,"Single-player,Steam Achievements,Family Sharing","Adventure,Indie","Puzzle,Indie,Exploration,Adventure,First-Person,Open World,Singleplayer,Colorful,3D,Minimalist,Stylized,Atmospheric,Relaxing,Mystery,Story Rich,Nonlinear","https://shared.akamai.steamstatic.com/store_item_assets/steam/apps/3190610/a699c671a9265c81bbc5a8bf0324c2431cf280fd/ss_a699c671a9265c81bbc5a8bf0324c2431cf280fd.1920x1080.jpg?t=1743097743,https://shared.akamai.steamstatic.com/store_item_assets/steam/apps/3190610/aa84ae3dfb38035683cd61dc21986e82ae878d1f/ss_aa84ae3dfb38035683cd61dc21986e82ae878d1f.1920x1080.jpg?t=1743097743,https://shared.akamai.steamstatic.com/store_item_assets/steam/apps/3190610/cf8f6b234af8d277890ddfb10b9d36dd7cd5c6a7/ss_cf8f6b234af8d277890ddfb10b9d36dd7cd5c6a7.1920x1080.jpg?t=1743097743,https://shared.akamai.steamstatic.com/store_item_assets/steam/apps/3190610/9e9b770ec2d3eb84793634e51e45ce7ba5c03b99/ss_9e9b770ec2d3eb84793634e51e45ce7ba5c03b99.1920x1080.jpg?t=1743097743,https://shared.akamai.steamstatic.com/store_item_assets/steam/apps/3190610/2abf5a460519c097ce50c33d9c6c1ea037e9c141/ss_2abf5a460519c097ce50c33d9c6c1ea037e9c141.1920x1080.jpg?t=1743097743,https://shared.akamai.steamstatic.com/store_item_assets/steam/apps/3190610/3f8368446c2bd20434ca12e337b8c99ffea29396/ss_3f8368446c2bd20434ca12e337b8c99ffea29396.1920x1080.jpg?t=1743097743,https://shared.akamai.steamstatic.com/store_item_assets/steam/apps/3190610/bacebf078d0626c3cd1e7dff6ce8008fbf08fcca/ss_bacebf078d0626c3cd1e7dff6ce8008fbf08fcca.1920x1080.jpg?t=1743097743",Steam,Paid
1551990,Home Creator,"Jul 9, 2021",20000 - 50000,0,0,0.99,0,0,"Home Creator provides you with a set of tools to create your dream home! Choose the size of the room, change the walls and flooring, arrange sofas, cabinets, tables, cabinets, chandeliers, sinks and much more! Fill your house with furniture and appliances, cut through windows and doors. Home Creator will make you feel like a real interior designer! Main Features Many different items to create your interior. Intuitive interface, convenient item management system. Minimalistic visual style and pleasant background music.",['English'],[],Unknown,https://shared.akamai.steamstatic.com/store_item_assets/steam/apps/1551990/header.jpg?t=1703015878,Unknown,flex.entertainment@mail.ru,True,False,False,0,Unknown,0,2,11,Unknown,0,0,Unknown,0,0,0,0,Boom Team,Boom Team,"Single-player,Family Sharing","Action,Adventure,Casual,Indie,RPG,Simulation","Casual,Building,Adventure,Minimalist,Level Editor,Simulation,Action,Indie,Family Friendly,Resource Management,Arcade,LEGO,City Builder,Relaxing,Puzzle,Stylized,Management,Singleplayer,RPG,Immersive Sim","https://shared.akamai.steamstatic.com/store_item_assets/steam/apps/1551990/ss_826517bc2f8e69c5ca39c8777b79a11d02311589.1920x1080.jpg?t=1703015878,https://shared.akamai.steamstatic.com/store_item_assets/steam/apps/1551990/ss_1528aca7fb3b11f0f04ceb0d34d9c7db44a16f2e.1920x1080.jpg?t=1703015878,https://shared.akamai.steamstatic.com/store_item_assets/steam/apps/1551990/ss_8e7c4939dd94c21f2661e2b9bfc3c9ec6b4c5819.1920x1080.jpg?t=1703015878,https://shared.akamai.steamstatic.com/store_item_assets/steam/apps/1551990/ss_6e569063640291dc977a2cabb9dc2dfd73ee0430.1920x1080.jpg?t=1703015878,https://shared.akamai.steamstatic.com/store_item_assets/steam/apps/1551990/ss_86122e93ae4a1edff0aeca3008c669b835907c05.1920x1080.jpg?t=1703015878,https://shared.akamai.steamstatic.com/store_item_assets/steam/apps/1551990/ss_67ea41d1c42abc2aa6ae1599371b246dd6477ab0.1920x1080.jpg?t=1703015878,https://shared.akamai.steamstatic.com/store_item_assets/steam/apps/1551990/ss_2d4c37db1302e9d26e061676d49b8f9422173773.1920x1080.jpg?t=1703015878,https://shared.akamai.steamstatic.com/store_item_assets/steam/apps/1551990/ss_166525d7601be83048361dafa0ea11b650439012.1920x1080.jpg?t=1703015878,https://shared.akamai.steamstatic.com/store_item_assets/steam/apps/1551990/ss_9761f8a95a1a784a5c540b60a4df40ac51c6d3cb.1920x1080.jpg?t=1703015878,https://shared.akamai.steamstatic.com/store_item_assets/steam/apps/1551990/ss_bb2188804d903a5bbb6c1c0610c675f02819dca2.1920x1080.jpg?t=1703015878",Steam,Paid
3740060,Hapless,"May 29, 2025",0 - 20000,0,0,0.49,0,0,"This is a turret defense game. This is an exciting tower defense game where players are placed in an open green field with a winding path composed of white squares. Enemies will attack along this path. At the beginning of the game, players have a certain amount of funds and need to plan reasonably, making choices from defense towers with different prices and placing them in suitable grid positions. In the game, enemies come in a variety of shapes, including small and agile ground monsters, as well as aerial enemies with flying abilities. They surge in waves, attacking the player's defense system. Each defense tower has its own characteristics. Basic defense towers can carry out routine attacks, while advanced defense towers have stronger firepower, longer range, or special attack effects. As the game progresses, players obtain funds by eliminating enemies, which can be used to upgrade defense towers or deploy new towers to cope with increasingly powerful enemy attacks. The game tests players' strategic planning ability. How to build efficient defense layouts with limited funds and adjust tower defense combinations according to enemy types is the key to victory, full of fun and challenges in strategic gaming.",['Simplified Chinese'],[],Unknown,https://shared.akamai.steamstatic.com/store_item_assets/steam/apps/3740060/1a7418074c9102a4df434311b5fe6c9e8d36cb2e/header.jpg?t=1748518996,Unknown,K920J58dl@163.com,True,False,False,0,Unknown,0,0,0,Unknown,0,0,Unknown,0,0,0,0,Zhang Huiqin,Zhang Huiqin,"Single-player,Family Sharing","Adventure,Casual,RPG",Unknown,"https://shared.akamai.steamstatic.com/store_item_assets/steam/apps/3740060/edb622e2468a5cdb8f832e8213a15bebe951f873/ss_edb622e2468a5cdb8f832e8213a15bebe951f873.1920x1080.jpg?t=1748518996,https://shared.akamai.steamstatic.com/store_item_assets/steam/apps/3740060/afca58de77b5f6703b089b09d86640240587469c/ss_afca58de77b5f6703b089b09d86640240587469c.1920x1080.jpg?t=1748518996,https://shared.akamai.steamstatic.com/store_item_assets/steam/apps/3740060/7da4dd4424990bf504ab0c650c5fc04d12a5da04/ss_7da4dd4424990bf504ab0c650c5fc04d12a5da04.1920x1080.jpg?t=1748518996,https://shared.akamai.steamstatic.com/store_item_assets/steam/apps/3740060/325d36731008e2b2e7b07dbfadc3a4dad7b4c64c/ss_325d36731008e2b2e7b07dbfadc3a4dad7b4c64c.1920x1080.jpg?t=1748518996,https://shared.akamai.steamstatic.com/store_item_assets/steam/apps/3740060/d6520b1ed3b8fec4e5a093e6d37494dc6b9cd6c0/ss_d6520b1ed3b8fec4e5a093e6d37494dc6b9cd6c0.1920x1080.jpg?t=1748518996",Steam,Paid
4063660,Chronosurge: Echoes of the Void,"Oct 17, 2025",0 - 0,0,0,0.99,0,0,"THE UNIVERSE DIED. THE FIGHT HAS ONLY JUST BEGUN. Prepare to face the end of reality in Chronosurge: Echoes of the Void, an intense roguelite survival game where every decision shapes your destiny. The Void has consumed everything we knew, leaving behind only distorted and hungry echoes of the past. You are the last spark of life, trapped in an arena where reality itself unravels. Your only hope is to master the Chronosurge, a mystical force that transforms chaos into power. Survive the Echo of the End Face infinite hordes of anomalies with unique behaviors, from agile hunters to relentless behemoths. Each wave presents a new challenge, demanding adaptation and strategy to survive. Enemies grow stronger with every passing moment, testing your limits and reflexes in frantic, unforgiving combat. Forge Your Own Power Create devastating builds by combining dozens of insane upgrades. Transform yourself into a bullet storm, summon black holes to devour your enemies, or bend time to your advantage. Strategic depth lies in your ability to experiment with absurd synergies and find the perfect combination to overcome the challenges of the Void. Minimalist gameplay ensures that action is the focus, with intuitive controls that are easy to learn but brutally difficult to master. Game Features: •Intense Roguelite Survival: Face endless waves of enemies in dynamic and challenging combat. •Insane Builds: Combine dozens of upgrades to create unique and devastating synergies. •Adaptive Enemies: Anomalies that evolve and grow stronger with each wave, ensuring a constant challenge. •Minimalist Controls: Full focus on action and strategy, with WASD for movement and mouse to shoot. •Cosmic Leaderboards: Compete with other players to etch your name at the top of the rankings (feature to be implemented). Test your limits and see how far you can go in the Void. Each match is a new opportunity to surpass your previous records and reach the top of the leaderboards. Will your courage be as infinite as the Void?",['English'],[],Unknown,https://shared.akamai.steamstatic.com/store_item_assets/steam/apps/4063660/ea6f5a67aa8d7a19131701999c45035c89a06329/header.jpg?t=1760744268,Unknown,escdev2@gmail.com,True,False,False,0,Unknown,0,0,0,Unknown,23,0,Unknown,0,0,0,0,GoldenD,GoldenD,"Single-player,Family Sharing","Action,Casual,Indie",Unknown,"https://shared.akamai.steamstatic.com/store_item_assets/steam/apps/4063660/6808497a2e12c5f8904f903aa39447b685433a93/ss_6808497a2e12c5f8904f903aa39447b685433a93.1920x1080.jpg?t=1760744268,https://shared.akamai.steamstatic.com/store_item_assets/steam/apps/4063660/d5116c3c90aee8d23898d0d06b4d57fa825964d4/ss_d5116c3c90aee8d23898d0d06b4d57fa825964d4.1920x1080.jpg?t=1760744268,https://shared.akamai.steamstatic.com/store_item_assets/steam/apps/4063660/aa015081311d09b488a7360e8c57617d2c61574d/ss_aa015081311d09b488a7360e8c57617d2c61574d.1920x1080.jpg?t=1760744268,https://shared.akamai.steamstatic.com/store_item_assets/steam/apps/4063660/c4f81c473251449b9ec941e330abcc5cf97ca557/ss_c4f81c473251449b9ec941e330abcc5cf97ca557.1920x1080.jpg?t=1760744268,https://shared.akamai.steamstatic.com/store_item_assets/steam/apps/4063660/7245d07366dc10b3d85dc0400307f6e27f62e1f7/ss_7245d07366dc10b3d85dc0400307f6e27f62e1f7.1920x1080.jpg?t=1760744268,https://shared.akamai.steamstatic.com/store_item_assets/steam/apps/4063660/ddf137053fef49bd0d17176fd18145b5fb78d883/ss_ddf137053fef49bd0d17176fd18145b5fb78d883.1920x1080.jpg?t=1760744268",Steam,Paid
544790,Happy Empire - A Bouquet for the Princess,"Jan 14, 2018",0 - 20000,0,0,4.99,0,0,"We are proud to present our new game, into which we have put all our love for games and emotions – Happy Empire – A Bouquet for the Princess. In this game, three princes compete for the hand and heart of a beautiful Princess Leya. After having surmounted many obstacles, she regained her Happy Empire and now sits on its throne. But sadness and loneliness reign in her heart. To win her love, the princes will have to make a journey and find rare flowers to make a charming bouquet of flowers from around the world. They will face a lot of challenges and obstacles on their way. Will the princes have to help one another, or will they become enemies? Will they choose a dangerous way and collect the rarest flowers or take a short cut? What bouquet will the Princess get? It’s all up to you! More About the Game: Catchy colorful graphics Charismatic characters!!! Game as part of a big story with rich storyline 4 amazing worlds to visit 71 challenging achievements 81 unique levels This game will touch feeling of both boys and girls. Romance and challenges are intertwined in a single story of the Bouquet for the Princess game. Prove that Princess is worthy of a great and heartwarming feeling! Help princes in their challenging search and struggle for Princess Leya’s heart!",['English'],['English'],Unknown,https://shared.akamai.steamstatic.com/store_item_assets/steam/apps/544790/header.jpg?t=1607850400,http://aelgames.com/prod/happy-empire-a-bouquet-for-the-princess/,support@aelgames.com,True,False,False,0,Unknown,0,47,30,Unknown,62,0,Unknown,0,0,0,0,AEL Entertainment,AEL Entertainment,"Single-player,Steam Achievements,Steam Trading Cards,Stats,Steam Leaderboards,Family Sharing","Adventure,Casual,Indie,Simulation,Strategy","Casual,Indie,Strategy,Simulation,Adventure,2D,Singleplayer,Resource Management,Story Rich,Relaxing,Funny,Atmospheric,Medieval,Management","https://shared.akamai.steamstatic.com/store_item_assets/steam/apps/544790/ss_c02feab2210dce82df853a8318482dda73a8ffa3.1920x1080.jpg?t=1607850400,https://shared.akamai.steamstatic.com/store_item_assets/steam/apps/544790/ss_57b403db38f47fbf05aad9cc958281867c19e69e.1920x1080.jpg?t=1607850400,https://shared.akamai.steamstatic.com/store_item_assets/steam/apps/544790/ss_b41f9317426e88c2a8041c297ca23ad84955e876.1920x1080.jpg?t=1607850400,https://shared.akamai.steamstatic.com/store_item_assets/steam/apps/544790/ss_cad71807bd153414e3384eb40fa3e5d1a9050fd8.1920x1080.jpg?t=1607850400",Steam,Paid
731690,Jingo,"Apr 6, 2018",0 - 20000,0,0,9.99,0,0,"Our designers have created immersive experiences for you to really make the most of what virtual reality has to offer. Clear sound effects, lifelike depiction of wild nature, open space feel and genuinely funny characters with their comic expressions give Jingo the best virtual reality game features on the market. The world is at war and when war has been waged against us, we will either fight or live in defeat. All the players in the game portray characters from various nations. It is a game where different nations fight each other. Essentially, the game can somewhat be described as World War because this is what our ancestors have always rubbed elbows with - constantly fighting another nations. Game setting is in a nature. As today's society is not intact, and the struggle to fight is so far within ourselves, we have prepared properly cruel weapons for you to pour out your anger. The game will provide you with the best weapons in order to defeat your opponents. Game logic centers around your mission to disarm your enemies and survive. You can choose between different weapons to help you with overcoming your enemy. It is a deathmatch where the best one will triumph. MULTIPLAYER COMING SOON!",['English'],['English'],Unknown,https://shared.akamai.steamstatic.com/store_item_assets/steam/apps/731690/header.jpg?t=1524576565,http://u24solutions.com,info@u24solutions.com,True,False,False,0,Unknown,0,1,1,Unknown,0,0,Unknown,0,0,0,0,U24 Solutions,U24 Solutions,"Single-player,Tracked Controller Support,VR Only,Family Sharing","Action,Adventure,Strategy","Action,Strategy,Adventure,Turn-Based,VR","https://shared.akamai.steamstatic.com/store_item_assets/steam/apps/731690/ss_6e8d42644cb780fe4f522b9dbaab28de0bb6f84a.1920x1080.jpg?t=1524576565,https://shared.akamai.steamstatic.com/store_item_assets/steam/apps/731690/ss_494bf74a1ff26cad3260800be3d5efb8ec82f38c.1920x1080.jpg?t=1524576565,https://shared.akamai.steamstatic.com/store_item_assets/steam/apps/731690/ss_202fe0ed4d0a2ef9998746c9b509746a00201f6e.1920x1080.jpg?t=1524576565,https://shared.akamai.steamstatic.com/store_item_assets/steam/apps/731690/ss_558400f6520d878808ccfc5794181b3e248a3dda.1920x1080.jpg?t=1524576565,https://shared.akamai.steamstatic.com/store_item_assets/steam/apps/731690/ss_5964c18a8731a803dbbada2bcc06264acd7df792.1920x1080.jpg?t=1524576565,https://shared.akamai.steamstatic.com/store_item_assets/steam/apps/731690/ss_e0380c4bc734232df4c7971e3de4ff9ef82070d8.1920x1080.jpg?t=1524576565,https://shared.akamai.steamstatic.com/store_item_assets/steam/apps/731690/ss_f8f9b506977f3fa4a0f44e680a274e4986049d04.1920x1080.jpg?t=1524576565,https://shared.akamai.steamstatic.com/store_item_assets/steam/apps/731690/ss_c58f6aca67be89f74bb3ffd60af995e8f35d8b6e.1920x1080.jpg?t=1524576565,https://shared.akamai.steamstatic.com/store_item_assets/steam/apps/731690/ss_0f50f34e720e234450a395fb623dd21e6914bac6.1920x1080.jpg?t=1524576565,https://shared.akamai.steamstatic.com/store_item_assets/steam/apps/731690/ss_da588696054737d90d5c1da498f1f477fc9d402c.1920x1080.jpg?t=1524576565,https://shared.akamai.steamstatic.com/store_item_assets/steam/apps/731690/ss_4424a7ca6388e0a9691af7298700b2a89007bc52.1920x1080.jpg?t=1524576565,https://shared.akamai.steamstatic.com/store_item_assets/steam/apps/731690/ss_e854626e1a3d0c5e26e6041c7e427a56cf20f9cf.1920x1080.jpg?t=1524576565,https://shared.akamai.steamstatic.com/store_item_assets/steam/apps/731690/ss_974f98f7f4e6c6cb3a0081d3a579aac72a49a860.1920x1080.jpg?t=1524576565,https://shared.akamai.steamstatic.com/store_item_assets/steam/apps/731690/ss_4a145772bf1415fc083f25918ccb769b602dfbdf.1920x1080.jpg?t=1524576565,https://shared.akamai.steamstatic.com/store_item_assets/steam/apps/731690/ss_38634f033f148e129a7dd9f4cdb08526b589c70b.1920x1080.jpg?t=1524576565,https://shared.akamai.steamstatic.com/store_item_assets/steam/apps/731690/ss_126f0d308e205b95247779f25dbcd647090b513e.1920x1080.jpg?t=1524576565,https://shared.akamai.steamstatic.com/store_item_assets/steam/apps/731690/ss_8d8f5d8ef2074ef06103a787926b5738d7829be7.1920x1080.jpg?t=1524576565,https://shared.akamai.steamstatic.com/store_item_assets/steam/apps/731690/ss_69a13bd8b0f8b31ef484ccb50f5b193d46dd130f.1920x1080.jpg?t=1524576565,https://shared.akamai.steamstatic.com/store_item_assets/steam/apps/731690/ss_78a05a224daa31792d581daed5f132ad50578daf.1920x1080.jpg?t=1524576565",Steam,Paid
2280320,Amigo: Kebab Simulator,"Apr 3, 2023",0 - 20000,0,0,7.69,30,0,"Friend! Welcome to my local Doner Kebabs. I need your help to run my business while I'm away. You will have to take care of placing the orders, keeping the premises clean and properly serving the customers; because these bastards get involved in putting negative reviews and in the end the health workers close the business for me. Although illo, they say that if you only have positive reviews they give you a prize with a piece of money, but I have never seen one of those in my life. If you need it, you can improve the place by buying more furniture. Well, I'll leave you with the Shawarma, you're already telling me. We are aware that the game has bugs, all bugs or improvements will be patched","['Spanish - Spain', 'English', 'French', 'Italian', 'German', 'Korean', 'Japanese', 'Portuguese - Portugal', 'Russian', 'Simplified Chinese', 'Turkish', 'Spanish - Latin America', 'Portuguese - Brazil']","['Spanish - Spain', 'Portuguese - Brazil']",Unknown,https://shared.akamai.steamstatic.com/store_item_assets/steam/apps/2280320/header.jpg?t=1720864509,Unknown,pigeong.info@gmail.com,True,False,False,0,Unknown,0,114,52,Unknown,70,120,"It contains profanity-laced dialogue, excrement, drugs and sexual innuendo.",0,0,0,0,Pigeon-G,Pigeon-G,"Single-player,Multi-player,Steam Achievements,Partial Controller Support,Family Sharing",Simulation,"Simulation,Action-Adventure,Immersive Sim,3D,Realistic,Atmospheric,Cooking,Comedy,Funny,Management,Dark Humor,Memes,Story Rich,Multiple Endings,Choices Matter,Linear,Dynamic Narration,Narration,Online Co-Op,Singleplayer","https://shared.akamai.steamstatic.com/store_item_assets/steam/apps/2280320/ss_7b8a0d6e2153c3ef45c58c54c22b867119ef9f07.1920x1080.jpg?t=1720864509,https://shared.akamai.steamstatic.com/store_item_assets/steam/apps/2280320/ss_c3ad38c471a5b3a5d1a63cb826c21d6c90286a75.1920x1080.jpg?t=1720864509,https://shared.akamai.steamstatic.com/store_item_assets/steam/apps/2280320/ss_077c5cacb3460cf74f25c59025599c5c1c8d8406.1920x1080.jpg?t=1720864509,https://shared.akamai.steamstatic.com/store_item_assets/steam/apps/2280320/ss_767c11617035f1623ea197fecbde215bd67d14c0.1920x1080.jpg?t=1720864509,https://shared.akamai.steamstatic.com/store_item_assets/steam/apps/2280320/ss_fd90eb017c55a0f39c2760e6dee855f480fc7a1d.1920x1080.jpg?t=1720864509,https://shared.akamai.steamstatic.com/store_item_assets/steam/apps/2280320/ss_486979eb4b8197e12a5e5b76af79af9f237e8bc1.1920x1080.jpg?t=1720864509,https://shared.akamai.steamstatic.com/store_item_assets/steam/apps/2280320/ss_55a4bb4ee5e029e4d2ee3d8ea5397c21ea5b6f38.1920x1080.jpg?t=1720864509,https://shared.akamai.steamstatic.com/store_item_assets/steam/apps/2280320/ss_adab126f03194e7cbd9fbb40f856d83a88be96d1.1920x1080.jpg?t=1720864509,https://shared.akamai.steamstatic.com/store_item_assets/steam/apps/2280320/ss_90b1799af44c15e0abf1517d0745b5eb4c2abfd9.1920x1080.jpg?t=1720864509,https://shared.akamai.steamstatic.com/store_item_assets/steam/apps/2280320/ss_51016d01f694d6cf5d29999052cb0f5edb39f7d6.1920x1080.jpg?t=1720864509,https://shared.akamai.steamstatic.com/store_item_assets/steam/apps/2280320/ss_cd69369c2aead5e850a4bb79a928ad82de916f11.1920x1080.jpg?t=1720864509,https://shared.akamai.steamstatic.com/store_item_assets/steam/apps/2280320/ss_54c771a6a6201848037655eaa7015d2ea8e8372f.1920x1080.jpg?t=1720864509,https://shared.akamai.steamstatic.com/store_item_assets/steam/apps/2280320/ss_83e968bbf0a1cdcf06e5aec9b4236b35ea30cfbc.1920x1080.jpg?t=1720864509",Steam,Paid
1818080,Hidden Beast,"Apr 24, 2022",0 - 20000,0,0,1.99,0,0,"Hidden Beast is a strategy game, similar to chess and an old board game called Combat. The difference is that only the player's army moves. The enemy army is static until attacked. Another difference is that the enemy army is represented by totems that, when confronted, transform into monsters of different species. When this happens, the piece that is stronger wins the combat, removing the loser from the battle. For example, if a spearman encounters a toten that transforms into a troll, the spearman dies. The game's theme is medieval fantasy and the scenarios change, as well as the difficulty levels, according to the phases won by the player. There are also extra weapons that the player receives by beating the stages that help him through the more difficult levels. Well, these are the primary game information. Have a good time.","['English', 'Portuguese - Brazil']",[],Unknown,https://shared.akamai.steamstatic.com/store_item_assets/steam/apps/1818080/header.jpg?t=1650850546,https://www.4artes3d.com.br/hiddenbeast,4artes3d@gmail.com,True,False,False,0,Unknown,0,0,0,Unknown,0,0,Unknown,0,0,0,0,Ricardo Osvaldo de Souza,4artes3dGames,"Single-player,Family Sharing","Indie,Strategy",Unknown,"https://shared.akamai.steamstatic.com/store_item_assets/steam/apps/1818080/ss_be888bc0ff64b5353627ebb8979badf06da1d183.1920x1080.jpg?t=1650850546,https://shared.akamai.steamstatic.com/store_item_assets/steam/apps/1818080/ss_4b45a2a6ba1644a02dd5285a9a151ef317765f63.1920x1080.jpg?t=1650850546,https://shared.akamai.steamstatic.com/store_item_assets/steam/apps/1818080/ss_69e1f99b0a940a238e7934dad9f75cb03d29b864.1920x1080.jpg?t=1650850546,https://shared.akamai.steamstatic.com/store_item_assets/steam/apps/1818080/ss_18c30bb87fcb11f39041c0f386bd62fa0832b799.1920x1080.jpg?t=1650850546,https://shared.akamai.steamstatic.com/store_item_assets/steam/apps/1818080/ss_a8669c5d68704ec10370995aa4321207e1aba47c.1920x1080.jpg?t=1650850546,https://shared.akamai.steamstatic.com/store_item_assets/steam/apps/1818080/ss_4504bea81d6e1d0d735abc31bed15104b16e7c77.1920x1080.jpg?t=1650850546",Steam,Paid
3058300,Airsoft Range Playtest,"Jul 11, 2024",0 - 0,0,0,0.0,0,0,Unknown,[],[],Unknown,https://shared.akamai.steamstatic.com/store_item_assets/steam/apps/3058300/header.jpg?t=1744305294,Unknown,Unknown,True,False,False,0,Unknown,0,0,0,Unknown,0,0,Unknown,0,0,0,0,Unknown,Unknown,VR Only,Unknown,Unknown,Unknown,Steam,Free
700340,Galacatraz: Eject Equip Escape,"Feb 1, 2018",0 - 20000,0,0,0.99,0,0,"Years ago, Ricardo Luger was in the wrong place at the wrong time. Imprisoned for a crime he didn't commit and hardened by years at space labor camps, Luger was surprised to find himself accidentally freed by his captors. You must help him escape his space prison and return to a regular life. Galacatraz is a side scrolling, twin stick shooter, platformer set on a prison in outer space. You must utilize a variety of weapons and movement upgrades to defeat the guards and their Captain, as you seek a way off the ship. Features Four distinct stages, each with multiples levels. Multiple unique boss encounters. Use Double Jump to dominate enemies. Use Wall Jump to reach new locations. Use Rocket Jump to fly around uncontrollably. Challenge yourself by beating each level before the clock runs out! Message from the Devs Have you ever wondered what it would look like to try and make a game during three months of your summer break? Well, so did we. Gaze with wonder at this remarkable feat of compromise and learned lessons ! Is it the greatest game ever? Well, no, BUT its totally worth spending a buck or two to check out. Thanks for reading this! ~Jerry GAMEPAD REQUIRED!",['English'],['English'],Unknown,https://shared.akamai.steamstatic.com/store_item_assets/steam/apps/700340/header.jpg?t=1517945104,Unknown,support@summerbearstudio.com,True,False,False,0,Unknown,0,0,0,Unknown,0,0,Unknown,0,0,0,0,Summer Bear Studio,Summer Bear Studio,"Single-player,Full controller support,Family Sharing","Action,Indie",Unknown,"https://shared.akamai.steamstatic.com/store_item_assets/steam/apps/700340/ss_58ce5d8652d950afc62b546170f4eb9727d1dbfa.1920x1080.jpg?t=1517945104,https://shared.akamai.steamstatic.com/store_item_assets/steam/apps/700340/ss_c57c87319a9829ec10307a6fdce8dd503e90cbd5.1920x1080.jpg?t=1517945104,https://shared.akamai.steamstatic.com/store_item_assets/steam/apps/700340/ss_f4bcedabf82a0ff8ee261f9bfdf6bda9f72ed27d.1920x1080.jpg?t=1517945104,https://shared.akamai.steamstatic.com/store_item_assets/steam/apps/700340/ss_3ffd4676d55354a1ea21b95819db20b55809b9f4.1920x1080.jpg?t=1517945104,https://shared.akamai.steamstatic.com/store_item_assets/steam/apps/700340/ss_b6b56d27afbf0e62255eebb2b5c4c43f21783215.1920x1080.jpg?t=1517945104",Steam,Paid
375500,The Deep Paths: Labyrinth Of Andokost,"Oct 26, 2016",20000 - 50000,0,0,1.49,75,0,"The Deep Paths: Labyrinth Of Andokost is a first-person, dungeon crawling RPG, with traditional grid-based movement, and active turn-based combat. Players explore a vast labyrinth filled with dangerous creatures, and hidden treasures, to unravel an ancient mystery and deliver their city from harm’s way. Featuring rich, 3D environments with an old-school, retro feel, this huge adventure pays a modernised homage to classic 80’s and 90’s dungeon crawlers, such as “Dungeon Master” and “Lands Of Lore”. Rich, 3D environments with high-quality art. Tough, old-school combat, and traditional character levelling. Dozens of secrets to discover. A light-hearted adventure that doesn't take itself too seriously.",['English'],['English'],Unknown,https://shared.akamai.steamstatic.com/store_item_assets/steam/apps/375500/header.jpg?t=1485843822,http://www.stevejarman.com,Unknown,True,True,False,0,Unknown,0,74,52,Unknown,0,114,Unknown,37,0,37,0,Steve Jarman,Steve Jarman,"Single-player,Family Sharing",RPG,"RPG,Dungeon Crawler,Grid-Based Movement,First-Person,Fantasy,Party-Based RPG,Magic,Turn-Based,Turn-Based Combat,Singleplayer","https://shared.akamai.steamstatic.com/store_item_assets/steam/apps/375500/ss_ab5917d87162912ece54ac42d6b2a47a63ed6aa8.1920x1080.jpg?t=1485843822,https://shared.akamai.steamstatic.com/store_item_assets/steam/apps/375500/ss_8727a2697249b14ed0b93b9352642cade37313e1.1920x1080.jpg?t=1485843822,https://shared.akamai.steamstatic.com/store_item_assets/steam/apps/375500/ss_ad9f849943ea7841fb66454d090544560f04dabe.1920x1080.jpg?t=1485843822,https://shared.akamai.steamstatic.com/store_item_assets/steam/apps/375500/ss_283a759f6ba0d21af5a2ba8c93f087a86e1b7ac5.1920x1080.jpg?t=1485843822,https://shared.akamai.steamstatic.com/store_item_assets/steam/apps/375500/ss_516126e1c6234e9b804107698db35ffdee4d5ec4.1920x1080.jpg?t=1485843822,https://shared.akamai.steamstatic.com/store_item_assets/steam/apps/375500/ss_6b782f3530c9dd1f8281d2ff29b3f5d811cee236.1920x1080.jpg?t=1485843822,https://shared.akamai.steamstatic.com/store_item_assets/steam/apps/375500/ss_491a701b0496688e5462f7d531c1d20f1a2d88c1.1920x1080.jpg?t=1485843822,https://shared.akamai.steamstatic.com/store_item_assets/steam/apps/375500/ss_5c6625645b5c36aae2c850845bf696f27bea6fba.1920x1080.jpg?t=1485843822,https://shared.akamai.steamstatic.com/store_item_assets/steam/apps/375500/ss_70057610f26781bee39ad148644a22c10d166183.1920x1080.jpg?t=1485843822,https://shared.akamai.steamstatic.com/store_item_assets/steam/apps/375500/ss_5c6eb530c4d515a5b67d320b50c82dc53e2aff6e.1920x1080.jpg?t=1485843822,https://shared.akamai.steamstatic.com/store_item_assets/steam/apps/375500/ss_adcaf4e9369ae7bab1451ec3bed8733874a98a55.1920x1080.jpg?t=1485843822,https://shared.akamai.steamstatic.com/store_item_assets/steam/apps/375500/ss_06e3a9ba379d9cca50d493c30b722b549e000dba.1920x1080.jpg?t=1485843822,https://shared.akamai.steamstatic.com/store_item_assets/steam/apps/375500/ss_e9599a2fe8f9eef475afbf1e36f8eb03e5d5c332.1920x1080.jpg?t=1485843822,https://shared.akamai.steamstatic.com/store_item_assets/steam/apps/375500/ss_08fb85387e80936e6ec48cc1d316139f211de14c.1920x1080.jpg?t=1485843822,https://shared.akamai.steamstatic.com/store_item_assets/steam/apps/375500/ss_c5a23d6b00805bd2ec93f6f092824bb855e31fd3.1920x1080.jpg?t=1485843822,https://shared.akamai.steamstatic.com/store_item_assets/steam/apps/375500/ss_9aa2278a2de85bede7ecd49b255d3e7245c1e861.1920x1080.jpg?t=1485843822,https://shared.akamai.steamstatic.com/store_item_assets/steam/apps/375500/ss_362b808e11ce2fe67e8c4361fdec61723ef9985c.1920x1080.jpg?t=1485843822,https://shared.akamai.steamstatic.com/store_item_assets/steam/apps/375500/ss_e801c831e785c02db0b720a71b975c94345be5bf.1920x1080.jpg?t=1485843822,https://shared.akamai.steamstatic.com/store_item_assets/steam/apps/375500/ss_b417a083c02378fbe96c8d6167e1b69007e8fc66.1920x1080.jpg?t=1485843822,https://shared.akamai.steamstatic.com/store_item_assets/steam/apps/375500/ss_75dc40f1a71057101d2e611f15dd358fb84ace29.1920x1080.jpg?t=1485843822",Steam,Paid
1679990,Hentai Sexy,"Jul 31, 2021",0 - 20000,0,0,0.49,0,0,Gameplay: Move All Parts to Form the Complete Image. Characteristics 8 levels 8 uncensored artworks Relaxing soundtrack Full hd art gallery Cheat Mode: Press 'C' to complete the level. Gallery: Mouse scroll up/down = zoom in/out Note: All Characters 18+ Years Old. Every artwork in our game were paid and/or original from paid commissions.,['English'],[],Unknown,https://shared.akamai.steamstatic.com/store_item_assets/steam/apps/1679990/header.jpg?t=1679029381,Unknown,rediamondgames@gmail.com,True,False,False,0,Unknown,0,0,0,Unknown,0,0,"This Game may contain content not appropriate for all ages, or viewing at work: Sexual Acts (Consensual Sex), Nudity and General Mature Content.",0,0,0,0,Reddiamondgames,Reddiamondgames,"Single-player,Family Sharing","Casual,Indie",Unknown,"https://shared.akamai.steamstatic.com/store_item_assets/steam/apps/1679990/ss_29d7a3695147762b627a35931cf15507df6d2b18.1920x1080.jpg?t=1679029381,https://shared.akamai.steamstatic.com/store_item_assets/steam/apps/1679990/ss_98b9d35b6c5a684654bf76415aca670b7b367950.1920x1080.jpg?t=1679029381,https://shared.akamai.steamstatic.com/store_item_assets/steam/apps/1679990/ss_b428c5ada6361a4341f9c5b3f172c2241fc03704.1920x1080.jpg?t=1679029381,https://shared.akamai.steamstatic.com/store_item_assets/steam/apps/1679990/ss_24bf99f9e7680ec6293e326749b15817aeb13811.1920x1080.jpg?t=1679029381,https://shared.akamai.steamstatic.com/store_item_assets/steam/apps/1679990/ss_f9747af9b51ec7a0159dfb10d8779891840f37d6.1920x1080.jpg?t=1679029381",Steam,Paid
2984570,Cuckold Sex - Episode 2,"May 18, 2024",0 - 20000,0,0,1.24,0,0,"An erotic VISUAL NOVEL featuring HD graphics, steamy ANIMATIONS, and realistic-looking characters. Faced with the threat of losing her job, Lily makes her boss an offer he can't refuse: Her body in exchange for leniency. But will her husband James support her decision? Follow the story to find out! GAME DESCRIPTION Join Lily and James on their quest to spice up their marriage. EPISODE 2 Lily was called into her boss’s office for a private meeting. It seems her recent behavior at work didn’t go unnoticed. Her coworkers complained about her revealing outfits, claiming it’s distracting and affecting productivity. Some even accused her of trying to seduce them, demanding consequences for her unprofessional behavior. Lily explains to her boss that it’s all part of a game to spice up her marriage with James, providing evidence from their chats on her phone. However, despite understanding her situation as a man, Mr. Bones feels compelled as her employer to take measures and fire her. Determined to keep her job at all costs, Lily makes her boss an offer he can’t possibly refuse: her body in exchange for leniency. Will Mr. Bones accept Lily’s unconventional deal? Will James support his wife’s actions? Follow the story to find out! FEATURES - HD renders and animations - Video and image gallery",['English'],[],Unknown,https://shared.akamai.steamstatic.com/store_item_assets/steam/apps/2984570/header.jpg?t=1717017128,http://www.eroticgamesclub.com,hello@eroticgamesclub.com,True,True,True,0,Unknown,0,0,0,Unknown,2,0,"This game is intended for adults and includes explicit, sexual content that some viewers may find offensive. The characters, story, and actions are fictitious. All characters depicted are 18 years old and over. Contains nudity, alternative lifestyles, graphic depictions of oral, vaginal, anal, masturbation and non-penetrative sexual acts, bodily fluids. Contains lesbian and straight sex scenes.",0,0,0,0,EroticGamesClub,EroticGamesClub,"Single-player,Steam Achievements,Steam Leaderboards,Family Sharing","Adventure,Casual,Indie",Unknown,"https://shared.akamai.steamstatic.com/store_item_assets/steam/apps/2984570/ss_68c3a7e66859d91f697d4d49cd86745fe1a5ab1f.1920x1080.jpg?t=1717017128,https://shared.akamai.steamstatic.com/store_item_assets/steam/apps/2984570/ss_d8c192e2ad80b803c913a1d99d9a16bc3b757e29.1920x1080.jpg?t=1717017128,https://shared.akamai.steamstatic.com/store_item_assets/steam/apps/2984570/ss_38284c113a6c42389b10625406b0887ee7f51065.1920x1080.jpg?t=1717017128,https://shared.akamai.steamstatic.com/store_item_assets/steam/apps/2984570/ss_eaecf5d85cd86d4ca90e9a333af90626ac491cc2.1920x1080.jpg?t=1717017128,https://shared.akamai.steamstatic.com/store_item_assets/steam/apps/2984570/ss_09f3a369c497f28a57ffb3697edf8a9053131699.1920x1080.jpg?t=1717017128,https://shared.akamai.steamstatic.com/store_item_assets/steam/apps/2984570/ss_d6f4b247f59ec0b3becda51a56a054be79f89671.1920x1080.jpg?t=1717017128,https://shared.akamai.steamstatic.com/store_item_assets/steam/apps/2984570/ss_223e98983558f6b081f238e45389b27b6558db3d.1920x1080.jpg?t=1717017128,https://shared.akamai.steamstatic.com/store_item_assets/steam/apps/2984570/ss_633afe1ede5ed87b9086cec1027127a027665e1b.1920x1080.jpg?t=1717017128,https://shared.akamai.steamstatic.com/store_item_assets/steam/apps/2984570/ss_07572ce6ca15c15c4fc15b87e803995c8d2e4b16.1920x1080.jpg?t=1717017128,https://shared.akamai.steamstatic.com/store_item_assets/steam/apps/2984570/ss_648344904c8c7032f15baf52819dfa32e43845dd.1920x1080.jpg?t=1717017128,https://shared.akamai.steamstatic.com/store_item_assets/steam/apps/2984570/ss_01ca30547064e8fccee4ff7ddc9fec476720218c.1920x1080.jpg?t=1717017128",Steam,Paid
200010,Quantum Conundrum,"Jun 21, 2012",200000 - 500000,2,0,0.98,89,3,"When you, as a young boy, are dropped off to visit your uncle, you notice something’s wrong. First, he’s not there to greet you. Second, there’s the explosion that happened right as you arrived. And third, the house seems to be even weirder than you remembered it. Now, your job is to find—and ultimately rescue—your uncle, by using his newest invention, the Interdimensional Shift Device (or IDS), to switch between dimensions and solve puzzles. That sofa too heavy to move? There’s a dimension for that! Switch to Fluffy Dimension and that sofa is now light as a feather. Need to get up to a high ledge? There’s a dimension for that! Just switch to Anti-Gravity Dimension and things begin to float upward. Need to make things heavier? There’s a dimension for th—well, you get the idea. Switch dimensions in real time, work your way through the crazy complex mansion wings and rescue your uncle!","['English', 'French', 'German', 'Italian', 'Spanish - Spain', 'Japanese']","['English', 'Japanese']",Unknown,https://shared.akamai.steamstatic.com/store_item_assets/steam/apps/200010/header.jpg?t=1576110892,http://www.quantumconundrum.com/,Unknown,True,False,False,77,https://www.metacritic.com/game/pc/quantum-conundrum?ftag=MCD-06-10aaa1f,0,1749,323,Unknown,25,1713,Unknown,328,0,213,0,Airtight Games,Square Enix,"Single-player,Steam Achievements,Full controller support,Steam Cloud,Steam Leaderboards,Remote Play on TV,Family Sharing","Casual,Strategy","Puzzle-Platformer,Puzzle,3D Platformer,First-Person,Physics,Comedy,Casual,Platformer,Strategy,Singleplayer,Time Manipulation,Science,Cartoony,Family Friendly,Adventure,Sci-fi,Funny,Difficult,Controller","https://shared.akamai.steamstatic.com/store_item_assets/steam/apps/200010/ss_c67c044ced06b5997bf462e2885c435e4e4ef99b.1920x1080.jpg?t=1576110892,https://shared.akamai.steamstatic.com/store_item_assets/steam/apps/200010/ss_4c69e5324b52423cfa8ed0614fcdb60860376c77.1920x1080.jpg?t=1576110892,https://shared.akamai.steamstatic.com/store_item_assets/steam/apps/200010/ss_ff1354a17bedfa710875305a6679afc31e82b88b.1920x1080.jpg?t=1576110892,https://shared.akamai.steamstatic.com/store_item_assets/steam/apps/200010/ss_845fd858cc8d1e3b635023a7ce1dc6dd50aa36f6.1920x1080.jpg?t=1576110892,https://shared.akamai.steamstatic.com/store_item_assets/steam/apps/200010/ss_95c31fed15b6ec3fdf8ec625271ac28ed907b5cc.1920x1080.jpg?t=1576110892,https://shared.akamai.steamstatic.com/store_item_assets/steam/apps/200010/ss_88d02df68bac5f820ce114a31ad7b53557d4bef0.1920x1080.jpg?t=1576110892,https://shared.akamai.steamstatic.com/store_item_assets/steam/apps/200010/ss_82045b6d2abc6713ac725d4d4d677a92c191d622.1920x1080.jpg?t=1576110892,https://shared.akamai.steamstatic.com/store_item_assets/steam/apps/200010/ss_d7fc3289daabdb4d2c2c5415c7d61b7cc708995b.1920x1080.jpg?t=1576110892,https://shared.akamai.steamstatic.com/store_item_assets/steam/apps/200010/ss_52e1b2561231295d758f0fc2c02281cb5783987a.1920x1080.jpg?t=1576110892,https://shared.akamai.steamstatic.com/store_item_assets/steam/apps/200010/ss_203da935ded857625735ca98d0217a0c94e98441.1920x1080.jpg?t=1576110892,https://shared.akamai.steamstatic.com/store_item_assets/steam/apps/200010/ss_46bb74e8f00ffdad53208de09b4f9e30cc65522d.1920x1080.jpg?t=1576110892,https://shared.akamai.steamstatic.com/store_item_assets/steam/apps/200010/ss_65e0acb914b56bb558d19b8dcd229e4a929e52ff.1920x1080.jpg?t=1576110892,https://shared.akamai.steamstatic.com/store_item_assets/steam/apps/200010/ss_c2202712e74fcb2679be7ec180c82200f9d0337c.1920x1080.jpg?t=1576110892,https://shared.akamai.steamstatic.com/store_item_assets/steam/apps/200010/ss_48f0044ac94a8d02f31d3056a51659d479b3e19e.1920x1080.jpg?t=1576110892,https://shared.akamai.steamstatic.com/store_item_assets/steam/apps/200010/ss_5d76e60c67973ed6a4a59e418a264daadec77166.1920x1080.jpg?t=1576110892,https://shared.akamai.steamstatic.com/store_item_assets/steam/apps/200010/ss_672b4eb98048a86ba279de231eab08c4e8247192.1920x1080.jpg?t=1576110892",Steam,Paid
3554030,Behind the Hydra's Eyes,"Nov 28, 2025",0 - 20000,0,0,6.5,0,0,"202x, England. Forward Green, an entirely unsuspicious NGO, has started a new project:  Lagoon Breeze . And guess who's lucky enough to get to manage this exciting new development? That's right: you. Your responsibilities are simple: Oversee the construction: Do whatever it takes to get these turbines turning: finalize a site, manage marketing, navigate public relations, handle complaints...not that there will be many of those, I'm sure. Manage your team: A happy workforce is a happy profit margin! That's why we've implemented our Green Office initiative—engage enthusiastically to boost morale. Please note participation is mandatory.  Please your boss: Tell flatteries, lies, and half-truths, or even, if you're particularly unwise, attempt honesty. When the tendrils close in around you, what sort of person will you prove to be? Pay your bills: That's what this is all for, after all, isn't it Dave? The chatter of the commute, the tedium of the office, the thrum of your fan in your tiny flat as you toss and turn. Today's bills are paid, but tomorrow's?  So, are you ready to make an impact? But something isn't right. The voices of the lagoon whisper through your monitor, faraway tongues speaking doom. Bitter words leak from the cracks in the project like so much black oil and drip like cursed rain upon once-fertile land. But don't fear, a whisper can be covered by a catchy jingle, and a crack by so many posters. Dare you look, eyes uncovered, at what you unleash upon the world? Or shall the Hydra subsume you into its writhing flesh?  It's time to get to work, Dave.",['English'],[],“A green game about red flags. Behind the Hydra's eyes is a narrative and unashamedly political game that explores the hidden costs of green capitalism.” Demo Disk Review,https://shared.akamai.steamstatic.com/store_item_assets/steam/apps/3554030/f17afdb45d97cf5e365b641710719f6d07c5c79a/header.jpg?t=1764375118,Unknown,houseonthebailey@gmail.com,True,False,False,0,Unknown,0,0,0,Unknown,6,0,Text descriptions of politically motivated violence.,0,0,0,0,House on the Bailey,House on the Bailey,"Single-player,Family Sharing","Indie,Simulation",Unknown,"https://shared.akamai.steamstatic.com/store_item_assets/steam/apps/3554030/818fea133deca15b1aa332baec7afea650ea308a/ss_818fea133deca15b1aa332baec7afea650ea308a.1920x1080.jpg?t=1764375118,https://shared.akamai.steamstatic.com/store_item_assets/steam/apps/3554030/7df706dd4ed9a320a9e30df00567043a4c43e9b6/ss_7df706dd4ed9a320a9e30df00567043a4c43e9b6.1920x1080.jpg?t=1764375118,https://shared.akamai.steamstatic.com/store_item_assets/steam/apps/3554030/1acf84bf1d801a968be392c09fefb63fef262abd/ss_1acf84bf1d801a968be392c09fefb63fef262abd.1920x1080.jpg?t=1764375118,https://shared.akamai.steamstatic.com/store_item_assets/steam/apps/3554030/8bcb04b7bead3a56b2dc700a5521766e835eed73/ss_8bcb04b7bead3a56b2dc700a5521766e835eed73.1920x1080.jpg?t=1764375118,https://shared.akamai.steamstatic.com/store_item_assets/steam/apps/3554030/3352eaa44125bcf869b27461f74705d449cae7fa/ss_3352eaa44125bcf869b27461f74705d449cae7fa.1920x1080.jpg?t=1764375118,https://shared.akamai.steamstatic.com/store_item_assets/steam/apps/3554030/3bd7dc0c34c11ff47b77e64de94893b96412d953/ss_3bd7dc0c34c11ff47b77e64de94893b96412d953.1920x1080.jpg?t=1764375118",Steam,Paid
316660,Toast Time,"Aug 27, 2014",50000 - 100000,0,0,0.99,0,0,"Toast Time is a throwback to the golden age of video games where old-school homebrew titles fused arcade action with a distinctly British sense of humour. -- An appetising arena shoot-em-up garnished with tower-defence elements and served warm with awesome-sauce (probably syrup). Inter-dimensional time-blob beasties have sailed the cosmos in pursuit of spare time, and now they've found it, tasted it, on an idyllic Monday morning. Assume the role of TERRY (toast-ejecting recoil &amp; reload system), a humble and solitary toaster with an uncontrollable love for English breakfasts, hats and scheduling. Click to launch toast, crumpets and magnitudes of other breakfast paraphernalia at the beasties. Bounce around and crush them with your hot metallic mass. Tip over bins, and use the environments to your advantage. Drink a little coffee and go a little crazy. Do everything it takes to defend toast time – you are Monday morning's final hope. Have your toast and eat it. Feature List: 54 action-packed missions. 16 exciting bread-based weapons. Iron man survival mode &amp; bonus COFFEE TIME mode. Loads of colourful hats and customisations. Addictive and original gameplay mechanics. Steam Achievements, Leaderboards, Stats, Cloud Save &amp; Trading Cards. Super-slick audio and calibrated soundtrack -- each level has its own piece of music.",['English'],['English'],"“Toast Time controls, looks, and plays perfectly on the platform. Toast Time is for you.” 5/5 – Touch Arcade “Toast Time‘s happy facade helps mask a tough, unforgiving, challenging reflex shooter where levels need to be solved.” 5/5 – Big Red Barrel “A heavy emphasis on humour, not just any humour, it's this kind of over-zealous, over-the-top, nonsensical awesomeness.” 87/100 – Pixel Freak",https://shared.akamai.steamstatic.com/store_item_assets/steam/apps/316660/header.jpg?t=1667816457,http://toasttime.co.uk/,support@forceofhab.it,True,True,True,0,Unknown,0,63,22,Unknown,9,0,Unknown,188,0,218,0,Force Of Habit,Force Of Habit,"Single-player,Steam Achievements,Steam Trading Cards,Steam Cloud,Stats,Steam Leaderboards,Family Sharing","Action,Casual,Indie,Strategy","Arena Shooter,Side Scroller,Shoot 'Em Up,Real Time Tactics,Puzzle,Tower Defense,PvE,Difficult,Shooter,Arcade,Silent Protagonist,Strategy,2D,Cute,Funny,Linear,Action,Casual,Pixel Graphics,Stylized","https://shared.akamai.steamstatic.com/store_item_assets/steam/apps/316660/ss_b21fad7249b51886a17ea29f9c812fe7ac5d15ab.1920x1080.jpg?t=1667816457,https://shared.akamai.steamstatic.com/store_item_assets/steam/apps/316660/ss_6e876cd9bef76c06ec10eb94af072cc2aab0ad32.1920x1080.jpg?t=1667816457,https://shared.akamai.steamstatic.com/store_item_assets/steam/apps/316660/ss_967f551e0613895bbdc9ba146adb99cc44a67be0.1920x1080.jpg?t=1667816457,https://shared.akamai.steamstatic.com/store_item_assets/steam/apps/316660/ss_403aaea10f79764a23b1654855d0d9dd9fd5b6b7.1920x1080.jpg?t=1667816457,https://shared.akamai.steamstatic.com/store_item_assets/steam/apps/316660/ss_c1d4a43e811b4b1a6408b5b86cb6b1de203d5905.1920x1080.jpg?t=1667816457,https://shared.akamai.steamstatic.com/store_item_assets/steam/apps/316660/ss_f9a9b49f0c7763d5ba1d277fcf55120e21dfe1c4.1920x1080.jpg?t=1667816457",Steam,Paid
1375300,POLAR,"Aug 31, 2020",0 - 20000,0,0,2.99,0,0,"Are you a target? or not? The target mode, one of the polar game modes, brings a different perspective to survival. If you are a good player, you can survive in a minute without dying. Polar is presented to you in 3 different game modes. 1- Free For All FREE FOR ALL MODE; In Free For All mode, you can pick up all the weapons from the ground and try them on other players. This mod gives you a chance to try all the weapons. So you quickly get used to the game dynamics. 2- capture of flag CAPTURE OF FLAG MODE; 5v5 two teams fight in flag capture mode. The team with the highest enemy flag in 15 minutes wins the game. You have to fight tactically to ignore your flag on your enemy. 3-Target Mode TARGET MODE; In the target mode, the presenter chooses one out of 10 people and increases their health by 3 times, but since 10 people will fight you, you should practice good tactics. If you can stand for a minute, the server will choose another player as the target. This cycle continues until the last player remains. How do you earn coins? -You earn +1 P-coin and +5 -N-coins for each player kill -if you hit the player in the head, you earn +3 P-coins -And if you complete missions you get P-coins and N-coins -If you are the winner at the end of the game, when you stay in the game at the computer, your headshot and end-of-game points are calculated and your tokens are distributed.","['English', 'French', 'Italian', 'Spanish - Spain', 'Simplified Chinese', 'Portuguese - Portugal', 'Russian', 'Turkish']","['English', 'Turkish']",Unknown,https://shared.akamai.steamstatic.com/store_item_assets/steam/apps/1375300/header.jpg?t=1611732308,http://www.mzggames.com,support@mzggames.com,True,False,False,0,Unknown,0,0,1,Unknown,9,0,Unknown,0,0,0,0,"Mzg Games,Mzg Games",Mzg Games,"Multi-player,PvP,Online PvP,Co-op,Online Co-op,Steam Achievements,Steam Cloud,Stats,Steam Leaderboards,Family Sharing","Action,Indie,Massively Multiplayer","FPS,Shooter,Multiplayer,Online Co-Op,Action,Survival,Arena Shooter,Shoot 'Em Up,3D,First-Person,War,Tactical,Character Customization,Team-Based,PvP,Co-op,Indie,Massively Multiplayer","https://shared.akamai.steamstatic.com/store_item_assets/steam/apps/1375300/ss_b1eed6bd9486dbc7744d788d76287bb909c4f8bc.1920x1080.jpg?t=1611732308,https://shared.akamai.steamstatic.com/store_item_assets/steam/apps/1375300/ss_3777bdfb7685efb9085973ac523b4c466077f685.1920x1080.jpg?t=1611732308,https://shared.akamai.steamstatic.com/store_item_assets/steam/apps/1375300/ss_403bdef71f7ba8c42f1530326a656752d477198f.1920x1080.jpg?t=1611732308,https://shared.akamai.steamstatic.com/store_item_assets/steam/apps/1375300/ss_1ae6ff40ba676a3faa03af9a40fe5ab4cbc4b394.1920x1080.jpg?t=1611732308,https://shared.akamai.steamstatic.com/store_item_assets/steam/apps/1375300/ss_d0ad71e52020214e2216541e3498c8d5f89a0de6.1920x1080.jpg?t=1611732308,https://shared.akamai.steamstatic.com/store_item_assets/steam/apps/1375300/ss_e4f5eaa09260610f0ee357a5792acd9d051f19d3.1920x1080.jpg?t=1611732308,https://shared.akamai.steamstatic.com/store_item_assets/steam/apps/1375300/ss_adce9e2ec5912648698393eef1b7260a775b099d.1920x1080.jpg?t=1611732308,https://shared.akamai.steamstatic.com/store_item_assets/steam/apps/1375300/ss_66ea4a1ed1e3713dd762949cae06a32be41c02c2.1920x1080.jpg?t=1611732308,https://shared.akamai.steamstatic.com/store_item_assets/steam/apps/1375300/ss_09ca8f6ce01d9f8c79acc4aa260ec16cb846daf9.1920x1080.jpg?t=1611732308,https://shared.akamai.steamstatic.com/store_item_assets/steam/apps/1375300/ss_4470bf02d95d48eacd05349f7cad744a487c7fa0.1920x1080.jpg?t=1611732308,https://shared.akamai.steamstatic.com/store_item_assets/steam/apps/1375300/ss_fd3c154998f0adac3a42e051588631c559b0ae45.1920x1080.jpg?t=1611732308,https://shared.akamai.steamstatic.com/store_item_assets/steam/apps/1375300/ss_3c495e27e6a4c692f0f47ddf598b8e606f87b0b9.1920x1080.jpg?t=1611732308,https://shared.akamai.steamstatic.com/store_item_assets/steam/apps/1375300/ss_91414e659ac3aca9dabdda5bb69515052b75ee99.1920x1080.jpg?t=1611732308,https://shared.akamai.steamstatic.com/store_item_assets/steam/apps/1375300/ss_21cfd8fd94089823d399de39292e60d62ebbd458.1920x1080.jpg?t=1611732308,https://shared.akamai.steamstatic.com/store_item_assets/steam/apps/1375300/ss_87e3a016e25aceccd0821482bbae73064c771546.1920x1080.jpg?t=1611732308,https://shared.akamai.steamstatic.com/store_item_assets/steam/apps/1375300/ss_59544e88e1ad1c599003f288e87fc6fb8f23e0fa.1920x1080.jpg?t=1611732308,https://shared.akamai.steamstatic.com/store_item_assets/steam/apps/1375300/ss_011d49b0ef837448e8c76819b7168b8adc4d7745.1920x1080.jpg?t=1611732308,https://shared.akamai.steamstatic.com/store_item_assets/steam/apps/1375300/ss_1f0e1843f3c6272688263bb1fdf8e1ebd6f9157d.1920x1080.jpg?t=1611732308,https://shared.akamai.steamstatic.com/store_item_assets/steam/apps/1375300/ss_ed3f22c88c8d7c62c21c5b4d1012ac0fe65252d3.1920x1080.jpg?t=1611732308",Steam,Paid
3090800,Love and Fear,"Dec 27, 2024",20000 - 50000,0,0,1.49,0,0,"Experience a summer filled with danger and romance! Immerse yourself in a romantic and detective adventure alongside Hikari in the picturesque Japanese town surrounded by the mysterious Ancient Forest. Can you help Hikari solve the crime and navigate the storm of her romantic feelings ? Will it be the enigmatic stranger or the sweet classmate? Love or fear? Make decisions wisely, as every action can profoundly alter Hikari's fate. Unlock all 6 (six) endings and experience unforgettable emotions! Game Features: Captivating detective storyline. First love and romance. 6 (six) unique endings. Unbelievable mysteries. Beautiful atmospheric music. Charming characters and scenic backgrounds. Includes a roadmap to unlock all endings. An unforgettable summer adventure! This game is not suitable for children or those who are easily disturbed. Another visual novel:","['English', 'Russian']","['English', 'Russian']",Unknown,https://shared.akamai.steamstatic.com/store_item_assets/steam/apps/3090800/header.jpg?t=1735289916,Unknown,olchenokluchik@gmail.com,True,True,False,0,Unknown,0,5,0,Unknown,0,0,Unknown,0,0,0,0,Mango x2,Mango x2,"Single-player,Family Sharing","Casual,Indie","Casual,Visual Novel,Psychological Horror,Anime,Choices Matter,Multiple Endings,Story Rich,Cute,Detective,Dating Sim,2D,First-Person,Atmospheric,Drama,Dark,Otome,Investigation,Romance,Adventure,Psychological","https://shared.akamai.steamstatic.com/store_item_assets/steam/apps/3090800/ss_4c646e416fd23695b10395919c8b3391b847fd34.1920x1080.jpg?t=1735289916,https://shared.akamai.steamstatic.com/store_item_assets/steam/apps/3090800/ss_83291547d3063ab88b76b9cee62235c3c31ba5f4.1920x1080.jpg?t=1735289916,https://shared.akamai.steamstatic.com/store_item_assets/steam/apps/3090800/ss_f9c88b9ae50659f2149fb28f72df2c50ec269669.1920x1080.jpg?t=1735289916,https://shared.akamai.steamstatic.com/store_item_assets/steam/apps/3090800/ss_ca047f2c213d9699cdb3ea475538fe6a3299137d.1920x1080.jpg?t=1735289916,https://shared.akamai.steamstatic.com/store_item_assets/steam/apps/3090800/ss_6cd1e37d4d855c8169efb8043937f95ff748c50d.1920x1080.jpg?t=1735289916,https://shared.akamai.steamstatic.com/store_item_assets/steam/apps/3090800/ss_12c69ba2a1710c05b7c43a454d08e560a5d94add.1920x1080.jpg?t=1735289916",Steam,Paid
2928140,Pig Rush,"Sep 2, 2024",20000 - 50000,0,0,0.99,50,0,"In the maze adventure game ''Pig Rush,'' you control the little wild boar Argan, evading traps, defeating enemies, and seeking answers to save his tribe. Once you select a direction, the wild boar will keep moving forward without the ability to change direction or stop midway, only halting when it encounters a wall. Help the wild boar avoid mechanisms and traps to find the portal to the next area.","['English', 'Simplified Chinese', 'Traditional Chinese', 'French', 'Italian', 'German', 'Spanish - Spain', 'Russian', 'Japanese', 'Portuguese - Portugal', 'Korean']",[],Unknown,https://shared.akamai.steamstatic.com/store_item_assets/steam/apps/2928140/header.jpg?t=1726895580,Unknown,fenghuangdeyumao@gmail.com,True,True,False,0,Unknown,0,4,0,Unknown,0,0,Unknown,0,0,0,0,The Flow Studio,The Flow Studio,"Single-player,Family Sharing","Casual,Indie","Dungeon Crawler,Runner,Arcade,Action-Adventure,2D,Top-Down,Action,Sokoban,Casual,Cute,Funny,Cartoony,Hand-drawn,Stylized,Fantasy,Adventure,Cartoon,Singleplayer,Indie","https://shared.akamai.steamstatic.com/store_item_assets/steam/apps/2928140/ss_eebff105183f60a586cc073f8f0fa39d49cc5efa.1920x1080.jpg?t=1726895580,https://shared.akamai.steamstatic.com/store_item_assets/steam/apps/2928140/ss_1b4558ac9b72b77abcccf900d3cc23405ae80f65.1920x1080.jpg?t=1726895580,https://shared.akamai.steamstatic.com/store_item_assets/steam/apps/2928140/ss_82cab7f9b22be4edb8d4ea6cbfc01c285bc128f4.1920x1080.jpg?t=1726895580,https://shared.akamai.steamstatic.com/store_item_assets/steam/apps/2928140/ss_9f838c6297e28fa87f43262225a29db726fbe464.1920x1080.jpg?t=1726895580,https://shared.akamai.steamstatic.com/store_item_assets/steam/apps/2928140/ss_4367248f55a85683993fe6954ecb38732a9e1417.1920x1080.jpg?t=1726895580",Steam,Paid
528730,Crypt of the Serpent King,"Dec 27, 2016",20000 - 50000,1,0,0.55,72,0,"Crypt of the Serpent King is a medieval first-person hack'n'slash dungeon crawler with roguelike elements. Explore large, randomly generated dungeons . Fight goblins, orcs, skeletons, giant spiders and all sorts of underworld creatures . Wield an array of melee and ranged weapons . Jump over lava pits and spike traps . Level up your character's abilities . Choose between 3 levels of difficulty , from casual to hardcore.",['English'],[],Unknown,https://shared.akamai.steamstatic.com/store_item_assets/steam/apps/528730/header.jpg?t=1728642515,http://www.rendercodegames.com/,Unknown,True,False,False,0,Unknown,0,224,50,Unknown,21,257,Unknown,173,0,173,0,Rendercode Games,Rendercode Games,"Single-player,Steam Achievements,Steam Trading Cards,Partial Controller Support,Steam Cloud,Family Sharing","Action,Indie,RPG","Action Roguelike,Indie,RPG,Action,Dungeon Crawler,Singleplayer,Procedural Generation,Dark Fantasy,Action RPG,Rogue-lite,Rogue-like","https://shared.akamai.steamstatic.com/store_item_assets/steam/apps/528730/ss_9af16890352cedba9b0009def3f47b0b2fdfc9c9.1920x1080.jpg?t=1728642515,https://shared.akamai.steamstatic.com/store_item_assets/steam/apps/528730/ss_88af62943a190be40b7ca296c3a900a66c6643f0.1920x1080.jpg?t=1728642515,https://shared.akamai.steamstatic.com/store_item_assets/steam/apps/528730/ss_976ca3b5d7e820473961b203a97124099c440c6f.1920x1080.jpg?t=1728642515,https://shared.akamai.steamstatic.com/store_item_assets/steam/apps/528730/ss_3296a5370fdebcf8010b235595878c547f079041.1920x1080.jpg?t=1728642515,https://shared.akamai.steamstatic.com/store_item_assets/steam/apps/528730/ss_d996073d6286b74375c6ad0963993af29788a2c6.1920x1080.jpg?t=1728642515,https://shared.akamai.steamstatic.com/store_item_assets/steam/apps/528730/ss_4080024fedb65715d6e513f77e21fd9208d5c1f6.1920x1080.jpg?t=1728642515,https://shared.akamai.steamstatic.com/store_item_assets/steam/apps/528730/ss_4a50702b5ce45d6317623a93595f5c3cb8e07648.1920x1080.jpg?t=1728642515",Steam,Paid
1832110,Urchins and Ink,"Jul 29, 2022",0 - 20000,0,0,4.79,0,0,"Urchins &amp; Ink disguises a language-teaching game within a 2D action shooter. Absolute beginners and intermediate learners can understand and pronounce hiragana, katakana, and kanji at their own pace. No flashcards! No multiple-choice tests! Hiccup Interactive has worked hard to ensure that cute sea creatures and fun gameplay overshadow the intimidation of learning a new language. Our approach to edutainment focuses on innovative game mechanics to make learning complex topics more seamless with play. Urchins &amp; Ink offers a more enjoyable and interactive approach to learning a new language, which is much more fun than completing a worksheet.",['English'],['English'],Unknown,https://shared.akamai.steamstatic.com/store_item_assets/steam/apps/1832110/header.jpg?t=1718038162,Unknown,hiccupsinteractive@gmail.com,True,False,False,0,Unknown,0,5,0,Unknown,0,0,Unknown,0,0,0,0,Hiccup Interactive,Hiccup Interactive,"Single-player,Full controller support,Family Sharing","Action,Casual,Indie","Casual,Education,Action,Twin Stick Shooter,Puzzle,Bullet Hell,Shoot 'Em Up,Shooter,2D,Cute,Relaxing,Indie,Female Protagonist,Underwater,Controller,Anime,Singleplayer","https://shared.akamai.steamstatic.com/store_item_assets/steam/apps/1832110/ss_706948e07836df5f31f3e9ee9ce60f69b5d14d5b.1920x1080.jpg?t=1718038162,https://shared.akamai.steamstatic.com/store_item_assets/steam/apps/1832110/ss_24850db73e58f58ceff0cff26443c48d9504fcaf.1920x1080.jpg?t=1718038162,https://shared.akamai.steamstatic.com/store_item_assets/steam/apps/1832110/ss_43194fb91775a5fbaf5ed12b2519c6454afacac2.1920x1080.jpg?t=1718038162,https://shared.akamai.steamstatic.com/store_item_assets/steam/apps/1832110/ss_e016474cc362dae796d261635d79e42b33094245.1920x1080.jpg?t=1718038162,https://shared.akamai.steamstatic.com/store_item_assets/steam/apps/1832110/ss_e120aadea563b5658cf5684eb92f207430f68be1.1920x1080.jpg?t=1718038162",Steam,Paid
1390080,Tank Rampage,"Feb 11, 2021",0 - 20000,0,0,3.99,0,0,"Tank Rampage is a team-based multiplayer PvP action game. Your main goal is to capture this coveted city, but another team will interfere with you, which also wants to have power over it. COMBAT ACTIONS Dominate the city with the fog of war - you can tactically inflict significant damage to the enemy from where he cannot expect. CAPTURE ZONES To take over the city faster, you must capture the police station or the building of the local television , in order to master the propaganda. KEY FEATURES up to 4 players online quick and juicy battles destroy opponents with a cannon or machine gun several playable multiplayer arenas great visual effects",['English'],['English'],Unknown,https://shared.akamai.steamstatic.com/store_item_assets/steam/apps/1390080/header.jpg?t=1621685933,Unknown,targim.games@gmail.com,True,False,False,0,Unknown,0,0,1,Unknown,0,0,Unknown,0,0,0,0,targim.,targim.,"Multi-player,PvP,Online PvP,Family Sharing","Action,Casual,Indie,Massively Multiplayer","Retro,Spectacle fighter,Massively Multiplayer,Arcade,Tanks,PvP,Wargame,Team-Based,Arena Shooter,Combat,Action,Shooter,Multiplayer,Top-Down,3D,Combat Racing,Minimalist,Military,Atmospheric,Old School","https://shared.akamai.steamstatic.com/store_item_assets/steam/apps/1390080/ss_5598ed1e818caed7bb11ffea7670358164053552.1920x1080.jpg?t=1621685933,https://shared.akamai.steamstatic.com/store_item_assets/steam/apps/1390080/ss_a07feced0588d5ac4ce7c4fd8a76a5f3707d7b03.1920x1080.jpg?t=1621685933,https://shared.akamai.steamstatic.com/store_item_assets/steam/apps/1390080/ss_28d3d0d4614bb14b7b0c45f969178f838dfb0c34.1920x1080.jpg?t=1621685933,https://shared.akamai.steamstatic.com/store_item_assets/steam/apps/1390080/ss_b15565e1eb9626a576d8f76cc664e5758f3466ad.1920x1080.jpg?t=1621685933,https://shared.akamai.steamstatic.com/store_item_assets/steam/apps/1390080/ss_ee802beb7fe9fd8b18765920362b1c0ccef696b1.1920x1080.jpg?t=1621685933,https://shared.akamai.steamstatic.com/store_item_assets/steam/apps/1390080/ss_f9b20c4b946c4130f5835cc72cd839c616c24995.1920x1080.jpg?t=1621685933,https://shared.akamai.steamstatic.com/store_item_assets/steam/apps/1390080/ss_edf25b7352264c161e19a46e048579684552b4e9.1920x1080.jpg?t=1621685933",Steam,Paid
1337260,Revolution Triumph,"Jul 17, 2020",0 - 20000,0,0,5.99,0,0,Command and win Your actions will determine whether the Workers 'and peasants' Red army will be able to hold the important strategic point of Tsaritsyn while fighting against the Belokazaks. Edicts Let's give decrees to increase stability. support and military production. Decrees and regulations Follow the rules to get bonuses for political and economic parameters. Newspaper news Read the news to understand more about the relationship between the participants of the Civil war in Russia. Modifications Create and download mods to expand the game's potential.,"['English', 'Russian']",[],Unknown,https://shared.akamai.steamstatic.com/store_item_assets/steam/apps/1337260/header.jpg?t=1598256402,Unknown,komsomoletsgamesstudio@mail.ru,True,False,False,0,Unknown,0,0,0,Unknown,4,0,Unknown,0,0,0,0,KomGamesStudio,KomGamesStudio,"Single-player,Multi-player,PvP,Online PvP,Steam Achievements,Steam Workshop,Family Sharing","Simulation,Strategy",Unknown,"https://shared.akamai.steamstatic.com/store_item_assets/steam/apps/1337260/ss_e0fa1a032edca647603fc9bd704e3675fecbc05e.1920x1080.jpg?t=1598256402,https://shared.akamai.steamstatic.com/store_item_assets/steam/apps/1337260/ss_c687e82a4bc2f5f4217505df6ddac5c974c2d3d6.1920x1080.jpg?t=1598256402,https://shared.akamai.steamstatic.com/store_item_assets/steam/apps/1337260/ss_1ac61746f0f41829f4faf4c7aed34ff97dc7e7de.1920x1080.jpg?t=1598256402,https://shared.akamai.steamstatic.com/store_item_assets/steam/apps/1337260/ss_bfc168b5ffc64ab52d684bacc2ad3d3844003e14.1920x1080.jpg?t=1598256402,https://shared.akamai.steamstatic.com/store_item_assets/steam/apps/1337260/ss_21e21146afcc9f65e115f6e6a45bc3f664fc72b7.1920x1080.jpg?t=1598256402",Steam,Paid
485430,NAL Is Alive,"Dec 17, 2016",0 - 20000,0,0,0.49,51,0,"Over 13 years, and over 130 games. All made by one hobbyist-turned-full-time developer. And now, for the first time, available in one cohesive package in the form of NAL Is Alive! NAL Is Alive is a compendium containing everything by NAL, released under the NALGames pseudonym between 2003 and today, wrapped up in a launcher that also universally tracks your statistics and highscores for each game*, the latter being compared against the world in Steam-exclusive online leaderboards*. Containing the good - Maddening Relapse 2! Hi Me Ro Me! Innoquous 4! Ne Touchez Pas! Prisnhax! Frankenfirearm! Lab Wagon! And the bad - Aardvark Cwm! Gemocide! Clickfire! ...and almost everything inbetween! Ever wanted to work it on a pogo stick? SohoPogoHo hears you! Fancy going around peeing on people? Signal Failure! You can assume the role of a redhead killing your opposers of the world in Infidels, or become a little robot fixing the big robot it resides in with Titan Tighten. Need a rhythm game fix while also improving your touch typing proficiency? Bullet Hills sees you typing to the music! Need a music game that has instead has no rhythm? Melodika gets you to suck a stream of icons into a recepticle to any track of your choosing! Need to inject yourself to help forget the nightmarous legion of female stalkers planning on kissing you to death? Yeah, that's in here too with Overly Attracted Stalkers. So's the one where you're a dog in a ball unloading clips of everything from water pistols to rocket shotguns at mutant bags of blood - Lyssandra and the Amplegores. And the one where you get to play an interactive advert for a fictional Japanese dish cleaner while a man touts its superior viscosity to you, Japanese Infomercial. All of these and more, being taken through an ongoing process to bring them up to spec* - dropping the MIDI music from the really old stuff in favour of more listenable MP3s, knocking every game's resolution and FPS up to 1080p/60 (potentially again up to 4K in the future), improving their gameplay and their graphics, adding the aforementioned Steam leaderboards... you name it. It's presented in a somewhat light-hearted way, and many of the games are pretty silly, but this pack truly does represent a huge chunk of my life - everything I made independently from being an 11 year old kid that had to download Game Maker 5.0 onto a school computer and bring it home on 3.5' floppy discs thanks to the speed of my home internet, to a currently 25 year old making games and other stuff full-time. *Please note: not all games will support the update features during NAL Is Alive's Early Access development. As of writing, approx 80 games contain Steam Leaderboards, and approx 40 are completely upscaled to 1080p/60.",['English'],['English'],Unknown,https://shared.akamai.steamstatic.com/store_item_assets/steam/apps/485430/header.jpg?t=1663095573,http://chequered.ink/,support@chequered.ink,True,False,False,0,Unknown,0,36,11,Unknown,74,0,Unknown,362,0,438,0,Chequered Ink Ltd.,Chequered Ink Ltd.,"Single-player,Multi-player,Shared/Split Screen,Steam Achievements,Steam Trading Cards,Partial Controller Support,Remote Play Together,Family Sharing","Violent,Gore,Indie,Early Access","Indie,Gore,Violent,Early Access,Platformer,Arcade","https://shared.akamai.steamstatic.com/store_item_assets/steam/apps/485430/ss_05584757a6f15c3f7a8eefa7c28e05607eb45ac9.1920x1080.jpg?t=1663095573,https://shared.akamai.steamstatic.com/store_item_assets/steam/apps/485430/ss_6aaa5858eed0c22a0c24095b6ccfb7fb299284d9.1920x1080.jpg?t=1663095573,https://shared.akamai.steamstatic.com/store_item_assets/steam/apps/485430/ss_89a8ee4fb6615eb5d70805e444417daebdbe97c0.1920x1080.jpg?t=1663095573,https://shared.akamai.steamstatic.com/store_item_assets/steam/apps/485430/ss_709c1717f8c4a20272ee2a22d49191485420c07c.1920x1080.jpg?t=1663095573,https://shared.akamai.steamstatic.com/store_item_assets/steam/apps/485430/ss_9e7a3234564756cf7486f0b173c0d91e075de5f1.1920x1080.jpg?t=1663095573,https://shared.akamai.steamstatic.com/store_item_assets/steam/apps/485430/ss_951dcf55c982a0481f02e38cd9eb28deac265714.1920x1080.jpg?t=1663095573,https://shared.akamai.steamstatic.com/store_item_assets/steam/apps/485430/ss_cde7bfbb48efd89fb1faed394e31674c0f01b866.1920x1080.jpg?t=1663095573,https://shared.akamai.steamstatic.com/store_item_assets/steam/apps/485430/ss_796ae1471392e98c1b61b33b4cbb872976220b60.1920x1080.jpg?t=1663095573,https://shared.akamai.steamstatic.com/store_item_assets/steam/apps/485430/ss_355ef526c7a97205eea9e6e4dc48c80d024b9f23.1920x1080.jpg?t=1663095573,https://shared.akamai.steamstatic.com/store_item_assets/steam/apps/485430/ss_f692dcd45c2770829477c764a9201fdec2c6984b.1920x1080.jpg?t=1663095573,https://shared.akamai.steamstatic.com/store_item_assets/steam/apps/485430/ss_b84a301f87d2355c533a0b93388ff68406d6f2ae.1920x1080.jpg?t=1663095573,https://shared.akamai.steamstatic.com/store_item_assets/steam/apps/485430/ss_87e942555da4993368d27d317117a2b52218f031.1920x1080.jpg?t=1663095573,https://shared.akamai.steamstatic.com/store_item_assets/steam/apps/485430/ss_5ebeff73a85dad57eb96e52a9e3c89e2cb62baa9.1920x1080.jpg?t=1663095573,https://shared.akamai.steamstatic.com/store_item_assets/steam/apps/485430/ss_24de3e057769cdbdfe0bdff8d52ad659a5253380.1920x1080.jpg?t=1663095573,https://shared.akamai.steamstatic.com/store_item_assets/steam/apps/485430/ss_df5b2d5d125a82bd6f413c711951e6f518d88347.1920x1080.jpg?t=1663095573",Steam,Paid
1698870,Silver Axe - The Honest Elf,"Mar 4, 2023",0 - 20000,0,0,5.59,0,0,"Introducing 'Silver Axe: The Honest Elf' - a classic 2D action game that revolves around challenging boss battles set in an ancient fairy tale forest. As players fight off insomniac animals and embark on a journey to awaken the goddess, they will discover a world full of imagination and creativity. Based on Aesop's fable 'The Honest Woodcutter,' the game offers players an opportunity to face off against formidable foes, all while reclaiming the goddess's golden heart and unlocking the hidden power of the silver axe. Throughout the game, players will complete missions given to them by forest residents, gaining invaluable assistance in breaking through challenging levels. By gathering information on their enemies' weaknesses, using secret passages to launch surprise attacks, and organizing teammates for a free-spirited playthrough as an elf, players will experience a smooth and exciting gameplay experience. The game offers players the choice to rely on the assistance of forest residents to overcome obstacles, or to be an arrogant elf who relies on ancient powers to sweep away all obstacles. Each choice will take the story on a different path, ensuring that no two playthroughs are the same. Get ready to immerse yourself in the fascinating world of 'Silver Axe: The Honest Elf' and embark on an adventure like no other! Game Features A unique magic system that allows players to freely cast skills and spells by combining four buttons. Boss battles are the core of the level design, providing an uninterrupted combat experience. A fairy tale adventure full of imagination, where players can interact with cute and humorous animal residents. Smooth and challenging action design that tests players' gaming skills. Multiple branching storylines and endings, allowing players to awaken the goddess and uncover the secrets hidden deep in the forest.","['Traditional Chinese', 'Simplified Chinese', 'English']",[],Unknown,https://shared.akamai.steamstatic.com/store_item_assets/steam/apps/1698870/header.jpg?t=1751561156,https://www.facebook.com/theislandproduction,theislandgamestw@gmail.com,True,False,False,0,Unknown,0,81,7,Unknown,41,0,Unknown,0,0,0,0,The Island Games,The Island Games,"Single-player,Steam Achievements,Full controller support,Family Sharing","Action,Adventure,Indie,RPG","Exploration,Side Scroller,Metroidvania,Souls-like,2D Platformer,Platformer,Action RPG,Action-Adventure,RPG,Female Protagonist,2D,Cute,Story Rich,Multiple Endings,Controller,Action,Open World,Hand-drawn,Fantasy,Family Friendly","https://shared.akamai.steamstatic.com/store_item_assets/steam/apps/1698870/ss_ec9f1c4e440a248b21e19f905a19709b3787a1a9.1920x1080.jpg?t=1751561156,https://shared.akamai.steamstatic.com/store_item_assets/steam/apps/1698870/ss_2c3aa7280014f1c450794c68c1331d558c2ab892.1920x1080.jpg?t=1751561156,https://shared.akamai.steamstatic.com/store_item_assets/steam/apps/1698870/ss_e289804f0b4a597f8e7611b82a5bc5b4f94598d5.1920x1080.jpg?t=1751561156,https://shared.akamai.steamstatic.com/store_item_assets/steam/apps/1698870/ss_e14c7701c82f7a284bf9fc7abb9fba0bdad15d91.1920x1080.jpg?t=1751561156,https://shared.akamai.steamstatic.com/store_item_assets/steam/apps/1698870/ss_34b5f0d0dcecfc7e139fe0170fd01a44bebf3e4e.1920x1080.jpg?t=1751561156,https://shared.akamai.steamstatic.com/store_item_assets/steam/apps/1698870/ss_215dc3779e0d3462a7b8f9f453379c0866da5c95.1920x1080.jpg?t=1751561156",Steam,Paid
2075820,Controller Sync,"Nov 18, 2023",20000 - 50000,0,0,0.99,0,0,"Description Controller Sync is an arcade-style reaction game that lets you practice and compare your controller-skills with all other players. In order to play, you have to have an X-Box - or Playstation - like controller installed on your device. Gamemodes There are two main gamemodes in Controller Sync: Solo and Duo The Solo gamemode lets you focus on reaction speed and correct key usage , while you have to focus on good communication and synchronization in the Duo gamemode. You can play together with anyone! Leaderboard You can see the highscores of all players on the ingame-leaderboard. How does the game work? When starting a new game, you got 60 seconds to collect as many points as you can. Points can be gained by controlling a cursor with your joystick and pressing the right button for the nearest dot. Dots can either have the color blue or red . To collect a blue dot, you have to select blue as your controller color (The opposite with red dots). The collected dots are then stored in a blue or a red bar depending on the dot color. You can consume these bars to get one of three values increased: Blue bar - Time Red bar - Score (x2) Both Bars - Multiplier When you got no time left, the game is over and you see your new leaderboard-rank. So what are you waiting for? Practice your skills and prove them to others!",['English'],['English'],Unknown,https://shared.akamai.steamstatic.com/store_item_assets/steam/apps/2075820/header.jpg?t=1700319001,Unknown,matkhlgp@gmail.com,True,False,False,0,Unknown,0,5,0,Unknown,2,0,Unknown,0,0,0,0,Matti Kuehl,Matti Kuehl,"Single-player,Multi-player,Co-op,Online Co-op,Steam Achievements,Full controller support,Steam Leaderboards,Family Sharing","Action,Casual,Indie,Strategy","Action,Arcade,Casual,Controller,Clicker,Colorful,Strategy,Point & Click,Tactical,Turn-Based Tactics,Singleplayer,Indie,Co-op,2D,Family Friendly,1980s","https://shared.akamai.steamstatic.com/store_item_assets/steam/apps/2075820/ss_822ba258d0c563e7f5651026a83cc1bcb2ca40e9.1920x1080.jpg?t=1700319001,https://shared.akamai.steamstatic.com/store_item_assets/steam/apps/2075820/ss_59c5bcfd87046177917f89ded7f186e5fc6d1969.1920x1080.jpg?t=1700319001,https://shared.akamai.steamstatic.com/store_item_assets/steam/apps/2075820/ss_73aa406ac89422ace1c99da2b9b3abb99166f0e8.1920x1080.jpg?t=1700319001,https://shared.akamai.steamstatic.com/store_item_assets/steam/apps/2075820/ss_a57f277a4b278f0f98581571cc2f6c2beccdc696.1920x1080.jpg?t=1700319001,https://shared.akamai.steamstatic.com/store_item_assets/steam/apps/2075820/ss_29ae6b0ea5c0b04e04c43000d97996ca256e2829.1920x1080.jpg?t=1700319001",Steam,Paid
867790,Aeroplanoui,"Jul 18, 2018",0 - 20000,0,0,2.99,0,0,"You are tasked with protecting the asteroid mining operation, when the enemy starts the invasion. Protect your base from the incoming hostile forces for as long as you can to earn your place in the leaderboards. Aeroplanoui is an exciting, fast-paced action arcade shooter. Up to four friends can join forces and play online, to shoot your way to victory through hordes of enemy spaceship, tanks, drones and more.",['English'],[],Unknown,https://shared.akamai.steamstatic.com/store_item_assets/steam/apps/867790/header.jpg?t=1541004363,https://www.phoesion.com,support@phoesion.com,True,False,False,0,Unknown,0,6,1,Unknown,1,0,Unknown,0,0,0,0,Phoesion,Phoesion,"Single-player,Multi-player,Co-op,Online Co-op,Steam Achievements,Partial Controller Support,Steam Cloud,Steam Leaderboards,Family Sharing","Action,Indie,Simulation","Simulation,Action,Indie,Co-op,Fast-Paced,Arcade,Singleplayer,Shoot 'Em Up,Flight,Shooter","https://shared.akamai.steamstatic.com/store_item_assets/steam/apps/867790/ss_6bc0f0ca084f60eca919e32da5c02eb56082a699.1920x1080.jpg?t=1541004363,https://shared.akamai.steamstatic.com/store_item_assets/steam/apps/867790/ss_7b80ee90ce7e6a32c6e9ceb160ea85563d437dc1.1920x1080.jpg?t=1541004363,https://shared.akamai.steamstatic.com/store_item_assets/steam/apps/867790/ss_020b791be714ee238bb0f6bb4548f6c35b7a5831.1920x1080.jpg?t=1541004363,https://shared.akamai.steamstatic.com/store_item_assets/steam/apps/867790/ss_4603965ae1e5c25bb41cbc011a074a50bffb5fed.1920x1080.jpg?t=1541004363,https://shared.akamai.steamstatic.com/store_item_assets/steam/apps/867790/ss_5d5d2407b8c1ea0b19b70cd51e8f20455203ccf6.1920x1080.jpg?t=1541004363",Steam,Paid
3510620,密约:重启 Playtest,"Feb 25, 2025",0 - 0,0,0,0.0,0,0,Unknown,[],[],Unknown,https://shared.akamai.steamstatic.com/store_item_assets/steam/apps/3510620/header.jpg?t=1740551062,Unknown,Unknown,True,False,False,0,Unknown,0,0,0,Unknown,0,0,Unknown,0,0,0,0,Unknown,Unknown,Unknown,Unknown,Unknown,Unknown,Steam,Free
2213070,Seed of Pandora: Legend of the Gaia Tree,"Feb 6, 2025",0 - 20000,0,0,3.49,0,0,"Introduction Seed of Pandora is a solo-indie developed RPG in the classic 16 bit pixel art style. Embark on an epic adventure across the continent of Pandora as you meet helpful companions along the way that will become lifelong friends. Discover the many secrets of this fully realized 16 bit world. Beautiful anime cutscenes bring the story to life with gorgeous hand drawn art. With a fast paced turn-based battle system Seed of Pandora feels like a game made in the golden era of RPG's, but with many modern day quality of life improvements and an emphasis on fun gameplay. The Story In the Kingdom of Garda, on the southernmost continent of Pandora, there lives the great Gaia Tree, the tree of life. The seeds of the Gaia Tree are said to have given rise to all life in the world. The Gaia Sect, a group of monks originally tasked with protecting the Gaia Tree, banished to the endless Southern Seas by the first King of Garda. They stood accused of abusing the power they derived from the Gaia Tree's magical seeds. Over a century has passed since the war against the Gaia Sect. The citizens of Garda enjoy a simple life of relative peace. This is where our adventure begins...",['English'],[],Unknown,https://shared.akamai.steamstatic.com/store_item_assets/steam/apps/2213070/header.jpg?t=1762376338,https://radicalpixelgames.com/seed-of-pandora/,support@radicalpixelgames.com,True,False,False,0,Unknown,0,8,7,Unknown,0,0,Unknown,0,0,0,0,Radical Pixel Games,Pandora Media Group Corp,"Single-player,Partial Controller Support,Family Sharing",RPG,"RPG,2D,Anime,Pixel Graphics,Sci-fi,Fantasy,Turn-Based Combat,Singleplayer,Retro,Indie,JRPG,Story Rich,Controller,Adventure,Tactical,Colorful,Strategy RPG,Choose Your Own Adventure,Old School,Crowdfunded","https://shared.akamai.steamstatic.com/store_item_assets/steam/apps/2213070/ss_6e1ba553e968403874c856cf5389101ce4ca56cb.1920x1080.jpg?t=1762376338,https://shared.akamai.steamstatic.com/store_item_assets/steam/apps/2213070/ss_3e984bfb7d4f6c8b37456bf7f0b40f716bc67bcd.1920x1080.jpg?t=1762376338,https://shared.akamai.steamstatic.com/store_item_assets/steam/apps/2213070/ss_2518baca00ec112fdb9fa4af600432aaaa109502.1920x1080.jpg?t=1762376338,https://shared.akamai.steamstatic.com/store_item_assets/steam/apps/2213070/ss_a285789992b7596a206bca11c9b74f8d49bf373b.1920x1080.jpg?t=1762376338,https://shared.akamai.steamstatic.com/store_item_assets/steam/apps/2213070/ss_2f82c2a7157ff8eb91fabd465100c59e5e91a8c6.1920x1080.jpg?t=1762376338,https://shared.akamai.steamstatic.com/store_item_assets/steam/apps/2213070/ss_9068c5b4392a32e8dbd6cfca63d63a1b4753af84.1920x1080.jpg?t=1762376338,https://shared.akamai.steamstatic.com/store_item_assets/steam/apps/2213070/ss_d0a48a6f586d4c08f7a8c6de2b8840f279dbf52b.1920x1080.jpg?t=1762376338",Steam,Paid
1770180,Heroes of Agora,"Oct 25, 2021",0 - 0,0,0,0.0,0,0,"Very simple multiplayer online 3rd person PvP combat arena featuring both ranged and melee style combat. This is basic, barebones, straight up PvP, no main menu, no options, no matchmaking, just make a lobby or join one. Key features : a variety of characters to choose from, 2-8 players in one arena and three different arenas to choose between. You can either get up close and personal with a melee character like Ol' Saint Rik and deal out the pain up close with brutal combo attacks or stay back and pick your opponents off from a distance with characters like Rampage who likes to launch rocks at his enemies.",['English'],['English'],Unknown,https://shared.akamai.steamstatic.com/store_item_assets/steam/apps/1770180/header.jpg?t=1756461315,Unknown,luciengame94@gmail.com,True,False,False,0,Unknown,0,0,0,Unknown,0,0,Unknown,0,0,0,0,ZabuzaMomochiPro,ZabuzaMomochiPro,"Multi-player,PvP,Online PvP,Full controller support",Action,Unknown,"https://shared.akamai.steamstatic.com/store_item_assets/steam/apps/1770180/ss_66494d77b314a38e0c95c9dc1eea4619b08a6a33.1920x1080.jpg?t=1756461315,https://shared.akamai.steamstatic.com/store_item_assets/steam/apps/1770180/ss_0c182a923b84aa4f994c523846aab08123e65117.1920x1080.jpg?t=1756461315,https://shared.akamai.steamstatic.com/store_item_assets/steam/apps/1770180/ss_5aeb7f1a536a2d10292255af924bf3e655a39072.1920x1080.jpg?t=1756461315,https://shared.akamai.steamstatic.com/store_item_assets/steam/apps/1770180/ss_faaf142f1e31762382a35b35ed89356feb2ca553.1920x1080.jpg?t=1756461315,https://shared.akamai.steamstatic.com/store_item_assets/steam/apps/1770180/ss_00cd741241f9434813da82bcf1bbbb9ebead9b8c.1920x1080.jpg?t=1756461315",Steam,Free
1342120,Castaway of the Ardusta Sea,"Jul 8, 2022",20000 - 50000,0,0,7.49,50,0,"An adventurer, Aisha, takes on a quest from the adventurer's guild and plunges headfirst into danger once again. This time, she sets off by ship and is assailed by a sudden storm and a fearsome, giant monster. The struggle ends as she falls overboard and is cast away to an unknown island. However, it appears that the pirates controlling the island aren’t the only threat. There’s also a huge sea monster that sinks any ship it encounters to worry about! Aisha must now find a safe way home from the Ardusta Sea! In this classic, turned-based puzzle RPG, you control Aisha and try to solve the mysteries of the island while limited on equipment and gear. On top of that, fighting head-on isn't exactly her forte, so you'll have to be creative in finding your way off the island. Invest points into Aisha's assassination skills to deal with enemies directly, or simply get around by sneaking past any possible threat! Aisha can also learn skills that help her avoid fights! There are many ways to play. Replayability There are various ways to enjoy Castaway of the Ardusta Sea. You can stealth your way through the entire game or fight everything in sight! Every run is a new adventure to enjoy! Multiple Ways to Clear the Game! Aisha has many different ways to return to the mainland alive. Will she save only herself, or save the others as well? Will she take a dangerous approach, or play it safe? Will she unravel the mysteries of the island, or avoid them entirely? The choice is yours! Take advantage of Aisha's training as a thief to reach your goals!","['English', 'Japanese', 'Simplified Chinese']",[],Unknown,https://shared.akamai.steamstatic.com/store_item_assets/steam/apps/1342120/header.jpg?t=1749033442,https://www.kaguragames.com/,info@kaguragames.com,True,False,False,0,Unknown,0,77,20,Unknown,0,0,Castaway of the Ardusta Sea contains strong language.,445,0,445,0,baron sengia,Kagura Games,"Single-player,Steam Cloud,Family Sharing","Action,Adventure,Indie,RPG","Adventure,Action,RPG,Anime,Singleplayer,Sexual Content,Indie,RPGMaker,Nudity,Hentai,Mature,2D,Female Protagonist","https://shared.akamai.steamstatic.com/store_item_assets/steam/apps/1342120/ss_a643dfe7d3343799b8e3a45a9519ddcdb1001855.1920x1080.jpg?t=1749033442,https://shared.akamai.steamstatic.com/store_item_assets/steam/apps/1342120/ss_c49abecddfff3bf88c77a5dc5181ce0a81398aa1.1920x1080.jpg?t=1749033442,https://shared.akamai.steamstatic.com/store_item_assets/steam/apps/1342120/ss_6af1d49c18df37f8a40f20d291dc6b2ab4ed89a2.1920x1080.jpg?t=1749033442,https://shared.akamai.steamstatic.com/store_item_assets/steam/apps/1342120/ss_e1e9063e100da9eb22f0475fefcdf03edf4ff1a8.1920x1080.jpg?t=1749033442,https://shared.akamai.steamstatic.com/store_item_assets/steam/apps/1342120/ss_c8ecf560d95cfcb494f92023f0fdd34fa6aa3413.1920x1080.jpg?t=1749033442",Steam,Paid
2713630,Black Market,"Jan 24, 2025",0 - 0,0,0,0.0,0,0,"Black Market is an item shop simulator where you are a shopkeeper that pawns items and strikes deals with your villainous customers in order to make rent. It’s a cutthroat world out there. Controls: - WASD or Arrow Keys to Navigate - Hit E key or Enter to Submit or Progress Dialogue - Escape Key will bring up an options menu - Alt + Enter to toggle fullscreen Commands: [Talk] - You talk. Do it sometimes! [Inventory] - Opens your inventory, including money and guards [Deal] - Automatically trade with a villain, only works if you have exactly what they want [Hire] - You pay money so the villain protects your shop for one night. Hiring two characters for one night is a waste of a money! [Barter] - Choose any number of items to trade with a villain. Careful, if you offer them something they don't like, they will be take their business elsewhere. [Reject] - Refuse a villain's business",['English'],[],Unknown,https://shared.akamai.steamstatic.com/store_item_assets/steam/apps/2713630/header.jpg?t=1737717917,Unknown,me@stevennosov.com,True,False,False,0,Unknown,0,0,0,Unknown,0,0,Unknown,0,0,0,0,Wani Games LLC,Wani Games LLC,Single-player,"Casual,Indie,Simulation",Unknown,"https://shared.akamai.steamstatic.com/store_item_assets/steam/apps/2713630/ss_f94f6ba8d86f77143c30ab31806cbf049ffbd453.1920x1080.jpg?t=1737717917,https://shared.akamai.steamstatic.com/store_item_assets/steam/apps/2713630/ss_8801149410842f43ba614660c0c633a035ada3a9.1920x1080.jpg?t=1737717917,https://shared.akamai.steamstatic.com/store_item_assets/steam/apps/2713630/ss_17dcdd31b8b294d39d23732deaeed89ccce334f2.1920x1080.jpg?t=1737717917,https://shared.akamai.steamstatic.com/store_item_assets/steam/apps/2713630/ss_18c9fae33a5bacc3085e8a29a649dafb24605b66.1920x1080.jpg?t=1737717917,https://shared.akamai.steamstatic.com/store_item_assets/steam/apps/2713630/ss_8d98ad4a8ff2b63aa7abcf926803507c7f5a542d.1920x1080.jpg?t=1737717917",Steam,Free
733990,I Can't Believe It's Not Gambling,"Dec 11, 2017",0 - 20000,9,0,0.54,45,0,"I Can't Believe It's Not Gambling skips the boring gameplay part of your game and takes you straight to what you really care about: Opening lootboxes! Experience the thrill of never getting the thing you really want while getting duplicate loot of the thing you don't really care about! Features include: Complete Loot System! Set of trash, common, uncommon, rare, epic, and legendary loot boxes and loot! 6 full tiers of loot boxes in development, with more on the way! Usually we just change the tint! Massive Collection System! Collect them All! We'll constantly remind you of the fact that your collections are incomplete. Don't worry, you can solve that with more purchases! Customize it! Loot boxes contain boxes, skins and hats. Boxes unlock... moar boxes! Get hats for your Customized Loot Box Loadout!","['English', 'Simplified Chinese']",[],“It's hard to say it's a 'good game' but it's better than it has any right to be. It's just a loot box sim. It's all it does. But it gives you that gambling high without the gambling debt!” Jim Sterling “Loot Boxes are ALL THE RAGE!! So why not make a game that captures the EXTREME SATISFACTION of opening loot boxes in a safe space so you can save your money!” Markiplier “Other ways to get loot chests? I don't want to have to play the game to get the loot chests for I can't believe it's not gambling - can I just buy them on the Steam Community Market instead?” 'Bob' the Space Cadet,https://shared.akamai.steamstatic.com/store_item_assets/steam/apps/733990/header.jpg?t=1727115028,http://www.icantbelieveitsnotgambling.com,support@mutantstudios.com,True,False,True,0,Unknown,0,1499,140,Unknown,29,1529,Unknown,1643,0,164,0,Mutant Entertainment Studios,Mutant Entertainment Studios,"Single-player,Steam Achievements,Steam Cloud,Family Sharing","Casual,Simulation","Loot,Memes,Funny,Satire,Collectathon,Comedy,Clicker,3D,Point & Click,Parody,Psychological Horror,Relaxing,Simulation,Anime,Casual,Gambling,Realistic,Resource Management,Singleplayer,Horror","https://shared.akamai.steamstatic.com/store_item_assets/steam/apps/733990/ss_f46c891dbee4bb717b8bcc723a584a09971a5ad8.1920x1080.jpg?t=1727115028,https://shared.akamai.steamstatic.com/store_item_assets/steam/apps/733990/ss_e9101c60abac61b3d7980f9a68e64043c79e4834.1920x1080.jpg?t=1727115028,https://shared.akamai.steamstatic.com/store_item_assets/steam/apps/733990/ss_7c68bf74be4603f3825706b84306038f415fd078.1920x1080.jpg?t=1727115028,https://shared.akamai.steamstatic.com/store_item_assets/steam/apps/733990/ss_d1f0f573197a449882c1f34cd3458a6f3c2157fe.1920x1080.jpg?t=1727115028,https://shared.akamai.steamstatic.com/store_item_assets/steam/apps/733990/ss_3135b599f4644cd56a4ab7cc3c79baba9146b1c0.1920x1080.jpg?t=1727115028,https://shared.akamai.steamstatic.com/store_item_assets/steam/apps/733990/ss_8fe43cc3b75c2b2410170f151aa320537c06c7d9.1920x1080.jpg?t=1727115028,https://shared.akamai.steamstatic.com/store_item_assets/steam/apps/733990/ss_3a4bda07b9fa3dbd5117c03f1bc186a8233b1b59.1920x1080.jpg?t=1727115028,https://shared.akamai.steamstatic.com/store_item_assets/steam/apps/733990/ss_96f3b79d0fadde9057a437a1e3f1a23ceea6c6a5.1920x1080.jpg?t=1727115028,https://shared.akamai.steamstatic.com/store_item_assets/steam/apps/733990/ss_292d3c52dce8ec28a981e9016bf42107abc8eb58.1920x1080.jpg?t=1727115028",Steam,Paid
1430220,BIOMORPH,"Apr 5, 2024",20000 - 50000,4,0,12.99,35,0,"In BIOMORPH, players must use their skills to explore a vast, varied world. Solve puzzles and platforming challenges, fight deadly monsters and take their shapes to use their powers. But beware – every conquered creature can come back with new and even more threatening powers. Players will level-up their character as they fight through the vast areas around the city, collecting new abilities, mementos and chips. The journey will reveal surprising and alarming truths about our hero’s own origins. Play as the enemies by killing them and taking their shape. You will be able to use their skills to fight other enemies or use their powers to navigate in uncharted territories. Fight your way through a challenging AI system where previously mimicked creatures unlock new powers to create a unique experience while revisiting areas of the game. Choose your fighting style by using an arsenal of melee and range weapons, each of them having its own upgrade tree, to bash and shoot enemies. Create different builds in support of your play style by equipping and mixing different unique skills that you can upgrade. Explore a vast non-linear, interconnected world composed of many different environments, home of optional boss fights, eccentric NPCs, tons of secrets and upgrades to reward the most daring explorer. Rebuild the city of Blightmoor and befriend it's inhabitants, learning more about their daily life and the town’s origins. Customize the look of the city to make it your own.","['English', 'French', 'Simplified Chinese', 'Portuguese - Brazil', 'Japanese', 'Russian']",[],"“BIOMORPH is an excellent metroidvania with a unique approach that seeks to make its place among the most memorable of the genre. It's fun, challenging and fresh. A must play for metroidvania lovers. (Translated from Spanish)” 8.5/10 – NaviGames “For me, BIOMORPH is sliding straight in at the S tier. It is at the Will of the Wisps level of fun for me.” S tier – Demajen “I have to say that the art just looked jaw-dropping on the smaller screen so this is a great fit for the Steam Deck. BIOMORPH is a great metroidvania with a unique twist on the genre.” Great – I Dream of Indie Games",https://shared.akamai.steamstatic.com/store_item_assets/steam/apps/1430220/header.jpg?t=1756078821,https://www.luciddreamsstudio.com/biomorph,support@luciddreamsstudio.com,True,False,False,0,Unknown,0,520,42,Unknown,30,565,Cartoon violence and blood.,641,0,641,0,Lucid Dreams Studio,Lucid Dreams Studio,"Single-player,Steam Achievements,Full controller support,Custom Volume Controls,Adjustable Difficulty,Keyboard Only Option,Stereo Sound,Steam Cloud,Family Sharing","Action,Adventure","Metroidvania,Platformer,Action,Adventure,Combat,2D Platformer,Exploration,Action-Adventure,2D,Dark Comedy,Lore-Rich,Multiple Endings,Story Rich,Nonlinear,Hand-drawn,Dark Fantasy,Artificial Intelligence,Singleplayer,Female Protagonist,Simulation","https://shared.akamai.steamstatic.com/store_item_assets/steam/apps/1430220/ss_d55486bb7938bfb671bb784a6878ae833af53511.1920x1080.jpg?t=1756078821,https://shared.akamai.steamstatic.com/store_item_assets/steam/apps/1430220/ss_97a27927d7f56ac67e45f6ca24d60aeed5dc87d7.1920x1080.jpg?t=1756078821,https://shared.akamai.steamstatic.com/store_item_assets/steam/apps/1430220/ss_343ca313a3cede765c044dcc70fa303b7ed9673e.1920x1080.jpg?t=1756078821,https://shared.akamai.steamstatic.com/store_item_assets/steam/apps/1430220/ss_44b39f9c4f2f713a8ccd59b60033cb8b57e74209.1920x1080.jpg?t=1756078821,https://shared.akamai.steamstatic.com/store_item_assets/steam/apps/1430220/ss_1e9c5d12c80053032f87898d624568bf71bea6be.1920x1080.jpg?t=1756078821,https://shared.akamai.steamstatic.com/store_item_assets/steam/apps/1430220/ss_1f0061ac5cf7eb28b9aa19a70a1bae15545c1041.1920x1080.jpg?t=1756078821,https://shared.akamai.steamstatic.com/store_item_assets/steam/apps/1430220/ss_0620e556c3e5871e9b46f3768431ddb3f8eba2e8.1920x1080.jpg?t=1756078821,https://shared.akamai.steamstatic.com/store_item_assets/steam/apps/1430220/ss_f07e0ddd2a870ce2466e1fa0f3e3426a5d2eb805.1920x1080.jpg?t=1756078821,https://shared.akamai.steamstatic.com/store_item_assets/steam/apps/1430220/ss_448f7fa611c1a853053f01ea128e7194998e6a88.1920x1080.jpg?t=1756078821,https://shared.akamai.steamstatic.com/store_item_assets/steam/apps/1430220/ss_e549445912a783431f942ef66993aff045aee8b0.1920x1080.jpg?t=1756078821,https://shared.akamai.steamstatic.com/store_item_assets/steam/apps/1430220/ss_720aaeef8b91932904d8d4083d6ae4b3e32d6db5.1920x1080.jpg?t=1756078821,https://shared.akamai.steamstatic.com/store_item_assets/steam/apps/1430220/ss_c5561493f74772dfb98b1fe60f39b465271d8a71.1920x1080.jpg?t=1756078821",Steam,Paid
6030,STAR WARS™ Jedi Knight II - Jedi Outcast™,"Sep 16, 2009",500000 - 1000000,40,0,4.99,50,0,"The Legacy of Star Wars Dark Forces™ and Star Wars® Jedi Knight lives on in the intense first-person action of Jedi Outcast. As Kyle Katarn, agent of the New Republic, use your Lightsaber and the full power of the Force to combat a new evil plaguing the galaxy. Wield over 8 Force abilities including the Jedi Mind Trick, Force Lightning and Force Grip. Choose wisely from an arsenal of 13 weapons including disruptor rifle, thermal detonators, trip mines and Wookiee bowcaster. Play on-line with 2-32 players or against a variety of AI Bots - and gain an additional 7 Force powers. Test your skills in 24 single-player missions and in 6 different types of multiplayer games including Jedi Master, Holocron, Capture the Ysalamiri, Duel, Deathmatch and Capture the Flag. Interact with legendary Star Wars characters such as Luke Skywalker and Lando Calrissian (featuring the voice of Billy Dee Williams as Lando.) Developed by critically acclaimed Raven Studios and powered by the Quake III Arena engine.","['English', 'French', 'German', 'Spanish - Spain', 'Traditional Chinese']","['English', 'French', 'German', 'Traditional Chinese']",Unknown,https://shared.akamai.steamstatic.com/store_item_assets/steam/apps/6030/header.jpg?t=1741814017,http://www.lucasarts.com,Unknown,True,True,False,89,https://www.metacritic.com/game/pc/star-wars-jedi-knight-ii-jedi-outcast?ftag=MCD-06-10aaa1f,0,4281,413,Unknown,0,3926,Unknown,392,0,117,0,Raven Software,"LucasArts,Lucasfilm,Disney","Single-player,Multi-player,PvP,Online PvP,Shared/Split Screen PvP,Partial Controller Support,Steam Cloud,Remote Play Together,Family Sharing",Action,"Action,Classic,Sci-fi,FPS,Multiplayer,Third Person,Singleplayer,Shooter,Story Rich,Adventure,Third-Person Shooter,First-Person,Cult Classic,Great Soundtrack,Swordplay,Space,Atmospheric,Moddable,Hack and Slash,Local Multiplayer","https://shared.akamai.steamstatic.com/store_item_assets/steam/apps/6030/ss_2acbd4cd010406dbebee260e5fab727ca39321c6.1920x1080.jpg?t=1741814017,https://shared.akamai.steamstatic.com/store_item_assets/steam/apps/6030/ss_f191185316714a36f3160e26fc012bb88f6a44e3.1920x1080.jpg?t=1741814017,https://shared.akamai.steamstatic.com/store_item_assets/steam/apps/6030/ss_e8c2e29b61620b6fefa566fdde68e03bad51c9ff.1920x1080.jpg?t=1741814017,https://shared.akamai.steamstatic.com/store_item_assets/steam/apps/6030/ss_7f02fd0575f5a35b3902634f8203fe89f6851213.1920x1080.jpg?t=1741814017,https://shared.akamai.steamstatic.com/store_item_assets/steam/apps/6030/ss_01d483530584f7fc7e98d603161d3deda845944f.1920x1080.jpg?t=1741814017,https://shared.akamai.steamstatic.com/store_item_assets/steam/apps/6030/ss_b376c5d3c84a6d7574845395a2db19cd3c18e53c.1920x1080.jpg?t=1741814017,https://shared.akamai.steamstatic.com/store_item_assets/steam/apps/6030/ss_7e9f5fd0c3d1fadca97888ed5d6c256a2d5167e7.1920x1080.jpg?t=1741814017,https://shared.akamai.steamstatic.com/store_item_assets/steam/apps/6030/ss_cf19103004001d4297a93855d50a6bf045ea1db4.1920x1080.jpg?t=1741814017,https://shared.akamai.steamstatic.com/store_item_assets/steam/apps/6030/ss_2da7818c75a9993f67444c5d7f3a3d8033d4f9db.1920x1080.jpg?t=1741814017,https://shared.akamai.steamstatic.com/store_item_assets/steam/apps/6030/ss_edc4f4b80aa1b95524881b620d8fc46ce737d34d.1920x1080.jpg?t=1741814017,https://shared.akamai.steamstatic.com/store_item_assets/steam/apps/6030/ss_27006c190c160835a3671437f7ef3df5116d6b5a.1920x1080.jpg?t=1741814017,https://shared.akamai.steamstatic.com/store_item_assets/steam/apps/6030/ss_a111b59fa7917699e28bea92e8a53553c4b2e77a.1920x1080.jpg?t=1741814017,https://shared.akamai.steamstatic.com/store_item_assets/steam/apps/6030/ss_3d572805b4b1b759d6f1567bea1dc5bf9f6eeeb0.1920x1080.jpg?t=1741814017,https://shared.akamai.steamstatic.com/store_item_assets/steam/apps/6030/ss_512c09be75acf83ed4adfe1ceb0fdecc828f79e9.1920x1080.jpg?t=1741814017",Steam,Paid
2155500,KFZ,"Oct 5, 2022",0 - 20000,0,0,1.99,0,0,"KFZ is a Zombie wave based shooter featuring 9 levels and plenty of Gore Everything From Small to Large Maps Survive 9 levels of endless zombie waves Countless different types of weapons everything from small guns to large semi-automatic machine guns Also laser guns, ray guns, glamor guns everything to survive do you have it in you.... With this purchase of KFZ includes nine levels several different gun types and Endless fun for everyone",['English'],['English'],Unknown,https://shared.akamai.steamstatic.com/store_item_assets/steam/apps/2155500/header.jpg?t=1664981335,Unknown,lostman7@live.com,True,False,False,0,Unknown,0,0,2,Unknown,0,0,Unknown,0,0,0,0,Busy Cat Games,James Rhymer,"Single-player,Partial Controller Support,Family Sharing","Action,Adventure,Casual,Indie","Action,Adventure,Shooter,Arena Shooter,First-Person,Alternate History,America,Atmospheric,Horror,Nature,Post-apocalyptic,Psychological Horror,Survival,Survival Horror,Tactical,Zombies,Combat,PvE,Singleplayer,Indie","https://shared.akamai.steamstatic.com/store_item_assets/steam/apps/2155500/ss_9960bdfc68651c8177c90cc2834d72173f4eb845.1920x1080.jpg?t=1664981335,https://shared.akamai.steamstatic.com/store_item_assets/steam/apps/2155500/ss_1242f47046dfbf49429535570034106b3f176fda.1920x1080.jpg?t=1664981335,https://shared.akamai.steamstatic.com/store_item_assets/steam/apps/2155500/ss_3e40747b1a55aa947f450c668e0b06926f3e95cb.1920x1080.jpg?t=1664981335,https://shared.akamai.steamstatic.com/store_item_assets/steam/apps/2155500/ss_4ce7bfd1a123faad6ebc08972f72d32e7c6d4de0.1920x1080.jpg?t=1664981335,https://shared.akamai.steamstatic.com/store_item_assets/steam/apps/2155500/ss_69c3df33aa4c09d0a40fea1cc5e8d2a077af0c98.1920x1080.jpg?t=1664981335",Steam,Paid
781000,Mystic Space,"Feb 6, 2018",0 - 20000,0,0,1.49,0,0,Mystic Space is a fast-paced high action game where you encounter deadly enemies with unique abilities through various waves. Fight your best to kill your enemies &amp; achieve the highest score you can and upgrade your space ship as you proceed to next waves. Features: Various waves with different difficulties to play through. Plenty of enemies with own unique abilities. Ship upgrades: Combine your ideal gear to fight better. Compete against other players on the Steam leaderboard.,['English'],[],Unknown,https://shared.akamai.steamstatic.com/store_item_assets/steam/apps/781000/header.jpg?t=1761845319,Unknown,goetheden@gmail.com,True,False,False,0,Unknown,0,9,7,Unknown,500,0,Unknown,7,0,7,0,Goetheden,Unknown,"Single-player,Steam Achievements,Steam Cloud,Steam Leaderboards,Family Sharing","Action,Adventure,Casual,Indie","2D,Character Action Game,Action,Shoot 'Em Up,Casual,Indie,Adventure,Hand-drawn,Sci-fi,Action-Adventure,Beat 'em up,Cute,Anime,Exploration,2D Platformer,Cartoony,Colorful,Shooter,Point & Click,Precision Platformer","https://shared.akamai.steamstatic.com/store_item_assets/steam/apps/781000/ss_82e9ca63401ed383c0e65c224472d6a00a4863a2.1920x1080.jpg?t=1761845319,https://shared.akamai.steamstatic.com/store_item_assets/steam/apps/781000/ss_a1da5cb947ff9f69084ed307a8abf5ab380666d5.1920x1080.jpg?t=1761845319,https://shared.akamai.steamstatic.com/store_item_assets/steam/apps/781000/ss_f57f9011c15c0c39306688d8142d67163aea1f9a.1920x1080.jpg?t=1761845319,https://shared.akamai.steamstatic.com/store_item_assets/steam/apps/781000/ss_92af8bcba23a3fd281621696a6b7928cfe9d6df6.1920x1080.jpg?t=1761845319",Steam,Paid
2272560,The Bread Must Rise,"Sep 28, 2023",0 - 20000,0,0,4.79,0,0,"In this magical baking contest, you'll team up with the Queen Undying to bake your rivals into an early grave—or out of the grave, with necromancy! The Bread Must Rise is a 450,000-word interactive comedy/fantasy/baking/eldritch horror novel by James Beamon and Stewart C Baker. It's entirely text-based, without graphics or sound effects, and fueled by the vast, unstoppable power of your imagination. Also, by lots of terrible jokes. Nebula Award Finalist for Best Game Writing in the 59th Annual Nebula Awards! You've been chosen as one of six contestants in the Great Godstone Bakeoff! Godstone, renowned throughout the twelve mostly civilized realms as the 'city of a thousand bakeries,' is not what it once was. The Queen Undying, a necromancer rumored to have a taste for human blood, has filled its streets with terror, while the robe-shrouded members of the Carb Freeon cult threaten bakers with impunity. And something is off with the City Council, a group of shadowy figures who nobody ever remembers seeing. You're one of Godstone's top bakers, with a scrappy little business, a mysterious confectionary legacy from your late parents, and a former best friend who stole your recipes to make his own fame and fortune. You’ve got a lot to prove in this competition, and you’ll stop at nothing to reach the top of the profiterole tower. But everything changes when the Queen Undying herself appears at your bakery. The queen has forced you to become her newest thrall, helpless to resist her eldritch power. And, for mysterious reasons, she's commanding you to make her your baking assistant! Exercise your breadcraft magic to turn the saddest soggiest-bottomed bakes into stunning showstoppers; sweet-talk the judges into giving you the win; or just put in good old-fashioned hard work. If you're not satisfied with just making bread rise, maybe you'll start making the dead rise, too: necromancy is powerful, and the Queen Undying's spells might be just what you need to complete that recipe...or to take down your rival once and for all. Play up to the press, win the adoration of your fans, and navigate the influence of the Carb Freeon cult as you bake your way to fame! The farther you go in the tournament, the closer you get to learning the secrets of your own past, uncovering clues about your parents' life and death. And the closer you come to learning the City Council's shadowy plans for Godstone… • Nebula Award Finalist for Best Game Writing in the 59th Annual Nebula Awards. Play as male, female, or nonbinary; gay, straight, bi, pan, or asexual. Choose your ingredients: play in omnivore, vegetarian, or vegan mode. Manage your budget to fill your pantry with the finest magical and mundane ingredients. Find love with Godstone's fanciest food critic, a dreaded necromancer, a former adventurer, the Bakeoff's charismatic host, or even your best-friend-turned-worst-enemy! Quell the Carb Freeon cult or join its ranks. Sell out to the realm's biggest bakery franchise or triumph as a plucky small business owner. Gaze upon the horrors of eldritch dimensions. Will you take home the trophy or fade into bland obscurity? One thing's for sure: you'll never look at brownies the same way again.",['English'],[],Unknown,https://shared.akamai.steamstatic.com/store_item_assets/steam/apps/2272560/header.jpg?t=1734034948,https://www.choiceofgames.com/bread-must-rise/,support-breadmustrise-steam@choiceofgames.com,True,True,True,0,Unknown,0,4,0,Unknown,57,0,Unknown,271,0,271,0,Choice of Games,Choice of Games,"Single-player,Steam Achievements,Steam Cloud,Family Sharing","Adventure,Casual,Indie,RPG","Adventure,Casual,Comedy,RPG,Cooking,Fantasy,Lovecraftian,Interactive Fiction,Text-Based,Choose Your Own Adventure,Indie,Choices Matter,Multiple Endings,Story Rich,Singleplayer","https://shared.akamai.steamstatic.com/store_item_assets/steam/apps/2272560/ss_f8e98ea75ad14359ecc00fab362a43162e8317f1.1920x1080.jpg?t=1734034948,https://shared.akamai.steamstatic.com/store_item_assets/steam/apps/2272560/ss_8acd0beebc3ba2a881702a5d7a708c2f9e61451a.1920x1080.jpg?t=1734034948,https://shared.akamai.steamstatic.com/store_item_assets/steam/apps/2272560/ss_f2a304ce77a41713ad85a09a69fd889ec74bd10a.1920x1080.jpg?t=1734034948,https://shared.akamai.steamstatic.com/store_item_assets/steam/apps/2272560/ss_e9e90e6b868e658af56cd075b342c5494886da9e.1920x1080.jpg?t=1734034948,https://shared.akamai.steamstatic.com/store_item_assets/steam/apps/2272560/ss_7f52ce660294f78d1ca7cc044f364640e32bcf96.1920x1080.jpg?t=1734034948",Steam,Paid
3664570,QUADRA CLASH Playtest,"Apr 19, 2025",0 - 0,0,0,0.0,0,0,Unknown,[],[],Unknown,https://shared.akamai.steamstatic.com/store_item_assets/steam/apps/3664570/ef1ad70e8574c05cc0634e8b8623dfdcb85a9508/header.jpg?t=1745092988,Unknown,Unknown,True,False,False,0,Unknown,0,0,0,Unknown,0,0,Unknown,0,0,0,0,Unknown,Unknown,Unknown,Unknown,Unknown,Unknown,Steam,Free
2711620,Aery - Midnight Hour,"Oct 19, 2024",0 - 20000,0,0,4.99,0,0,"In Aery – Midnight Hour you play a little bird on its journey to the devils Halloween party after hearing Dracula talk about it. Enjoy your journey as a little bird and enjoy the feeling of flying while exploring a whole world filled with beautiful, and scary little secrets. Within every area of the world, you must find a certain amount of memory shards to remember the path that leads to your destination and advance with the story. Once you have found all the memory shards you are free to explore the next area. Story mode: You start in the middle of a dark and scary environment. A huge castle is right next to you – the castle of Dracula. The sky is red, and you know it is midnight hour. You are a little bird which moves continuously forward and are free to fly wherever you want. You fly around the castle and start exploring your surroundings. Everything spooky but also kind of cute. After you have played around a little and enjoyed the sensation of flying you start to discover the nearby areas and hidden secrets. You fly towards the entrance of Dracula’s castle. Once you come closer you see a bright shining memory shard right in front of you. The memory shards are hidden all over the different worlds and contain memories and information about the different levels, the background story and the path that you will need to take to reach your goal. You fly towards the shard and collect it. Once you have found a certain amount of memory shards you will be able to remember the right path and can enter the next area - the story continues. On your journey you will follow the story of your little bird who overheard Dracula talking about the Halloween party of the devil. You go on an adventure to make it to the party and overcome the challenges of the devil to get invited. Each level has a different color theme, general setting, mood and represents the next step in your journey and the different places the little bird visited on its journey. At the beginning of each area is a short break in which you are told about the thought that you are in right now. The game is a relaxing, abstract flight simulation so there are no enemies or anything else that can harm you. It is a little scary at times but generally has pretty child friendly graphics and overall mood.",['English'],['English'],Unknown,https://shared.akamai.steamstatic.com/store_item_assets/steam/apps/2711620/header.jpg?t=1729353271,Unknown,info@epixrgames.com,True,False,False,0,Unknown,0,1,0,Unknown,10,0,Unknown,0,0,0,0,EpiXR Games UG,EpiXR Games UG,"Single-player,Steam Achievements,Full controller support,Family Sharing","Casual,Indie,Simulation","Casual,Singleplayer,Vampire,3D,Futuristic,Arcade,Horror,Atmospheric,Relaxing,Exploration,Family Friendly,Colorful,Indie,Well-Written,Simulation,Linear,Flight,Walking Simulator","https://shared.akamai.steamstatic.com/store_item_assets/steam/apps/2711620/ss_3655106436730999c3321244d05fcda6a0ac02cd.1920x1080.jpg?t=1729353271,https://shared.akamai.steamstatic.com/store_item_assets/steam/apps/2711620/ss_b554a7e9bce10b68e25a19ecce9854834373b1b8.1920x1080.jpg?t=1729353271,https://shared.akamai.steamstatic.com/store_item_assets/steam/apps/2711620/ss_0470b247c57998163afcf37ff6b49f5c3b973a95.1920x1080.jpg?t=1729353271,https://shared.akamai.steamstatic.com/store_item_assets/steam/apps/2711620/ss_887c59eefca3eb6109f8d31157c97e0aadb2aeb0.1920x1080.jpg?t=1729353271,https://shared.akamai.steamstatic.com/store_item_assets/steam/apps/2711620/ss_4b5bd1a874c8101c781c28a6db1c380ba86805e9.1920x1080.jpg?t=1729353271,https://shared.akamai.steamstatic.com/store_item_assets/steam/apps/2711620/ss_ff91e435203fba60ffa96a979860c1fe9ebfb958.1920x1080.jpg?t=1729353271,https://shared.akamai.steamstatic.com/store_item_assets/steam/apps/2711620/ss_e4c8f01bcfcd7477853fde719daa6828eeaa99a3.1920x1080.jpg?t=1729353271,https://shared.akamai.steamstatic.com/store_item_assets/steam/apps/2711620/ss_0a374fd2f868f3ac1190bf73364697d4ceb355cf.1920x1080.jpg?t=1729353271,https://shared.akamai.steamstatic.com/store_item_assets/steam/apps/2711620/ss_ac8c5307a584427222e82860e95a71c3f17d1d3a.1920x1080.jpg?t=1729353271,https://shared.akamai.steamstatic.com/store_item_assets/steam/apps/2711620/ss_d90bfa234cdb5503fa7e07c4e0416b23c9027fc5.1920x1080.jpg?t=1729353271,https://shared.akamai.steamstatic.com/store_item_assets/steam/apps/2711620/ss_8a3f10289a54107ae2f963d1aeb5e55e0378471b.1920x1080.jpg?t=1729353271",Steam,Paid
2233110,MazeCraft,"Dec 21, 2022",0 - 20000,0,0,7.99,0,0,"-) Turn based pixel art roguelike RPG for hardcore players. -) Procedural generation of mazes and caves. -) A large number of characteristics of the game world. -) Monsters hunt the player and fight each other. -) Each monster is unique in terms of characteristics and behavior. -) Monsters are pumped during the game, the strongest one survives. -) Lots of game items, weapons, armor and artifacts. -) There are explosions, fire and the spread of fires. -) Strong boss and his minions. -) Each new game is unique and randomized as much as possible. Imagine a world where monsters evolve as you play. Their characteristics grow in battles with their own kind. After several hundred moves in the labyrinth, boss monsters naturally form, destroying everyone around. The player starts the game from a room in a maze. His task is to find the key, and then find the room with the exit from the labyrinth, the exit door cannot be opened without the key. . Then you need to defeat the boss and his minions. In some rooms of the labyrinth there are obelisks of monsters that spawn new monsters at a given frequency. Monsters can attack the player and each other while also pumping their characteristics. The player has five stats: life, strength, defense, luck, and mana. Life is taken from monsters and other events, and is restored by +1 to a maximum with each subsequent turn. Strength affects the force of the blow or the force of the shot. Defense reduces damage. Luck affects the ability to critically strike (double damage) and block a blow (half damage). Mana is needed and consumed when shooting from staves. Various items respawn in the labyrinth, helping to raise the characteristics of the player and monsters.","['English', 'Russian', 'French', 'Italian', 'German', 'Spanish - Spain', 'Traditional Chinese', 'Korean', 'Japanese']",[],Unknown,https://shared.akamai.steamstatic.com/store_item_assets/steam/apps/2233110/header.jpg?t=1671691354,Unknown,egvos22@gmail.com,True,False,False,0,Unknown,0,3,4,Unknown,0,0,Unknown,0,0,0,0,Rand Games,Rand Games,"Single-player,Family Sharing","Indie,RPG,Strategy","RPG,Strategy,Rogue-like,Turn-Based Strategy,Pixel Graphics,Procedural Generation,Mystery Dungeon,Traditional Roguelike,Turn-Based Combat,Crafting,Top-Down,Indie,Survival,Underground,PvE,Inventory Management,Singleplayer","https://shared.akamai.steamstatic.com/store_item_assets/steam/apps/2233110/ss_28d0dd0a26ac303b2db770fd72016493ee404810.1920x1080.jpg?t=1671691354,https://shared.akamai.steamstatic.com/store_item_assets/steam/apps/2233110/ss_8df92ea2d4399c4cab8b9e228ddfbf9d162969ae.1920x1080.jpg?t=1671691354,https://shared.akamai.steamstatic.com/store_item_assets/steam/apps/2233110/ss_5798bf37ea3d54f23d2352efd2383423c90a854b.1920x1080.jpg?t=1671691354,https://shared.akamai.steamstatic.com/store_item_assets/steam/apps/2233110/ss_2cd1e5c0a68bdd51dc2e979ad0efc43cabf09a56.1920x1080.jpg?t=1671691354,https://shared.akamai.steamstatic.com/store_item_assets/steam/apps/2233110/ss_c0bac97f058c34a8f978f32410dc90cc30bfcb71.1920x1080.jpg?t=1671691354,https://shared.akamai.steamstatic.com/store_item_assets/steam/apps/2233110/ss_4b75c58b0ab17ef515a25bca8a6225db368a399f.1920x1080.jpg?t=1671691354,https://shared.akamai.steamstatic.com/store_item_assets/steam/apps/2233110/ss_7b8f616f50568068d0b268577c84feb3c45dd54e.1920x1080.jpg?t=1671691354",Steam,Paid
1186670,Fateless,"Nov 28, 2019",100000 - 200000,0,0,0.0,0,0,"FPS game in which you defend Earth from monsters. You shoot the monsters with a double-barrel shotgun and other weapons and move through various buildings made of brick and stone. You make your way to the underground where the monsters came from and rid the planet of their presence. The game is inspired by classic games of the 90's, with fast action and simple mechanics.",['English'],[],Unknown,https://shared.akamai.steamstatic.com/store_item_assets/steam/apps/1186670/header.jpg?t=1582414845,http://www.fateless-game.com/,dimitrilozovoy@gmail.com,True,False,False,0,Unknown,0,26,9,Unknown,0,0,The game displays death of humanoid monsters when they are killed by the player.,0,0,0,0,Dimitri Lozovoy,Dimitri Lozovoy,"Single-player,Partial Controller Support",Action,"Action,Shooter,FPS,Free to Play","https://shared.akamai.steamstatic.com/store_item_assets/steam/apps/1186670/ss_d6739cc193c802aee5d034395534a190c291668c.1920x1080.jpg?t=1582414845,https://shared.akamai.steamstatic.com/store_item_assets/steam/apps/1186670/ss_01e15e73eab61ab56e70028eaa8d22d3b34511ad.1920x1080.jpg?t=1582414845,https://shared.akamai.steamstatic.com/store_item_assets/steam/apps/1186670/ss_e2cd7c7b0aa48d21165d6d3bc382ae0fed29fb32.1920x1080.jpg?t=1582414845,https://shared.akamai.steamstatic.com/store_item_assets/steam/apps/1186670/ss_beac3e7b0551bd66501cf53d926a96e103b45b3a.1920x1080.jpg?t=1582414845,https://shared.akamai.steamstatic.com/store_item_assets/steam/apps/1186670/ss_118848d61fe4c49e3ebd84fe5b329e797e9d8410.1920x1080.jpg?t=1582414845,https://shared.akamai.steamstatic.com/store_item_assets/steam/apps/1186670/ss_20b07e822912210be0be8b42b6c92870719a074d.1920x1080.jpg?t=1582414845,https://shared.akamai.steamstatic.com/store_item_assets/steam/apps/1186670/ss_4902bd466384c9ee8536d9770b091d3695ac9164.1920x1080.jpg?t=1582414845",Steam,Free
1926270,Bloodhound,"Jul 18, 2023",50000 - 100000,0,0,2.99,25,1,"WELCOME TO HELL Dive into the depths of darkness in this heart-pounding, visceral experience designed for those who crave fast-paced and macabre gameplay. Drawing inspiration from the cult horror movies and chilling real-world locations, we meld gameplay mechanics from the genre's iconic titles of the 90s and 00s with our own twisted ideas, delivering a truly unique FPS experience. Brace yourself as you navigate through hellish realms, seamlessly transitioning between a distorted reality and an alternate infernal dimension with each harrowing act. Prepare to confront your deepest fears in this nightmarish odyssey. DEADLY ENEMIES TO CRUSH Prepare to wage a relentless battle against the forces of Hell as you confront an array of formidable adversaries in Bloodhound. Unleash your fury upon 16 distinctive enemies, each possessing their own twisted abilities and relentless determination to bring about chaos. From unholy abominations to diabolical cultists, every encounter will test your skill, reflexes, and strategic prowess. But that's not all – brace yourself for the ultimate challenges that await, as you come face-to-face with 5 devastating Hell bosses. These titans of torment will push you to the edge of your limits, demanding precise tactics and unwavering determination to overcome. HELLISH ARSENAL IN YOUR HANDS Unleash devastating firepower with an expansive arsenal at your disposal in Bloodhound. Arm yourself with a lethal assortment of weapons, each designed to deliver maximum carnage to your foes. From the swift and deadly machete to the bone-shattering shotgun and its formidable double-barreled counterpart, choose your weapon wisely to suit the situation at hand. IMMERSE YOURSELF IN A HELL OF A STORY Step into the shoes of a valiant member of the Order of Keepers of the Gates, entrusted with the sacred duty of safeguarding the portals to Hell. Standing in your path is the nefarious Cult of Astaroth, hell-bent on unleashing unspeakable evil upon the world. As the dark minions of Astaroth emerge, it falls upon you to eradicate the cultists and banish their wicked plans. Engage in intense battles, crush the forces of darkness, and restore balance before their malevolent Lord can return to sow chaos upon the earth. FEATURES Arcade Horror First Person Shooter Singleplayer with a linear story Badass hero 10 fancy &amp; deadly weapons 16 unique enemies and 5 bosses 5 adrenaline-filled acts Satisfying combat gameplay Hellish locations inspired by cult horror movies and real places Melodic instrumental metal from the band Sons of Amon Feel like in heaven smashing demons Powered by Unreal Engine 4®","['English', 'French', 'Italian', 'German', 'Spanish - Spain', 'Simplified Chinese', 'Polish', 'Czech', 'Japanese', 'Korean', 'Portuguese - Brazil', 'Russian', 'Ukrainian', 'Belarusian', 'Indonesian']","['English', 'Indonesian']",Unknown,https://shared.akamai.steamstatic.com/store_item_assets/steam/apps/1926270/header.jpg?t=1751451682,http://bloodhound.games,support@knfproductions.com,True,False,False,0,Unknown,0,248,115,Unknown,103,247,"Violence, Gore and Nudity.",0,0,0,0,Kruger & Flint Productions,Kruger & Flint Productions,"Single-player,Steam Achievements,Family Sharing","Action,Indie","Boomer Shooter,FPS,PvE,Difficult,Shooter,Action-Adventure,3D,First-Person,Horror,Action,Demons,Atmospheric,Adventure,Dark,Retro,Singleplayer,Gore,Blood,Indie,Violent","https://shared.akamai.steamstatic.com/store_item_assets/steam/apps/1926270/ss_c17aba8a17c2baf29072dc35fbec77b6d2ec08ae.1920x1080.jpg?t=1751451682,https://shared.akamai.steamstatic.com/store_item_assets/steam/apps/1926270/ss_61b635f95333024bd638e8ab2097fa5b3afc8ac7.1920x1080.jpg?t=1751451682,https://shared.akamai.steamstatic.com/store_item_assets/steam/apps/1926270/ss_45fb723f8b814c78b7429c01ed0beef4132f2272.1920x1080.jpg?t=1751451682,https://shared.akamai.steamstatic.com/store_item_assets/steam/apps/1926270/ss_1b56dc69ff484de4cd77fc0b309226f33e020b50.1920x1080.jpg?t=1751451682,https://shared.akamai.steamstatic.com/store_item_assets/steam/apps/1926270/ss_5d1e739979347c3a459cab3766edd05f588d183d.1920x1080.jpg?t=1751451682,https://shared.akamai.steamstatic.com/store_item_assets/steam/apps/1926270/ss_f24873a47caa2e1a4493ed0c109310089c5eb295.1920x1080.jpg?t=1751451682,https://shared.akamai.steamstatic.com/store_item_assets/steam/apps/1926270/ss_549a674d6b86955f36d7e2e0520c945e8f5bd38f.1920x1080.jpg?t=1751451682,https://shared.akamai.steamstatic.com/store_item_assets/steam/apps/1926270/ss_e278a71ad5d8b684da69346738043b74cedd0c88.1920x1080.jpg?t=1751451682,https://shared.akamai.steamstatic.com/store_item_assets/steam/apps/1926270/ss_25c854d7f61a8aa6e3c7c602cd80c739fbcb883a.1920x1080.jpg?t=1751451682,https://shared.akamai.steamstatic.com/store_item_assets/steam/apps/1926270/ss_41af6c1737cf8fcb625689984e16fa6330d365e8.1920x1080.jpg?t=1751451682,https://shared.akamai.steamstatic.com/store_item_assets/steam/apps/1926270/ss_99e041ec8f55e09175704f22376d9c7e743a3023.1920x1080.jpg?t=1751451682,https://shared.akamai.steamstatic.com/store_item_assets/steam/apps/1926270/ss_a18c3d9de7973d81fc0479d6fddb1d99855f3d4d.1920x1080.jpg?t=1751451682",Steam,Paid
3846720,プレイすると死ぬゲーム,"Nov 22, 2025",0 - 20000,0,0,4.99,0,0,"Summary Unexpectedly, you click on a link to a “The Game That Dies When You Play It” you was posted on a certain bulletin board. When you start up the game, you encounter a warning of “Escape” and a forest. How to avoid death... Game Flow This is the desktop horror adventure game. The virtual desktop contains a game, a browser, and several applications. You will seek ways to avoid death by using not only the game but also various information displayed on your desktop and browser. The game is FPS perspective. You will use items such as knives and lighters to clear the game. There are three endings: Bad, Normal, and True.",['Japanese'],[],Unknown,https://shared.akamai.steamstatic.com/store_item_assets/steam/apps/3846720/2320690bad799a036247c625664d62d8d6e1eda8/header.jpg?t=1763874527,Unknown,hartreefr@gmail.com,True,False,False,0,Unknown,0,0,0,Unknown,0,0,Unknown,0,0,0,0,Hartree FR,Hartree FR,"Single-player,Custom Volume Controls,Playable without Timed Input,Family Sharing",Indie,Unknown,"https://shared.akamai.steamstatic.com/store_item_assets/steam/apps/3846720/a1e59e29914a33107de63d8d903eda268adc37f2/ss_a1e59e29914a33107de63d8d903eda268adc37f2.1920x1080.jpg?t=1763874527,https://shared.akamai.steamstatic.com/store_item_assets/steam/apps/3846720/74b5e34124691a38f9e4953e6dbac988946c466e/ss_74b5e34124691a38f9e4953e6dbac988946c466e.1920x1080.jpg?t=1763874527,https://shared.akamai.steamstatic.com/store_item_assets/steam/apps/3846720/eb6dc8c5d2653924e2afad077884005c8c685a29/ss_eb6dc8c5d2653924e2afad077884005c8c685a29.1920x1080.jpg?t=1763874527,https://shared.akamai.steamstatic.com/store_item_assets/steam/apps/3846720/69c7d121fa4ec110ae2dbe3bbeefc445fc7e7385/ss_69c7d121fa4ec110ae2dbe3bbeefc445fc7e7385.1920x1080.jpg?t=1763874527,https://shared.akamai.steamstatic.com/store_item_assets/steam/apps/3846720/63a616a6eae0a59a7abbcc5ecc32de1115ce6857/ss_63a616a6eae0a59a7abbcc5ecc32de1115ce6857.1920x1080.jpg?t=1763874527",Steam,Paid
2829450,The motel,"Jan 24, 2025",0 - 20000,0,0,1.99,0,0,"You're an employee on a late night shift at The Motel, an old, quiet roadside stop just before the big city in Oakhill Grove. Your job is simple enough: keep things in order and handle what needs doing until morning. At first, the night seems like any other, but a news broadcast crackling through the radio changes everything. There's someone dangerous roaming the outskirts of Oakhill Grove. Will you make it through the night shift, or will The Motel become your final stop? In The Motel, your night begins with a list of tasks left by the boss on a note. You’ll complete these tasks one by one. Serving guests, tidying up, and occasionally taking a moment to pet the motel’s lobby cat. But as the night progresses, you’ll need to stay sharp. The game features multiple endings, leaving your fate in your hands. Will you outlast the night, or become another victim. This game is a 40-60 min light-horror, ambient, funny experience. Justus: Game designer, Game producer. Stig6 (Max): 3D Modeler, Writer &amp; Texture Artist. Sean92: Character Animator. Gaurav Kumar (Arthur): UI/UX design &amp; code. LPS: Voice actor (Radio news) Merulino Music: Sound effects &amp; In-game radio music Trailer Soundtrack Composed by Pedram Mo Playtesters: Lewis Wittingham, LPS, Gaurav Kumar (Arthur), Stig6 (Max), Merulino music (and Husband).",['English'],['English'],Unknown,https://shared.akamai.steamstatic.com/store_item_assets/steam/apps/2829450/header.jpg?t=1750610670,https://discord.gg/nJzFGWExHQ,Unknown,True,False,False,0,Unknown,0,82,14,Unknown,0,109,"The Motel contains themes and depictions that may not be suitable for all audiences. These include: Violence and Gore: Scenes involving blood, the aftermath of violent acts, and unsettling imagery. Tense and Disturbing Situations: A killer on the loose creates moments of suspense and fear, including the potential for jump scares. Mature Themes: The storyline touches on crime and survival in a high-stakes setting. This game does not include depictions of sexual acts, drug or alcohol abuse, or self-harm, but it is intended for mature audiences due to its intense atmosphere and violent content. Player discretion is advised.",0,0,0,0,Aura studios,Aura studios,"Single-player,Partial Controller Support,Family Sharing","Adventure,Indie","Adventure,Exploration,3D,Horror,Lore-Rich,Multiple Endings,Singleplayer,Atmospheric,Immersive,Action-Adventure,Interactive Fiction,Choose Your Own Adventure,Cinematic,First-Person,Crime,Dark,Psychological Horror,Survival Horror,Controller,Linear","https://shared.akamai.steamstatic.com/store_item_assets/steam/apps/2829450/ss_3b4f6d8b14d014948cb4a0d94f6eefdec34bb631.1920x1080.jpg?t=1750610670,https://shared.akamai.steamstatic.com/store_item_assets/steam/apps/2829450/ss_df0124f8ec030e5142801991e81f6be16af4a651.1920x1080.jpg?t=1750610670,https://shared.akamai.steamstatic.com/store_item_assets/steam/apps/2829450/ss_d163605093031c7d11bf232d58c57abfd0c82bdd.1920x1080.jpg?t=1750610670,https://shared.akamai.steamstatic.com/store_item_assets/steam/apps/2829450/ss_40f3cd9a637195f4eba8aab2323044484f205010.1920x1080.jpg?t=1750610670,https://shared.akamai.steamstatic.com/store_item_assets/steam/apps/2829450/ss_efc8b2bd4e9f2c26e7cc8fef9fee35044c28753f.1920x1080.jpg?t=1750610670",Steam,Paid
2231070,150 Floors,"Oct 6, 2025",0 - 20000,0,0,7.99,0,0,"Ascend! 150 Floors is a rogue-lite, tile-based strategy RPG where you can choose to play as 8 different mages. Battle your way through 150 floors filled with many eccentric enemies and meet different characters who may or may not help you on your journey, as you attempt to reach the top floor! Gameplay Your adventure takes place in a tower that has 150 floors filled with enemies. Use different magical skills unique to each mage to attack your enemies and defend yourself. Each floor made up of tiles has a durability limit. If you attack an enemy, you're also attacking the tile they occupy as well and it may break, sending the enemy to the previous floor. This same logic applies to your opponents as well. If the tile you occupy breaks, you fall to the previous floor as well. Defeat all monsters on a floor and an elevator appears on the floor, taking you to the next floor. Story 2 years prior in a distant land, strange creatures spawned from the top of a large tower and began their invasion, killing millions of people and consuming their souls. 8 mages, all afflicted by the sudden invasion of strange creatures, want to rid the land of these creatures for their own personal reasons. The only similarities they share are to reach the 150th floor and conquer it, granting them any wish they desire... Or so the saying goes. Features - Choose between 8 mages with their own unique elements! - Battle over 70+ different enemies, each with their own magic skills! - Use over 100 different magic skills! - Decide between a Pure, Natural and Tainted alignment, as you evolve your mage to use stronger magic!",['English'],[],Unknown,https://shared.akamai.steamstatic.com/store_item_assets/steam/apps/2231070/header.jpg?t=1759778443,https://www.bindlestickmedia.com,Bindlestickmedia@gmail.com,True,False,False,0,Unknown,0,0,0,Unknown,25,0,Unknown,0,0,0,0,Bindlestick Media,Bindlestick Media,"Single-player,Steam Achievements,Custom Volume Controls,Keyboard Only Option,Playable without Timed Input,Stereo Sound,Family Sharing","Action,Adventure,Indie,RPG,Strategy,Early Access",Unknown,"https://shared.akamai.steamstatic.com/store_item_assets/steam/apps/2231070/71385cddb6bc8ca2de797cb11856369aa7d4a314/ss_71385cddb6bc8ca2de797cb11856369aa7d4a314.1920x1080.jpg?t=1759778443,https://shared.akamai.steamstatic.com/store_item_assets/steam/apps/2231070/c7a49306e738b6a6b245c12ade294844377b09ba/ss_c7a49306e738b6a6b245c12ade294844377b09ba.1920x1080.jpg?t=1759778443,https://shared.akamai.steamstatic.com/store_item_assets/steam/apps/2231070/464f3d6b9edc20958439f69df4ab3ec0dfee8d0d/ss_464f3d6b9edc20958439f69df4ab3ec0dfee8d0d.1920x1080.jpg?t=1759778443,https://shared.akamai.steamstatic.com/store_item_assets/steam/apps/2231070/d0a3c3f2659e97b416cf4598784716362530029c/ss_d0a3c3f2659e97b416cf4598784716362530029c.1920x1080.jpg?t=1759778443,https://shared.akamai.steamstatic.com/store_item_assets/steam/apps/2231070/6500ba195206686b979cc5db2912d360547758ce/ss_6500ba195206686b979cc5db2912d360547758ce.1920x1080.jpg?t=1759778443,https://shared.akamai.steamstatic.com/store_item_assets/steam/apps/2231070/35248f8046c4386680eebc5068fa30c7a2168750/ss_35248f8046c4386680eebc5068fa30c7a2168750.1920x1080.jpg?t=1759778443,https://shared.akamai.steamstatic.com/store_item_assets/steam/apps/2231070/f8ea7fa565a6148c328c80c816a0a1c2e96ac810/ss_f8ea7fa565a6148c328c80c816a0a1c2e96ac810.1920x1080.jpg?t=1759778443,https://shared.akamai.steamstatic.com/store_item_assets/steam/apps/2231070/23fdca9dbb85cffc02b9f6b24eeb715602847952/ss_23fdca9dbb85cffc02b9f6b24eeb715602847952.1920x1080.jpg?t=1759778443,https://shared.akamai.steamstatic.com/store_item_assets/steam/apps/2231070/bc5fc09101ea5884d62a4e9eacc91739aec8451d/ss_bc5fc09101ea5884d62a4e9eacc91739aec8451d.1920x1080.jpg?t=1759778443",Steam,Paid
849178,Shadow of the Tomb Raider: Definitive Edition,"Sep 14, 2018",0 - 20000,0,17,4.0,0,0,"In Shadow of the Tomb Raider Definitive Edition experience the final chapter of Lara’s origin as she is forged into the Tomb Raider she is destined to be. Combining the base game, all seven DLC challenge tombs, as well as all downloadable weapons, outfits, and skills, Shadow of the Tomb Raider Definitive Edition is the ultimate way to experience Lara’s defining moment. Survive and Thrive In the Deadliest Place on Earth: Master an unforgiving jungle setting in order to survive. Explore underwater environments filled with crevasses and deep tunnel systems. Become One With the Jungle: Outgunned and outnumbered, Lara must use the jungle to her advantage. Strike suddenly and disappear like a jaguar, use mud as camouflage, and instill fear in enemies to sow chaos. Discover Dark and Brutal Tombs: Tombs are more terrifying than ever before, requiring advanced traversal techniques to reach them, and once inside they are filled with deadly puzzles. Uncover Living History: Discover a hidden city and explore the biggest hub space ever found in a Tomb Raider game.","['English', 'French', 'Italian', 'German', 'Spanish - Spain', 'Korean', 'Polish', 'Portuguese - Brazil', 'Russian', 'Simplified Chinese', 'Traditional Chinese', 'Arabic']","['English', 'French', 'Italian', 'German', 'Spanish - Spain', 'Polish', 'Portuguese - Brazil', 'Russian', 'Simplified Chinese', 'Traditional Chinese', 'Arabic']",“The most ambitious in the modern trilogy” 9/10 – IGN “A must-play” 4.5/5 – Hardcore Gamer “One of Lara Croft’s best modern adventures” 84/100 – PC Gamer,https://shared.akamai.steamstatic.com/store_item_assets/steam/apps/750920/header.jpg?t=1765239925,https://www.tombraider.com/,Unknown,True,True,True,77,https://www.metacritic.com/game/pc/shadow-of-the-tomb-raider?ftag=MCD-06-10aaa1f,0,13036,4825,Unknown,99,66723,Unknown,0,0,0,0,"Eidos-Montréal,Crystal Dynamics,Nixxes,Feral Interactive (Mac),Feral interactive (Linux)","Crystal Dynamics,Feral Interactive (Mac),Feral interactive (Linux)","Single-player,Steam Achievements,Full controller support,Steam Trading Cards,Steam Cloud,Remote Play on Phone,Remote Play on Tablet,Remote Play on TV,Family Sharing","Action,Adventure","Adventure,Lara Croft,Action,Female Protagonist,Third Person,Singleplayer,Story Rich,Puzzle,Open World,Action-Adventure,Stealth,Exploration,Survival,Violent,Atmospheric,Shooter,Gore,Great Soundtrack,Dark,Heist","https://shared.akamai.steamstatic.com/store_item_assets/steam/apps/750920/ss_04b30aaa0ce083b1bcff63d06432707ab9c35c74.1920x1080.jpg?t=1765239925,https://shared.akamai.steamstatic.com/store_item_assets/steam/apps/750920/ss_3f370f69eef0caeceb533d06925cc48f0f26c83c.1920x1080.jpg?t=1765239925,https://shared.akamai.steamstatic.com/store_item_assets/steam/apps/750920/ss_3fcd62a2831bcc1e557a0fe2a061b6369ba030d1.1920x1080.jpg?t=1765239925,https://shared.akamai.steamstatic.com/store_item_assets/steam/apps/750920/ss_06a2446b7ccef5eaac1ef4200acdb3f02dac9ae0.1920x1080.jpg?t=1765239925,https://shared.akamai.steamstatic.com/store_item_assets/steam/apps/750920/ss_794a3ecd4ae51313f8cfffbc6b3d8b91c665b12b.1920x1080.jpg?t=1765239925,https://shared.akamai.steamstatic.com/store_item_assets/steam/apps/750920/ss_8907e0a624a1113be01fa1b426d0e3ab0971e7d2.1920x1080.jpg?t=1765239925,https://shared.akamai.steamstatic.com/store_item_assets/steam/apps/750920/ss_191adc1f11bf9d13498cb411ac71f29221732e86.1920x1080.jpg?t=1765239925,https://shared.akamai.steamstatic.com/store_item_assets/steam/apps/750920/ss_7496de2518ddb1b58db0004d1386b4e48c442367.1920x1080.jpg?t=1765239925,https://shared.akamai.steamstatic.com/store_item_assets/steam/apps/750920/ss_e6f6fc32892cd8463199dd37040995011f06311b.1920x1080.jpg?t=1765239925,https://shared.akamai.steamstatic.com/store_item_assets/steam/apps/750920/ss_a98e6f581b293d80e722a143a038c22bb11e1a0d.1920x1080.jpg?t=1765239925",Steam,Paid
1817930,Party Barrels Playtest,"Nov 26, 2021",0 - 0,0,0,0.0,0,0,Unknown,[],[],Unknown,https://shared.akamai.steamstatic.com/store_item_assets/steam/apps/1817930/header.jpg?t=1637996254,Unknown,Unknown,True,False,False,0,Unknown,0,0,0,Unknown,0,0,Unknown,0,0,0,0,Unknown,Unknown,Unknown,Unknown,Unknown,Unknown,Steam,Free
1112350,荒凉城市,"Aug 11, 2020",0 - 20000,0,3,4.99,0,0,"A Solo Developed Simulation Game I was a big fan of classic simulation games like Rich and Harvest Moon when I was a kid, and got a addicted to Terraria and Rim World as I was growing up. Inspired by These great titles I aspiredt o developed this lightweight city sim, which inludes constrution, combat and economics systems.",['Simplified Chinese'],[],Unknown,https://shared.akamai.steamstatic.com/store_item_assets/steam/apps/1112350/header.jpg?t=1597132690,Unknown,384833504@qq.com,True,False,False,0,Unknown,0,1,0,Unknown,0,0,Unknown,0,0,0,0,FireUnraveller,FireUnraveller,"Single-player,Family Sharing","Action,Casual,RPG,Simulation","Simulation,Casual,Action,God Game,Strategy,Action RPG,Exploration,2D Fighter,City Builder,2D,Pixel Graphics,Minimalist,Retro,Relaxing,Funny,Building,Crafting,Open World,Singleplayer,RPG","https://shared.akamai.steamstatic.com/store_item_assets/steam/apps/1112350/ss_4a6e41b4da898fb3fa0a8561705a47f8bc6b87ec.1920x1080.jpg?t=1597132690,https://shared.akamai.steamstatic.com/store_item_assets/steam/apps/1112350/ss_f79579ba27407d76f4523f1fc60e839f8efd1025.1920x1080.jpg?t=1597132690,https://shared.akamai.steamstatic.com/store_item_assets/steam/apps/1112350/ss_587c6c9a3c03d999bbb5a70c308b7567743587bb.1920x1080.jpg?t=1597132690,https://shared.akamai.steamstatic.com/store_item_assets/steam/apps/1112350/ss_c1181ecefef0b84f81c3f700cc5996dd8c31e153.1920x1080.jpg?t=1597132690,https://shared.akamai.steamstatic.com/store_item_assets/steam/apps/1112350/ss_2ede2229ccea53e7674428bc34c80ad13c6083d2.1920x1080.jpg?t=1597132690",Steam,Paid
1590700,My Military Life,"May 14, 2021",20000 - 50000,0,0,1.24,0,0,"전역은 오는가 (My Military Life)는 제작자의 군 생활을 바탕으로 만든 추리·군대 쯔꾸르입니다. 저와 함께 군 생활을 하면서 사라진 분대카드를 찾아 무사히 전역하도록 합시다. 시놉시스 '내 분대카드 어디로 사라진거야?' 어느 날 내 분대카드가 사라졌다. 분대카드를 몰래 쓰고 다시 돌려놓으려고 했는데 그만 잃어버리고 말았다. 분대카드를 찾지 못하면 무사히 전역하기 힘들어 무조건 찾아야 한다. 분대카드를 찾기 위해 동기들한테 부탁하지만 세상에 공짜는 없는 법. 동기들은 그냥 도와주지 않고 자기 일을 도와주면 찾아준다고 했다. 하지만 아무리 찾아봐도 보이지 않는 분대카드, 대체 어떻게 된 것일까... 주요 특징 생생한 군대 모습 군대에서만 볼 수 있는 생활관, 행정반, PX 등 다양한 맵이 배치되어있습니다. 그리고 어떻게 생활하는지에 따라 복장이 바뀌는데, 군대가 어떤 구조로 이루어져 있는지 한눈에 알 수 있습니다. 군 생활을 체험 할 수 있는 미니게임 군대에서 어떤 삶을 사는지 보여주는 다양한 미니게임이 있습니다. 군대에서 유명한 군대리아를 직접 만들어 볼 수 있고, 특급전사가 되기 위한 체력 측정도 있으며, 훈련으로 더러워진 방독면을 닦는 등 다양한 체험을 할 수 있습니다. 재밌고 알찬 군대 이야기 제작자 경험을 바탕으로 군인들이 어떻게 지내는지 알 수 있습니다. 아직 군대에 가지 않는 미필자분들께는 소소한 팁을, 전역한 군필자분들께는 좋은 추억을, 군대 경험을 하지 못하는 분들께는 새로운 경험을 드립니다. 뇌를 자극하는 추리 스토리 단순히 군 생활을 하는 것에서 끝나지 않고 분대카드를 찾는 과정에서 여러 단서를 발견하게 되고 어떻게 된 것인지 계속 생각하게 만듭니다. 열심히 군 생활을 하다 보면 어느새 명탐정이 되어있는 자신을 볼 수 있을 겁니다.",['Korean'],[],Unknown,https://shared.akamai.steamstatic.com/store_item_assets/steam/apps/1590700/header.jpg?t=1621036842,Unknown,peter0325@naver.com,True,False,False,0,Unknown,0,104,12,Unknown,0,0,Unknown,0,0,0,0,Real Stone,Real Stone,"Single-player,Steam Cloud,Family Sharing","Adventure,Casual,Indie","RPGMaker,Military,Adventure,Life Sim,Casual,Investigation,Drama,Indie,Multiple Endings,Choices Matter,Pixel Graphics,Simulation,2D,Top-Down,Psychological Horror,Modern,Singleplayer,Horror","https://shared.akamai.steamstatic.com/store_item_assets/steam/apps/1590700/ss_8323f82b7bef3142562b242a746741cb9383ba38.1920x1080.jpg?t=1621036842,https://shared.akamai.steamstatic.com/store_item_assets/steam/apps/1590700/ss_2a3360246ab25d2d25cb12042d5daf5eea806590.1920x1080.jpg?t=1621036842,https://shared.akamai.steamstatic.com/store_item_assets/steam/apps/1590700/ss_7d8527a6932e1686099071505e523dc4a72fd120.1920x1080.jpg?t=1621036842,https://shared.akamai.steamstatic.com/store_item_assets/steam/apps/1590700/ss_15d2ae41fd3f2a30731fb05f3d9e038e583e1d52.1920x1080.jpg?t=1621036842,https://shared.akamai.steamstatic.com/store_item_assets/steam/apps/1590700/ss_403d400be695c8093e0d1287eb9880570386b1e2.1920x1080.jpg?t=1621036842,https://shared.akamai.steamstatic.com/store_item_assets/steam/apps/1590700/ss_c3a9d7d98b875d52e5b640e2a027c6d4fad46a68.1920x1080.jpg?t=1621036842,https://shared.akamai.steamstatic.com/store_item_assets/steam/apps/1590700/ss_b8ceffa46a7ba3ca2c684e67a95d4d0254bec22b.1920x1080.jpg?t=1621036842,https://shared.akamai.steamstatic.com/store_item_assets/steam/apps/1590700/ss_85c6cf2b41d34fba2e5273524bd4be373a585284.1920x1080.jpg?t=1621036842,https://shared.akamai.steamstatic.com/store_item_assets/steam/apps/1590700/ss_b82eabfa24761d31121ac805f757be4fbccb5530.1920x1080.jpg?t=1621036842",Steam,Paid
407560,Killing Room,"Oct 20, 2016",200000 - 500000,1,0,5.99,60,0,"Killing Room is a first person shooter mixed with a rogue-like RPG and reality-show parody. You are an (un)lucky contestant in Killing Room, a popular reality-show in a decadent 22nd century. You know that there is only glory or death – with death winning in 99 out of 100 cases.  First person shooter Killing Room offers classical first person gunplay with many weapons, even melee ones like Scythe or the audience’s favorite flyswatter. Rogue-like There is Permanent death, random generation and very high difficulty in Killing Room so as to ensure that your skills will be properly tested and that every wrong move can cause you a lot of trouble. Reality-show parody We love the idea behind the Smash TV game of the Running Man movie/book. The Killing Room therefore aims for this. Your character is in a bad situation but he can become ridiculously rich in few hours. However, everyone will do everything possible to stop him. Killing Room is a cruel reality-show, one full of dark humor and cynicism. Online voting for streamers and viewers You can let a real online audience decide how you will be rewarded or punished during your playthrough. Just stream the game and share the provided URL with your followers. This is a completely new way of interaction between a player and his/her audience. We made sure that it brings a great amount of fun for both sides while it is absolutely optional. Playing without a real online audience is still a complete experience. Popularity-driven You will be closely watched not only by an online audience. Your actions will be evaluated by an AI audience as well. If you are boring, your popularity will drop. But if you entertain crowds, you can become their hero. Being popular is everything when it comes to TV shows! Literally, it is everything, because if you annoy the audience, they will make you regret the moment you ever entered Killing Room. RPG Your character is defined by various attributes – Stamina, Health, Speed, Defense, Accuracy, etc. You can invest into boosting these attributes to significantly help you in your desperate effort. But you can also depend on items which can boost your attributes and even give you special effects and bonuses beyond the basic RPG system. There are double-jumps, invulnerability to traps, various maps of Killing Room sets, and tons of other useful things. But if you are a bad boy or girl with low popularity or begrudging online viewers, you can also get trouble items which will cause you…well, trouble...from hardly noticeable penalties to your attributes to serious diseases, the inability to run or losing an eye. Diverse and rich in content and gameplay Guns and melee weapons, 3 different 'worlds' with unique enemies, boss fights, more than 100 unique items, points of interest with rewards and many more awaits you in Killing Room. Also, while our show permanently tries to kill its participants, it is not only about shooting. We have prepared many interesting traps, puzzles and other elements to make sure that our show is in no way boring. 8 random generated levels 8 boss creatures with unique gameplay and intro animations Online voting for better interaction between streamers and their audience 15+ weapons 25+ enemy types 150+ unique Items Fighting, puzzle and trap rooms Free content patches We are going to support Killing Room after release not only by fixing bugs but also with free content updates bringing you more Items, Weapons, Enemies and room variations.","['English', 'French', 'German', 'Portuguese - Portugal', 'Russian', 'Simplified Chinese', 'Czech']","['English', 'Czech']",Unknown,https://shared.akamai.steamstatic.com/store_item_assets/steam/apps/407560/header.jpg?t=1667495293,http://killingroom.aldagames.com/,support@aldagames.com,True,False,False,0,Unknown,0,990,433,Unknown,42,1252,Killing Room has basic FPS violence and gore in semi-realistic environment.,262,0,126,0,Alda Games,Alda Games,"Single-player,Steam Achievements,Steam Trading Cards,Captions available,Stats,Family Sharing","Action,Indie,RPG","Action,FPS,Indie,RPG,Rogue-like,Rogue-lite,Singleplayer,Replay Value,Horror,Dark,Comedy,Perma Death,Action Roguelike,Procedural Generation,Gore,Shooter,Multiple Endings,Difficult,Action RPG,Survival","https://shared.akamai.steamstatic.com/store_item_assets/steam/apps/407560/ss_d901c82e148d979b4be286c9c6ee742ebea34bf4.1920x1080.jpg?t=1667495293,https://shared.akamai.steamstatic.com/store_item_assets/steam/apps/407560/ss_7c4ca849a4f8f8d73ee7c3b4ce0349e9cbbeaf5e.1920x1080.jpg?t=1667495293,https://shared.akamai.steamstatic.com/store_item_assets/steam/apps/407560/ss_7cc4e134610db4b65598d017026b4916b641584e.1920x1080.jpg?t=1667495293,https://shared.akamai.steamstatic.com/store_item_assets/steam/apps/407560/ss_d4b9fd235194d80f535317f8dce2f806f406e6da.1920x1080.jpg?t=1667495293,https://shared.akamai.steamstatic.com/store_item_assets/steam/apps/407560/ss_7b0c4c3f1a4692406e214d715e621a7ef9399ed0.1920x1080.jpg?t=1667495293,https://shared.akamai.steamstatic.com/store_item_assets/steam/apps/407560/ss_463179c443dc3ab6bc716c47b9f25561d4f75289.1920x1080.jpg?t=1667495293,https://shared.akamai.steamstatic.com/store_item_assets/steam/apps/407560/ss_1cfa13ea41b62c2470c4b6cd376a84557d04dcbc.1920x1080.jpg?t=1667495293,https://shared.akamai.steamstatic.com/store_item_assets/steam/apps/407560/ss_da4b05d11ce48fbd8fdee2bba33232011fd82a51.1920x1080.jpg?t=1667495293,https://shared.akamai.steamstatic.com/store_item_assets/steam/apps/407560/ss_0a2e3b03d04ae02c17a04b6c8d7d2c719016b348.1920x1080.jpg?t=1667495293,https://shared.akamai.steamstatic.com/store_item_assets/steam/apps/407560/ss_ff262b826b67386a4b999f0143053d09579684f9.1920x1080.jpg?t=1667495293,https://shared.akamai.steamstatic.com/store_item_assets/steam/apps/407560/ss_fc49e2747de26339be1c963c7ef1d55e314e716e.1920x1080.jpg?t=1667495293,https://shared.akamai.steamstatic.com/store_item_assets/steam/apps/407560/ss_7f0fb3f837d5e15b8f49a302f5641c2f99533223.1920x1080.jpg?t=1667495293,https://shared.akamai.steamstatic.com/store_item_assets/steam/apps/407560/ss_cd42f1c19ee256b2939f209d24fdcd7c7ebe878b.1920x1080.jpg?t=1667495293,https://shared.akamai.steamstatic.com/store_item_assets/steam/apps/407560/ss_020a5037a4b85167fddcd342504508a08d24a2ed.1920x1080.jpg?t=1667495293,https://shared.akamai.steamstatic.com/store_item_assets/steam/apps/407560/ss_74c9696337acf346f73e2c240cefb62a7e90e623.1920x1080.jpg?t=1667495293,https://shared.akamai.steamstatic.com/store_item_assets/steam/apps/407560/ss_13c209944de55622c417fdcd266e1bf5d5b55fc2.1920x1080.jpg?t=1667495293,https://shared.akamai.steamstatic.com/store_item_assets/steam/apps/407560/ss_b6b010c2259e0ce8d854f3e5f8e5a90dcb2511b3.1920x1080.jpg?t=1667495293,https://shared.akamai.steamstatic.com/store_item_assets/steam/apps/407560/ss_64ccd86ade5eb7bbfaf98ea87a47a14126a2dba1.1920x1080.jpg?t=1667495293,https://shared.akamai.steamstatic.com/store_item_assets/steam/apps/407560/ss_e4f50c0aef35578425e06e5a35d1ac7cad3eda7a.1920x1080.jpg?t=1667495293,https://shared.akamai.steamstatic.com/store_item_assets/steam/apps/407560/ss_c7ff5d9b3843fa9af12874f186a796d36675cc69.1920x1080.jpg?t=1667495293,https://shared.akamai.steamstatic.com/store_item_assets/steam/apps/407560/ss_38a5029836a497573b56922238eb304431b3db05.1920x1080.jpg?t=1667495293,https://shared.akamai.steamstatic.com/store_item_assets/steam/apps/407560/ss_1abdd0692d3c995d9b81d80165235067a492f9c7.1920x1080.jpg?t=1667495293,https://shared.akamai.steamstatic.com/store_item_assets/steam/apps/407560/ss_dcca548e273e7f1dcccff0d306619cefb71b9448.1920x1080.jpg?t=1667495293,https://shared.akamai.steamstatic.com/store_item_assets/steam/apps/407560/ss_be65ae9721966d7ca03a56b7b9facde9da3b9dc9.1920x1080.jpg?t=1667495293,https://shared.akamai.steamstatic.com/store_item_assets/steam/apps/407560/ss_bc8f9340016756b6f0c4597d17bedbf2efcd156c.1920x1080.jpg?t=1667495293,https://shared.akamai.steamstatic.com/store_item_assets/steam/apps/407560/ss_f417547aaf77e6e55099d6a1caf890337b927886.1920x1080.jpg?t=1667495293,https://shared.akamai.steamstatic.com/store_item_assets/steam/apps/407560/ss_903d1d1dd94c50f36a36056b9426fa7e5f819c27.1920x1080.jpg?t=1667495293,https://shared.akamai.steamstatic.com/store_item_assets/steam/apps/407560/ss_2c1992cbf3e8912414911817ca5197eb7cf02a86.1920x1080.jpg?t=1667495293,https://shared.akamai.steamstatic.com/store_item_assets/steam/apps/407560/ss_a136eccb04b5e688aba1356a13b5c07e5ebcb7b6.1920x1080.jpg?t=1667495293",Steam,Paid
3239780,Ketamine Girl,"Jan 10, 2025",0 - 20000,0,0,0.99,0,0,"Welcome to Ketamine Girl . This isn't so much a game at its core as it is an electronic dance music album with an interactive visualizer. The album features 13 tracks inspired by music genres like minimal techno, psychedelic trance, and hardstyle, as well as Melbourne’s underground nightclub scene and bush doofs. If you’re looking for a game with complex gameplay mechanics, this might not be for you. But if you’re after a sick time enjoying some WUB WUB, you’re in for a trip. Get ready—let’s go!",['English'],['English'],Unknown,https://shared.akamai.steamstatic.com/store_item_assets/steam/apps/3239780/header.jpg?t=1737966254,Unknown,Unknown,True,False,False,0,Unknown,0,0,0,Unknown,0,0,"The game contains nudity and drug use, which can be seen at many psychedelic raves and festivals.",0,0,0,0,Depraved Spirit,Depraved Spirit,"Single-player,Family Sharing",Casual,Unknown,"https://shared.akamai.steamstatic.com/store_item_assets/steam/apps/3239780/ss_63267887bec46f4900c2644619221c3d6f7eb093.1920x1080.jpg?t=1737966254,https://shared.akamai.steamstatic.com/store_item_assets/steam/apps/3239780/ss_8fe737b58d2466caaaac32cd2e4aa76af8c79b5e.1920x1080.jpg?t=1737966254,https://shared.akamai.steamstatic.com/store_item_assets/steam/apps/3239780/ss_5dbf5a9d85d7090a8ebae70c719513acaa64b0d3.1920x1080.jpg?t=1737966254,https://shared.akamai.steamstatic.com/store_item_assets/steam/apps/3239780/ss_5669c99476a0298cf3a900f223d374f34551442f.1920x1080.jpg?t=1737966254,https://shared.akamai.steamstatic.com/store_item_assets/steam/apps/3239780/ss_03c30c1f803c0a7cfa0f55f47b069fed4315cc88.1920x1080.jpg?t=1737966254",Steam,Paid
2247080,Glyph Guesser,"Jan 11, 2023",0 - 20000,0,0,0.99,0,0,"One evening, my 5 year old son asked me to 'guess my letters'. It turns out he was thinking of three letters that didn't make a word. Just three random letters. It was kind of fun! Glyph Guesser is a little program I made that builds on this idea. You can adjust the difficulty by setting the size of the pool of characters, the length of the random sequence, and the kind of hints you get about how close your guesses are. The hints are all togglable independently, so you can choose to see: * No hints at all, just guess randomly. * How many of the glyphs are somewhere in the sequence. * Which of the glyphs are in the sequence * Which of the glyphs are in the correct locations. Because glyph guesser supports 860 glyphs from the UTF-8 character set, you can generate an arcane set of glyphs to guess from, and if you choose a glyph set of 10 or less, you can reference them with the numerals 0-9. Otherwise, you'll need to copy-paste the glyphs from the library printout. Enjoy guessing!",['English'],[],Unknown,https://shared.akamai.steamstatic.com/store_item_assets/steam/apps/2247080/header.jpg?t=1673474150,Unknown,info@tryop.com,True,False,False,0,Unknown,0,5,0,Unknown,0,0,Unknown,0,0,0,0,Paul Spooner,Tryop,"Single-player,Family Sharing","Casual,Indie","Casual,Puzzle,Word Game,Text-Based,Logic,Retro,Indie,Singleplayer","https://shared.akamai.steamstatic.com/store_item_assets/steam/apps/2247080/ss_30acf4c9e5f0f815133f353fa0c123e65b34cdc8.1920x1080.jpg?t=1673474150,https://shared.akamai.steamstatic.com/store_item_assets/steam/apps/2247080/ss_5fe63822225eacb246589a918ecfe5d8042e86a3.1920x1080.jpg?t=1673474150,https://shared.akamai.steamstatic.com/store_item_assets/steam/apps/2247080/ss_51e2c2cdc80577590e7819615d8a208a9ccd5527.1920x1080.jpg?t=1673474150,https://shared.akamai.steamstatic.com/store_item_assets/steam/apps/2247080/ss_d01bd3b3dd86de56a217c7c230be7159fb019ba6.1920x1080.jpg?t=1673474150,https://shared.akamai.steamstatic.com/store_item_assets/steam/apps/2247080/ss_9d0ca1c344957c7311cc56f23362bb93f09c0623.1920x1080.jpg?t=1673474150",Steam,Paid
593000,Alien Swarm: Reactive Drop - SDK,"Apr 20, 2017",0 - 0,0,0,0.0,0,0,Unknown,[],[],Unknown,https://shared.akamai.steamstatic.com/store_item_assets/steam/apps/593000/header.jpg?t=1667013771,Unknown,Unknown,True,False,False,0,Unknown,0,0,0,Unknown,0,0,Unknown,0,0,0,0,Unknown,Unknown,Family Sharing,Unknown,Unknown,Unknown,Steam,Free
3147350,Tiir Request,"Sep 12, 2024",0 - 20000,0,0,1.99,0,0,"Discover the story of Isur, a Tiir (a creature similar to slimes) who lives in the Dark Forest. When his best friend Valt is captured by humans, Isur must seek the wisdom of the village elder. However, before he can do so, he is intercepted by a mysterious human who grants him a power beyond his understanding. Now, his mission is to find other Tiir scattered across the world to gain the strength and abilities necessary to rescue Valt and bring him to a new sanctuary for their species. What are the Tiir? The Tiir are soft, round, and transparent masses that are very curious about everything around them. Despite their appearance, they are very sturdy and have lived for hundreds of years. The Tiir do not require food to survive, but they love to eat anything smaller than themselves. Over time, they can acquire the coloration and properties of the food they consume. Due to their abilities, these creatures are often hunted by humans for potion-making. Features • Tiir Request is a retro RPG game. • Turn-based combat • In-game achievements • 15+ places to explore • You will need your skills to make your way and find all the Tiir • Be careful with humans; touching one could start a battle. • Look for the bright light to save your game. Warning • This game is only available in Spanish. • The story of this game is part of the world of Angel Request, the book. Controls:","['Spanish - Latin America', 'Spanish - Spain']","['Spanish - Latin America', 'Spanish - Spain']",Unknown,https://shared.akamai.steamstatic.com/store_item_assets/steam/apps/3147350/header.jpg?t=1726782382,https://www.lionelkx.com,angelrequestporlionelkx@gmail.com,True,False,False,0,Unknown,0,0,0,Unknown,0,0,Unknown,0,0,0,0,LionelKx,LionelKx,"Single-player,Full controller support,Family Sharing","Adventure,Casual,Indie,RPG",Unknown,"https://shared.akamai.steamstatic.com/store_item_assets/steam/apps/3147350/ss_71e5cbd48b843076d7285299dcd03210129a38b0.1920x1080.jpg?t=1726782382,https://shared.akamai.steamstatic.com/store_item_assets/steam/apps/3147350/ss_0c091ac6f9576443d30d5b555765485bc69536cc.1920x1080.jpg?t=1726782382,https://shared.akamai.steamstatic.com/store_item_assets/steam/apps/3147350/ss_94f19080bf7bf7d436c5133cdacf314cbaa8aebf.1920x1080.jpg?t=1726782382,https://shared.akamai.steamstatic.com/store_item_assets/steam/apps/3147350/ss_785764447b5c053a24aba2a26c3f35619d320f1c.1920x1080.jpg?t=1726782382,https://shared.akamai.steamstatic.com/store_item_assets/steam/apps/3147350/ss_ba0caa37499be47cc107fb74cd0fdd19b9de0408.1920x1080.jpg?t=1726782382",Steam,Paid
2294730,MILFs of Sunville - Season 2,"Sep 9, 2025",0 - 20000,32,0,8.49,15,1,"A direct sequel to MILFs of Sunville . Just recently, you dreamed of leaving this town, so what has changed? Did you meet new people or got used to the coziness of a small, always sunny town? Or maybe you got yourself in a ton of trouble and couldn't just run away, leaving things as they were? Can't abandon the people who believed in you and run away from those you wronged? One way or the other, but the protagonist will have to face the consequences of his actions in the new season of the game. He'll change, for better, or for the worse. And only you have the power to direct that change. Explore the stories of characters you already know well and deal with the challenges yet to come in your own, unique style! THE GAME FEATURES More than 20 charming ladies and hot MILFs! Lively characters with animated eyes Flying camera inside animations with a variety of angles to choose Love bar, to give more life to the spicy scenes A fully-functional smartphone An open world 10-20 hours of gameplay All of the graphics and music made without the use of AI Early Access This game is in Early Access. Regular free updates will be provided to anyone who has already purchased the game.","['English', 'French', 'Italian', 'German', 'Spanish - Spain', 'Simplified Chinese', 'Russian', 'Turkish', 'Ukrainian', 'Polish', 'Czech', 'Arabic', 'Portuguese - Brazil', 'Portuguese - Portugal']",[],Unknown,https://shared.akamai.steamstatic.com/store_item_assets/steam/apps/2294730/1efd9b6f8c9fc60a9012694157d3366f8070d113/header.jpg?t=1762946586,Unknown,support@l7-team.com,True,True,True,0,Unknown,0,0,0,Unknown,53,1144,This game contains adult themes and content that may not be suitable for all ages. All acts in the game are consensual.,568,0,568,0,L7team,L7team,"Single-player,Steam Achievements,Steam Trading Cards,Steam Cloud,Family Sharing","Adventure,Casual,Indie,RPG",Unknown,"https://shared.akamai.steamstatic.com/store_item_assets/steam/apps/2294730/ss_9ddc5336367a62b63798980a414370c9b73552f2.1920x1080.jpg?t=1762946586,https://shared.akamai.steamstatic.com/store_item_assets/steam/apps/2294730/ss_44c0b1203e4151778ed14e91d1fcf996f776db41.1920x1080.jpg?t=1762946586,https://shared.akamai.steamstatic.com/store_item_assets/steam/apps/2294730/e7d968105292271f67de119ed4b89a12b28122ad/ss_e7d968105292271f67de119ed4b89a12b28122ad.1920x1080.jpg?t=1762946586,https://shared.akamai.steamstatic.com/store_item_assets/steam/apps/2294730/ss_4a2ad8094f8cc097c684539887f03d40b67cf550.1920x1080.jpg?t=1762946586,https://shared.akamai.steamstatic.com/store_item_assets/steam/apps/2294730/ss_0f3603096bc7004add87b42210671b9295bd6744.1920x1080.jpg?t=1762946586,https://shared.akamai.steamstatic.com/store_item_assets/steam/apps/2294730/ss_17aa0dbf28b9a4e1fa505503e7daf044225059ee.1920x1080.jpg?t=1762946586,https://shared.akamai.steamstatic.com/store_item_assets/steam/apps/2294730/ss_49f51b4b846ab02084b171c1dd72246b18757ba9.1920x1080.jpg?t=1762946586,https://shared.akamai.steamstatic.com/store_item_assets/steam/apps/2294730/ss_f3df3bd168084edf1837662c904b092d0f0ffba3.1920x1080.jpg?t=1762946586,https://shared.akamai.steamstatic.com/store_item_assets/steam/apps/2294730/ss_5c19234f7d71972812c2b3d4f265e1969d2ff18b.1920x1080.jpg?t=1762946586,https://shared.akamai.steamstatic.com/store_item_assets/steam/apps/2294730/ss_20581dc0e2fc1607703fd72be54f360353f7087b.1920x1080.jpg?t=1762946586,https://shared.akamai.steamstatic.com/store_item_assets/steam/apps/2294730/0ccfc620694ad1511dc8412721c89f9b9757340e/ss_0ccfc620694ad1511dc8412721c89f9b9757340e.1920x1080.jpg?t=1762946586,https://shared.akamai.steamstatic.com/store_item_assets/steam/apps/2294730/ss_e73e06e703cad9b331b3417ebc62323457bf5838.1920x1080.jpg?t=1762946586,https://shared.akamai.steamstatic.com/store_item_assets/steam/apps/2294730/8786d73ba344fc37c40ea04dc9aab09e6d2d9d87/ss_8786d73ba344fc37c40ea04dc9aab09e6d2d9d87.1920x1080.jpg?t=1762946586,https://shared.akamai.steamstatic.com/store_item_assets/steam/apps/2294730/ss_e4190b3e238e7373bfc8df6432bd762129e0e780.1920x1080.jpg?t=1762946586,https://shared.akamai.steamstatic.com/store_item_assets/steam/apps/2294730/ss_233ae1c33474f59f4d98ac24077d8dc14a806e33.1920x1080.jpg?t=1762946586,https://shared.akamai.steamstatic.com/store_item_assets/steam/apps/2294730/ss_49d79d3baf248dab7e1c0e83d7a9dae0773be8e2.1920x1080.jpg?t=1762946586,https://shared.akamai.steamstatic.com/store_item_assets/steam/apps/2294730/d055f13d80982c756a65ee01eec90ecbef6cffb3/ss_d055f13d80982c756a65ee01eec90ecbef6cffb3.1920x1080.jpg?t=1762946586,https://shared.akamai.steamstatic.com/store_item_assets/steam/apps/2294730/ss_ce5bd0c9437a45922e14422813276c58e44a0ae3.1920x1080.jpg?t=1762946586,https://shared.akamai.steamstatic.com/store_item_assets/steam/apps/2294730/ss_c2d6f4e0d713ce9b0ad040c7958f8c894dc3795d.1920x1080.jpg?t=1762946586,https://shared.akamai.steamstatic.com/store_item_assets/steam/apps/2294730/ss_b2d3a3077277224e5143711f01e61c85dd7b6bcf.1920x1080.jpg?t=1762946586,https://shared.akamai.steamstatic.com/store_item_assets/steam/apps/2294730/ss_0249890e8b72ecf1390d1f5d34447956952db9d8.1920x1080.jpg?t=1762946586,https://shared.akamai.steamstatic.com/store_item_assets/steam/apps/2294730/ss_4ac44941fc49a8b545769ae1311ce15760ff93ba.1920x1080.jpg?t=1762946586,https://shared.akamai.steamstatic.com/store_item_assets/steam/apps/2294730/ss_463110716b026de2c699278bdb7c0cea30949f72.1920x1080.jpg?t=1762946586,https://shared.akamai.steamstatic.com/store_item_assets/steam/apps/2294730/ss_3ed4bc336688b4c9f2dce7be586ad6cb9f682fbd.1920x1080.jpg?t=1762946586,https://shared.akamai.steamstatic.com/store_item_assets/steam/apps/2294730/ss_47d7f72077b5570a0940b030b081a083f0483f08.1920x1080.jpg?t=1762946586,https://shared.akamai.steamstatic.com/store_item_assets/steam/apps/2294730/ss_0d549f171ede64415019c19f0c0f7f69e22d1450.1920x1080.jpg?t=1762946586,https://shared.akamai.steamstatic.com/store_item_assets/steam/apps/2294730/ss_c1692c090ad1082647edd8faf348acf998871deb.1920x1080.jpg?t=1762946586,https://shared.akamai.steamstatic.com/store_item_assets/steam/apps/2294730/ss_ecfa0795cab3d0984955b2df9e3b1b39e667620d.1920x1080.jpg?t=1762946586,https://shared.akamai.steamstatic.com/store_item_assets/steam/apps/2294730/ss_bf6f90ffcdcc32d3b8959597d3c9f52ad561a17a.1920x1080.jpg?t=1762946586,https://shared.akamai.steamstatic.com/store_item_assets/steam/apps/2294730/ss_8fe4ca513a22a27a1249b1cf9c8931dd5edc8b6d.1920x1080.jpg?t=1762946586,https://shared.akamai.steamstatic.com/store_item_assets/steam/apps/2294730/ss_5c9b5d4d42d4d45366d01fdbabb408f2b46409d4.1920x1080.jpg?t=1762946586,https://shared.akamai.steamstatic.com/store_item_assets/steam/apps/2294730/1dc5b5507c165a3aa77bcf5f28e7b4483808106e/ss_1dc5b5507c165a3aa77bcf5f28e7b4483808106e.1920x1080.jpg?t=1762946586,https://shared.akamai.steamstatic.com/store_item_assets/steam/apps/2294730/ss_63fa80c264b85ca00bada057b9fd25a947392367.1920x1080.jpg?t=1762946586,https://shared.akamai.steamstatic.com/store_item_assets/steam/apps/2294730/ss_4baa66e549f912188f8959a91e1079036c0bdfc3.1920x1080.jpg?t=1762946586,https://shared.akamai.steamstatic.com/store_item_assets/steam/apps/2294730/089034777d5bbfa636d790c078271ef3ea1b6cfe/ss_089034777d5bbfa636d790c078271ef3ea1b6cfe.1920x1080.jpg?t=1762946586,https://shared.akamai.steamstatic.com/store_item_assets/steam/apps/2294730/ss_cf065bb62ba51d3dc633ab06f819e66d1f62980b.1920x1080.jpg?t=1762946586,https://shared.akamai.steamstatic.com/store_item_assets/steam/apps/2294730/ss_d33c6b97fe40c3d8ac71823446ca723c5a9926d9.1920x1080.jpg?t=1762946586,https://shared.akamai.steamstatic.com/store_item_assets/steam/apps/2294730/ss_3f02e23a96241aa5a7bad263983c1d99ef10fdc6.1920x1080.jpg?t=1762946586,https://shared.akamai.steamstatic.com/store_item_assets/steam/apps/2294730/ss_a2ae384603e9bc3cd4b0ad1ff5b6038f1255b8cc.1920x1080.jpg?t=1762946586,https://shared.akamai.steamstatic.com/store_item_assets/steam/apps/2294730/ss_c8e866a70272d886f26f72458e922f1bb81b6e30.1920x1080.jpg?t=1762946586,https://shared.akamai.steamstatic.com/store_item_assets/steam/apps/2294730/ss_f942774435b7df6dd1a82bb793b8d0e68c456de1.1920x1080.jpg?t=1762946586,https://shared.akamai.steamstatic.com/store_item_assets/steam/apps/2294730/ss_edb55f1e222e8f0af668cd75b97b949445350c8d.1920x1080.jpg?t=1762946586,https://shared.akamai.steamstatic.com/store_item_assets/steam/apps/2294730/ss_916f6c347ffc8439f71c7053572fef33f7271ed3.1920x1080.jpg?t=1762946586,https://shared.akamai.steamstatic.com/store_item_assets/steam/apps/2294730/ss_91730f27a7ad753b613468e678b4c32aba5eef9b.1920x1080.jpg?t=1762946586,https://shared.akamai.steamstatic.com/store_item_assets/steam/apps/2294730/ss_cd4b72922240ff7fe36d349498e7c2dc11a9bbf3.1920x1080.jpg?t=1762946586,https://shared.akamai.steamstatic.com/store_item_assets/steam/apps/2294730/ss_6f302c56493dae5663a94c8b960aedf95a7c6140.1920x1080.jpg?t=1762946586,https://shared.akamai.steamstatic.com/store_item_assets/steam/apps/2294730/ss_a5b9d7b7c6aba236b2eab0f8d40f3375cad8ac76.1920x1080.jpg?t=1762946586,https://shared.akamai.steamstatic.com/store_item_assets/steam/apps/2294730/ss_f32ff0950877cc6bb05f75d92784e3d31294ca4e.1920x1080.jpg?t=1762946586,https://shared.akamai.steamstatic.com/store_item_assets/steam/apps/2294730/ss_20ad507241e11b883d2c592872b2a6cc2ac39e90.1920x1080.jpg?t=1762946586,https://shared.akamai.steamstatic.com/store_item_assets/steam/apps/2294730/ss_fadba223d6a01e74d590f7551ad4da79b9651297.1920x1080.jpg?t=1762946586,https://shared.akamai.steamstatic.com/store_item_assets/steam/apps/2294730/ss_7c17a555dbbaa7cb95f38bbcf786b14c151d5f94.1920x1080.jpg?t=1762946586,https://shared.akamai.steamstatic.com/store_item_assets/steam/apps/2294730/ss_b71325d447168145a6acc4f0cc10dc27fb51104e.1920x1080.jpg?t=1762946586,https://shared.akamai.steamstatic.com/store_item_assets/steam/apps/2294730/ss_721208fa46851b6cb2f0f9f46ec6ef392ec86147.1920x1080.jpg?t=1762946586,https://shared.akamai.steamstatic.com/store_item_assets/steam/apps/2294730/ss_e0efdb6d1e15da669b04d11e18275bf6b296c9ec.1920x1080.jpg?t=1762946586,https://shared.akamai.steamstatic.com/store_item_assets/steam/apps/2294730/ss_84d9da79e309341915fec73b285e8ca3e4869bca.1920x1080.jpg?t=1762946586,https://shared.akamai.steamstatic.com/store_item_assets/steam/apps/2294730/ss_e0c079f1de39cbeb0f7d97cdcd63c6804b3ddf92.1920x1080.jpg?t=1762946586,https://shared.akamai.steamstatic.com/store_item_assets/steam/apps/2294730/ss_5b5c5c7efc3d0577881f44e3a69c633d52db6cd2.1920x1080.jpg?t=1762946586,https://shared.akamai.steamstatic.com/store_item_assets/steam/apps/2294730/ss_c2b2030b31dad67ae2e2ca5b9c5a01555689974f.1920x1080.jpg?t=1762946586,https://shared.akamai.steamstatic.com/store_item_assets/steam/apps/2294730/ss_088f7e611dbf134a5fbfed98687c3702e1b43f68.1920x1080.jpg?t=1762946586,https://shared.akamai.steamstatic.com/store_item_assets/steam/apps/2294730/ss_ba4a5d18468122435804be839f376e3f61c86090.1920x1080.jpg?t=1762946586,https://shared.akamai.steamstatic.com/store_item_assets/steam/apps/2294730/ss_ee095f33051d06a9a8a675b1364ffe3f65a40c7e.1920x1080.jpg?t=1762946586,https://shared.akamai.steamstatic.com/store_item_assets/steam/apps/2294730/ss_02a08200cd5a6fc37717abc659df992ad90a1787.1920x1080.jpg?t=1762946586,https://shared.akamai.steamstatic.com/store_item_assets/steam/apps/2294730/ss_6f3086ff70e6126e03edb3e754138d631fb5dcac.1920x1080.jpg?t=1762946586,https://shared.akamai.steamstatic.com/store_item_assets/steam/apps/2294730/ss_72cf27a1d3375926ebcf170990209a4b16e87924.1920x1080.jpg?t=1762946586,https://shared.akamai.steamstatic.com/store_item_assets/steam/apps/2294730/ss_29d8b0abd182171d077e79e70f4503bf931f4f99.1920x1080.jpg?t=1762946586,https://shared.akamai.steamstatic.com/store_item_assets/steam/apps/2294730/ss_86cc3d2ebeea02186ce36ad1d0b9ad93dd830192.1920x1080.jpg?t=1762946586,https://shared.akamai.steamstatic.com/store_item_assets/steam/apps/2294730/f67174500f28249f0b688a41c962854dfc2df602/ss_f67174500f28249f0b688a41c962854dfc2df602.1920x1080.jpg?t=1762946586",Steam,Paid
296890,Neon Shadow,"Aug 25, 2016",20000 - 50000,0,0,4.99,0,0,"Neon Shadow is a fast paced Cyber Punk FPS inspired by classic shooters. Suit up and grab your shotgun. Your mission: Save humanity from the dark mechanoids who have taken control of your space station and soon the rest of the galaxy! Everything in the Steam version has been improved from the controls to the graphics, we would like to think of it as Neon Shadow 2.0. Please shout if there are additional features you would like to see! Planned additions so far are; split-screen up to 4, chat functions, player names (over head) and Tobii support. Features: • Multiplayer. • Old school first person shooter game-play. • Single player campaign. • Online multiplayer death-match mode • LAN multiplayer death-match. • Cyber Punk soundtrack from Abducted by Sharks.",['English'],['English'],“Neon Shadow mixes nostalgia and modernity to create a consistently entertaining blend of gorgeous graphics and classic FPS gaming” 9/10 – Pocket Gamer,https://shared.akamai.steamstatic.com/store_item_assets/steam/apps/296890/header.jpg?t=1472304377,http://crescentmoongames.com/wordpress/neon-shadow,info@crescentmoongames.com,True,False,False,0,Unknown,0,68,15,Unknown,0,0,Unknown,4,0,4,0,Tasty Poison,Crescent Moon Games,"Single-player,Multi-player,Cross-Platform Multiplayer,VR Support,Partial Controller Support,Family Sharing",Action,"Action,FPS,Shooter,Multiplayer,Cyberpunk","https://shared.akamai.steamstatic.com/store_item_assets/steam/apps/296890/ss_91e0b0b623be1f03c60542d146cbc037cc78e70f.1920x1080.jpg?t=1472304377,https://shared.akamai.steamstatic.com/store_item_assets/steam/apps/296890/ss_00737cead890139eba62f9556a7991ce64387b4a.1920x1080.jpg?t=1472304377,https://shared.akamai.steamstatic.com/store_item_assets/steam/apps/296890/ss_853b843a7190fc1101589d5a16af7d5fb1d49efb.1920x1080.jpg?t=1472304377,https://shared.akamai.steamstatic.com/store_item_assets/steam/apps/296890/ss_57e87ca6e845bbd50fa223b53f5e35c0b272fad2.1920x1080.jpg?t=1472304377,https://shared.akamai.steamstatic.com/store_item_assets/steam/apps/296890/ss_4e0cd47395aaf414e9bc20d99af1c7367e992cf6.1920x1080.jpg?t=1472304377",Steam,Paid
448830,ASMR Universe,"Mar 3, 2016",20000 - 50000,0,0,1.19,60,0,"ASMR Autonomous sensory meridian response (ASMR) is defined as pleasurable tingling sensations in the head, scalp, back, or anywhere in the body in response to visual, auditory, tactile, olfactory, or cognitive stimuli. Wikipedia page on the study of ASMR: ASMR also aids in relaxation and sleep. Many people experience ASMR differently. ASMR Universe gives the user the power to shape a complete universe of sounds. FEATURES More than 80 sounds The ability to create sounds paths which moves the sounds across a sound space through different speakers/audio space(left, right, behind, etc) The ability to save and load universes Sounds can be recorded with 'r' and will be saved as a wav file in the game's installation directory Characters can be selected using keys 1-6 (cat,dog,owl,penguin,rat,wolf) Relax at home, work, while you game Add custom sounds - however saving is not supported with custom sounds.",['English'],[],Unknown,https://shared.akamai.steamstatic.com/store_item_assets/steam/apps/448830/header.jpg?t=1628594723,https://www.facebook.com/colossalwreckpage/,colossalwreckemail@gmail.com,True,False,False,0,Unknown,0,76,38,Unknown,0,0,Unknown,224,0,261,0,Colossal Wreck,Colossal Wreck,"Single-player,Steam Trading Cards",Utilities,"Utilities,Relaxing,Atmospheric,Indie,Casual,Experimental,Software,Cute,Abstract,Singleplayer,Sandbox,Music,Audio Production,2D,Great Soundtrack,Dark,Simulation,Minimalist,Psychedelic,Surreal","https://shared.akamai.steamstatic.com/store_item_assets/steam/apps/448830/ss_e081bea1d30f449bdc697a726c6c791049c1ca5a.1920x1080.jpg?t=1628594723,https://shared.akamai.steamstatic.com/store_item_assets/steam/apps/448830/ss_998a4409d971c8090bcb84c0f29b048437db03dc.1920x1080.jpg?t=1628594723,https://shared.akamai.steamstatic.com/store_item_assets/steam/apps/448830/ss_82ae7196bd94a8178a8e0a158a55a49168f3eb88.1920x1080.jpg?t=1628594723,https://shared.akamai.steamstatic.com/store_item_assets/steam/apps/448830/ss_869ad6317b3eb9e19af648b0b462348b67777b3b.1920x1080.jpg?t=1628594723,https://shared.akamai.steamstatic.com/store_item_assets/steam/apps/448830/ss_4881d336f1adf033809ef3c80e2fba27f28a47fa.1920x1080.jpg?t=1628594723,https://shared.akamai.steamstatic.com/store_item_assets/steam/apps/448830/ss_2cdf997dfc19b1e2008abbec76966cf3421a32ac.1920x1080.jpg?t=1628594723",Steam,Paid
2766880,Meowingtons Simulator,"May 6, 2025",0 - 20000,0,0,5.99,0,0,"Game Overview: Get ready to take control of the most unique dance party ever with Meowingtons and pals! In this ragdoll dancing simulator, you’ll use intuitive controls to move Meowingtons to the beat of the music. Create hilariously chaotic dance routines, time your moves with the rhythm, and make that goofy cat bounce around. Key Features: Ragdoll Dance Mechanics: In Meowingtons Simulator , every move hits the beat. The dance system is fully synced to the music, meaning each action you take lands perfectly in rhythm—no off-beat flailing allowed. Control Meowingtons’ head or butt independently using simple impulse sliders. Launch his limbs, pose mid-air, or smash into the club walls—all while grooving to the track. The result? A glorious mess of rhythm, ragdoll physics, and feline flair. Master the controls to create beautifully synchronized chaos—or just let the beat take control and see what happens. Either way, it’s hilarious, satisfying, and endlessly remixable. Choose Your Cat. Style Your Chaos: Before you hit the dance floor, make sure you’re looking fresh. Meowingtons Simulator lets you choose from a variety of cat skins, each with its own unique look—from sleek and stylish to funky and bold. Once you’ve picked your cat, dress them up with cosmetics you’ve collected. Whether it's a pair of shades, a shiny chain, or a full custom Mau5head, there are plenty of ways to stand out in the crowd. Your look is part of the performance. Show off your personality—or lack of coordination—in style. Multiplayer: Why dance alone when you can throw a full-blown cat rave? Meowingtons Simulator lets you host your own lobby and invite up to 7 friends to join the chaos. Whether you're showing off your precision timing or just slamming cats into walls for laughs, it’s always better with an audience. Use text chat to hype up each other’s moves—or let the proximity voice chat do the talking (and the meowing). Hear your friends laughing as you yeet Meowingtons across the room in perfect sync with the drop. Multiplayer is pure mayhem in the best way possible. No pressure, no leaderboard—just cats dancing, flopping, and vibing together. Build your own Mau5Head:  What’s a party without the right headgear? In Meowingtons Simulator , you can collect and combine cosmetic parts to create your very own custom Mau5head. Unlock new pieces as you play—LED visors, glowing ears, animated mouth plates, holographic overlays, and more. Mix and match styles to build a look that’s uniquely you (or uniquely cursed). Whether you’re going for full rave god mode or minimalist tech drip, your Mau5head is your identity on the dance floor—and yes, it absolutely moves with your physics-flailing head for maximum comedic effect.",['English'],[],Unknown,https://shared.akamai.steamstatic.com/store_item_assets/steam/apps/2766880/038888ce312dc94141abd84d3c994ee44ec4fc9d/header.jpg?t=1746590644,https://Oberha5li.com,info@oberha5li.com,True,False,False,0,Unknown,0,36,2,Unknown,19,0,Unknown,0,0,0,0,Oberha5li Studios,Oberha5li Studios,"Single-player,Multi-player,Co-op,Online Co-op,Steam Achievements,Family Sharing",Simulation,"Simulation,Rhythm,Utilities,Immersive Sim,3D,Third Person,Cats,Agriculture,Comedy,Automation,Physics,Singleplayer,Electronic Music,Exploration,Co-op,Multiplayer,Online Co-Op,Funny","https://shared.akamai.steamstatic.com/store_item_assets/steam/apps/2766880/b316f5f10db28b16a4eec78afcda6ca33746f982/ss_b316f5f10db28b16a4eec78afcda6ca33746f982.1920x1080.jpg?t=1746590644,https://shared.akamai.steamstatic.com/store_item_assets/steam/apps/2766880/91eebf963693b1101fe8169a7e07d0825fdf3575/ss_91eebf963693b1101fe8169a7e07d0825fdf3575.1920x1080.jpg?t=1746590644,https://shared.akamai.steamstatic.com/store_item_assets/steam/apps/2766880/1c211a03898903a33949d09bfbd59c60526e536a/ss_1c211a03898903a33949d09bfbd59c60526e536a.1920x1080.jpg?t=1746590644,https://shared.akamai.steamstatic.com/store_item_assets/steam/apps/2766880/aae5bbd5dac2e9c969c0b3dee16e65d6d3884397/ss_aae5bbd5dac2e9c969c0b3dee16e65d6d3884397.1920x1080.jpg?t=1746590644,https://shared.akamai.steamstatic.com/store_item_assets/steam/apps/2766880/dd55c97178ac4ab5a1b1cb4710acd2fbb46e2713/ss_dd55c97178ac4ab5a1b1cb4710acd2fbb46e2713.1920x1080.jpg?t=1746590644",Steam,Paid
3165280,3D PUZZLE - Apocalyptic Wasteland,"Sep 20, 2024",0 - 0,0,0,199.99,0,0,"Collect a 3D puzzle, transferring things to the right places to create a beautiful place. The game is a 3D puzzle, the player needs to put in place the missing pieces of the puzzle (items) scattered around the location. To create an entire location. You need to go to the item, take it by pressing the left mouse button and take the item to the desired location marked in green. If you brought the correct item, it will snap into place and you will receive leaderboard points and achievements for this. Collect as much items as possible as quickly as possible to get more points for the leaderboard. If you brought the wrong item, you can throw it away, it will return to the starting location so that you can pick it up again.","['English', 'French', 'Italian', 'German', 'Spanish - Spain', 'Arabic', 'Bulgarian', 'Czech', 'Danish', 'Dutch', 'Finnish', 'Greek', 'Hungarian', 'Indonesian', 'Japanese', 'Korean', 'Norwegian', 'Polish', 'Portuguese - Brazil', 'Portuguese - Portugal', 'Romanian', 'Russian', 'Simplified Chinese', 'Spanish - Latin America', 'Swedish', 'Thai', 'Traditional Chinese', 'Turkish', 'Ukrainian', 'Vietnamese', 'Afrikaans', 'Albanian', 'Amharic', 'Armenian', 'Assamese', 'Azerbaijani', 'Bangla', 'Basque', 'Belarusian', 'Bosnian', 'Catalan', 'Cherokee', 'Croatian', 'Dari', 'Estonian', 'Filipino', 'Galician', 'Georgian', 'Gujarati', 'Hausa', 'Hebrew', 'Hindi', 'Icelandic', 'Igbo', 'Irish', K'iche', 'Kannada', 'Kazakh', 'Khmer', 'Kinyarwanda', 'Konkani', 'Kyrgyz', 'Latvian', 'Lithuanian', 'Luxembourgish', 'Macedonian', 'Malay', 'Malayalam', 'Maltese', 'Maori', 'Marathi', 'Mongolian', 'Nepali', 'Odia', 'Persian', 'Punjabi (Gurmukhi)', 'Punjabi (Shahmukhi)', 'Quechua', 'Scots', 'Serbian', 'Sindhi', 'Sinhala', 'Slovak', 'Slovenian', 'Sorani', 'Sotho', 'Swahili', 'Tajik', 'Tamil', 'Tatar', 'Telugu', 'Tigrinya', 'Tswana', 'Turkmen', 'Urdu', 'Uyghur', 'Uzbek', 'Valencian', 'Welsh', 'Wolof', 'Xhosa', 'Yoruba', 'Zulu']",[],Unknown,https://shared.akamai.steamstatic.com/store_item_assets/steam/apps/3165280/header.jpg?t=1726826531,Unknown,info@hede.ru,True,True,True,0,Unknown,0,0,0,Unknown,6,0,Unknown,0,0,0,0,PUZZLE Games,Hede,"Single-player,Family Sharing","Action,Adventure,Casual,Indie,RPG,Simulation,Sports,Strategy",Unknown,"https://shared.akamai.steamstatic.com/store_item_assets/steam/apps/3165280/ss_fbadf8909e19eef78599f3ebc24b4d6ac9a46074.1920x1080.jpg?t=1726826531,https://shared.akamai.steamstatic.com/store_item_assets/steam/apps/3165280/ss_690d772f328cd35439a12c1e251edacff53278a7.1920x1080.jpg?t=1726826531,https://shared.akamai.steamstatic.com/store_item_assets/steam/apps/3165280/ss_d4b86fd61de86202a6f31b9e1bdc0e11c42a32ab.1920x1080.jpg?t=1726826531,https://shared.akamai.steamstatic.com/store_item_assets/steam/apps/3165280/ss_20e4a3f65ec37cdd9364eefa750abb38919ce31a.1920x1080.jpg?t=1726826531,https://shared.akamai.steamstatic.com/store_item_assets/steam/apps/3165280/ss_64fb9bfeace91c106e19b1c30c2a8a4109e03a82.1920x1080.jpg?t=1726826531",Steam,Paid
1689180,Mira’s Workshop,"Oct 12, 2021",0 - 20000,0,0,1.49,0,0,"Mira has decided to participate in an exhibition of mechanical animals! With the help of her friends Ash and Summer, Mira started looking for parts for her mechanical masterpiece. Help Mira finish her grand project! Earn coins and build a horse to your liking. Combine and replace parts. Play a variety of Spot the Difference mini-games. Explore a mysterious mechanical world with interesting characters! 150 colorful nonogram puzzles of all difficulty levels, a compelling story, and charming music will help you pass the time and have a lot of fun! Puzzles are a great opportunity to challenge yourself! Complete levels, solve puzzles, and help Mira and her friends finish their project! - 150 colorful and memorable levels! - Build a mechanical horse! - Striking visual effects! - Rich summer colors! - An exciting adventure! - Improve your logical and abstract thinking! - User-friendly interface and addictive gameplay!","['English', 'French', 'Italian', 'German', 'Spanish - Spain', 'Portuguese - Brazil', 'Dutch', 'Russian']",[],Unknown,https://shared.akamai.steamstatic.com/store_item_assets/steam/apps/1689180/header.jpg?t=1667821103,https://www.facebook.com/DigiMight,digimight@gmail.com,True,True,False,0,Unknown,0,2,0,Unknown,0,0,Unknown,0,0,0,0,DigiMight,DigiMight,"Single-player,Family Sharing",Casual,"Casual,Adventure,Indie,Relaxing,Puzzle,Fantasy,Funny,Singleplayer,Addictive,Hidden Object","https://shared.akamai.steamstatic.com/store_item_assets/steam/apps/1689180/ss_d64fe5f815ef70a7d00ab1c004bf69dc5f06b484.1920x1080.jpg?t=1667821103,https://shared.akamai.steamstatic.com/store_item_assets/steam/apps/1689180/ss_0ee5aaba76ca1b5ab6f349d1efd25dfe325b46b9.1920x1080.jpg?t=1667821103,https://shared.akamai.steamstatic.com/store_item_assets/steam/apps/1689180/ss_0dad07acd8c312f00ba6d4397dbd015d92f46199.1920x1080.jpg?t=1667821103,https://shared.akamai.steamstatic.com/store_item_assets/steam/apps/1689180/ss_a7f1806aafa70160246aabcd7aaacbd2681737bd.1920x1080.jpg?t=1667821103,https://shared.akamai.steamstatic.com/store_item_assets/steam/apps/1689180/ss_de991d9462ba80de2ebdb29fbb33597421c55339.1920x1080.jpg?t=1667821103,https://shared.akamai.steamstatic.com/store_item_assets/steam/apps/1689180/ss_97952e14150b73092ecaeb5a6e855e69b90befb0.1920x1080.jpg?t=1667821103",Steam,Paid
2598960,Problemlöser,"Dec 7, 2023",20000 - 50000,0,0,2.99,0,0,"Hans the hero has just finished school and is looking for a way to become an IT professional to earn money for more gadgets for his eSports hobby. Luckily, he gets an offer to become a trainee in an IT company. The CIO, has a first project for him to check some code to squeeze bugs. Take control of the new IT trainee in this 2D action game and avoid collisions with the IT professionals. Debug scripts to find bugs to squeeze. More administrators are waiting for you in each level. Remember, your time is limited! If that sounds too easy, try 8 different difficulty levels. The game has a unique way of controlling the hero. As you try to find the optimal path through the level, it's a challenge to stay focused and keep an eye on all the administrators.",['English'],['English'],Unknown,https://shared.akamai.steamstatic.com/store_item_assets/steam/apps/2598960/header.jpg?t=1701947728,Unknown,thorn@pionierwerk.de,True,False,True,0,Unknown,0,2,0,Unknown,0,0,Unknown,0,0,0,0,Pionierwerk,Pionierwerk,"Single-player,Family Sharing",Action,"Action,Singleplayer,2D,Comic Book,Comedy,Funny,Arcade,Time Management,Linear","https://shared.akamai.steamstatic.com/store_item_assets/steam/apps/2598960/ss_699e9ee180791d65f2a22ae4977a8b39ec0ed693.1920x1080.jpg?t=1701947728,https://shared.akamai.steamstatic.com/store_item_assets/steam/apps/2598960/ss_29cc4a097f199e6ce124e6b9a5cc7b2e4a5b5923.1920x1080.jpg?t=1701947728,https://shared.akamai.steamstatic.com/store_item_assets/steam/apps/2598960/ss_0be012ee3c9d2ac29e36ed0201eb36d0bcb73ffb.1920x1080.jpg?t=1701947728,https://shared.akamai.steamstatic.com/store_item_assets/steam/apps/2598960/ss_57ab4d42ce7b4cd9c3aba34af6e979a8f55eab9c.1920x1080.jpg?t=1701947728,https://shared.akamai.steamstatic.com/store_item_assets/steam/apps/2598960/ss_1f8f414ec7c898d28e404ca82da56c5fd120638b.1920x1080.jpg?t=1701947728,https://shared.akamai.steamstatic.com/store_item_assets/steam/apps/2598960/ss_17dc49d61af5595ad185866597cbe6fc5889f7fb.1920x1080.jpg?t=1701947728,https://shared.akamai.steamstatic.com/store_item_assets/steam/apps/2598960/ss_b04c64451ad1802d486a21551ac34d5e07ab6e25.1920x1080.jpg?t=1701947728,https://shared.akamai.steamstatic.com/store_item_assets/steam/apps/2598960/ss_a5b90edcb607b55a0b30267c49a08406399d7eeb.1920x1080.jpg?t=1701947728",Steam,Paid
3149340,PixelBurg,"Oct 3, 2025",0 - 20000,0,0,6.74,25,0,"Welcome to PixelBurg! The age of oppression is over – reclaim your legacy! Your family’s kingdom was taken from you, but now the hour of revenge has come. Build your power, lead your army, and construct a castle worthy of your ancestors' glory! Castle Building – From Village to Fortress Gather resources, expand your humble farmhouse into a thriving city, and construct over 20 different buildings. Assign professions to your subjects, collect taxes, and watch your castle flourish. Every wall, every tower brings you closer to your ultimate goal: dominion over the land! Battles &amp; Defense – War for the Crown Your enemies do not rest – defend your realm against those who once overthrew your father. Or take the fight to them: storm their castles, conquer their lands, and expand your empire. Assemble a mighty army, organize your troops, and command them in epic battles! Exploration – The World Awaits Leave the safety of your walls and discover a world full of dangers and mysteries. Plunder ancient treasures, defeat bandits, and uncover valuable artifacts. But beware: not everything lurking in the wilderness can be conquered by steel… Are you ready to reclaim your kingdom?","['English', 'German', 'French', 'Italian', 'Spanish - Spain', 'Portuguese - Brazil', 'Danish', 'Finnish', 'Dutch', 'Norwegian', 'Polish', 'Portuguese - Portugal', 'Swedish']",[],Unknown,https://shared.akamai.steamstatic.com/store_item_assets/steam/apps/3149340/2e7bfdbbc41bee72aa9e41c7972399550807ca01/header.jpg?t=1764673683,Unknown,raaygamessup@gmail.com,True,False,False,0,Unknown,0,0,0,Unknown,30,0,Unknown,0,0,0,0,Raay,Raay Games,"Single-player,Steam Achievements,Adjustable Text Size,Camera Comfort,Custom Volume Controls,Adjustable Difficulty,Playable without Timed Input,Stereo Sound,Steam Cloud,Family Sharing","Indie,Strategy",Unknown,"https://shared.akamai.steamstatic.com/store_item_assets/steam/apps/3149340/9d1215e5ed8019f1c047f285065a1a5a74940b8a/ss_9d1215e5ed8019f1c047f285065a1a5a74940b8a.1920x1080.jpg?t=1764673683,https://shared.akamai.steamstatic.com/store_item_assets/steam/apps/3149340/387ccd62fd3f3a3f52091003f9599e2f765c63f2/ss_387ccd62fd3f3a3f52091003f9599e2f765c63f2.1920x1080.jpg?t=1764673683,https://shared.akamai.steamstatic.com/store_item_assets/steam/apps/3149340/e1cb3d0e7bbb4904eb4c9025eb220133860e3fe7/ss_e1cb3d0e7bbb4904eb4c9025eb220133860e3fe7.1920x1080.jpg?t=1764673683,https://shared.akamai.steamstatic.com/store_item_assets/steam/apps/3149340/e09e19eefa0f785e1a553e40a24f24536ad8a1ce/ss_e09e19eefa0f785e1a553e40a24f24536ad8a1ce.1920x1080.jpg?t=1764673683,https://shared.akamai.steamstatic.com/store_item_assets/steam/apps/3149340/098bf796475fde35c1d53102a82324fc384c8929/ss_098bf796475fde35c1d53102a82324fc384c8929.1920x1080.jpg?t=1764673683",Steam,Paid
1780100,Nonorelia,"Jul 25, 2023",0 - 20000,0,0,24.99,0,1,"In 2754, Nonorel V served as a hub for interstellar shipping and manufacturing, run by engineer Noah Von Sterne and his family. This all changes in an instant, however, when a massive explosion decimates the colony. Does Noah have what it takes to save his home and his family? Throughout the story of Nonorelia, you must solve nonograms to overcome obstacles and progress further. Think before you act! Noah's choices may have consequences down the line. Features Unlike most nonogram games, Nonorelia's puzzles can have non-rectangular shapes! In cases where the numbers would overlap, they dynamically adjust to avoid collisions based on your mouse cursor. Nonorelia also features a moving camera! This allows for truly enormous puzzles too large to fit on the screen. In total, Nonorelia offers: A rich, immersive logic puzzle experience with sophisticated audio and visual cues — solving nonograms has never been this fun! A fully voiced visual novel storyline, starring established voice talents Over 240 (and counting!) uniquely shaped puzzles to solve in Picture Mode Over 30 (and counting!) stories to unveil in Picture Mode, with fully voiced narrations and beautiful full-resolution artwork Infinite randomly generated puzzles of all shapes and sizes (up to 99x99 tiles) A soothing, tantalizing auditory experience to fall asleep to in ASMR Mode Selectable difficulty levels to suit any player, from beginners to nonogram veterans Fully voiced interactive tutorials with tips and strategies for all skill levels An advanced hint system that explains each answer, helping you improve A tile flagging system that allows you to mark tiles for later, opening up more puzzle-solving tactics Multiple tilesets to customize the look and feel, both visually and aurally Over 60 minutes (and counting!) of lovingly crafted original soundtrack Over 40 achievements All depicted characters are 18 years of age or older.",['English'],['English'],Unknown,https://shared.akamai.steamstatic.com/store_item_assets/steam/apps/1780100/header.jpg?t=1725216041,Unknown,support@middleedgesoftware.com,True,False,False,0,Unknown,0,5,0,Unknown,41,0,"Trigger warning: Suicide, miscarriage. Like a PG-13 movie. Veiled nudity, some profanity, one F-bomb, images with blood, momentary cigarette use, reference to alcohol, suggestive themes.",0,0,0,0,Middle Edge Software,Middle Edge Software,"Single-player,Steam Achievements,Family Sharing","Casual,Early Access","Choose Your Own Adventure,Puzzle,Visual Novel,2D,Cute,Relaxing,Choices Matter,Conversation,Multiple Endings,Casual,Story Rich,Anime,Logic,Sci-fi,Robots,Singleplayer,Futuristic,Artificial Intelligence,Early Access","https://shared.akamai.steamstatic.com/store_item_assets/steam/apps/1780100/ss_c4d21486964e40f951ac382bb72de117302a1a16.1920x1080.jpg?t=1725216041,https://shared.akamai.steamstatic.com/store_item_assets/steam/apps/1780100/ss_4180146f39244aee7a2f1c66b9c3913b7357b955.1920x1080.jpg?t=1725216041,https://shared.akamai.steamstatic.com/store_item_assets/steam/apps/1780100/ss_8fad8152ab2f3aaeb5c5ff3729ae823a201d1e71.1920x1080.jpg?t=1725216041,https://shared.akamai.steamstatic.com/store_item_assets/steam/apps/1780100/ss_caf4c62c9830f1e2c1fc474c7f4d64745e6a55e7.1920x1080.jpg?t=1725216041,https://shared.akamai.steamstatic.com/store_item_assets/steam/apps/1780100/ss_0de32c81c1f30ce867de7d6f1bf5add5576ad01d.1920x1080.jpg?t=1725216041,https://shared.akamai.steamstatic.com/store_item_assets/steam/apps/1780100/ss_3610f2379a34bc2d0ed59707191d87005ec1ca0a.1920x1080.jpg?t=1725216041,https://shared.akamai.steamstatic.com/store_item_assets/steam/apps/1780100/ss_a0d5e0c76fcbff4e78106935c369c6f10f8fae18.1920x1080.jpg?t=1725216041,https://shared.akamai.steamstatic.com/store_item_assets/steam/apps/1780100/ss_839f9fe2fdaefd6bd2e2fea9d8712f0258cc189f.1920x1080.jpg?t=1725216041,https://shared.akamai.steamstatic.com/store_item_assets/steam/apps/1780100/ss_eb7720877980043408e5c060b03e95ad48373e2b.1920x1080.jpg?t=1725216041,https://shared.akamai.steamstatic.com/store_item_assets/steam/apps/1780100/ss_9da3d800f533c597f55f0ad9e44e7e13dbf8f125.1920x1080.jpg?t=1725216041,https://shared.akamai.steamstatic.com/store_item_assets/steam/apps/1780100/ss_76e9424cd94c32c3b1288a8fc8b6ba4d751f9a8c.1920x1080.jpg?t=1725216041,https://shared.akamai.steamstatic.com/store_item_assets/steam/apps/1780100/ss_65601be36837450712ddb18c41e83755cbbda7ed.1920x1080.jpg?t=1725216041,https://shared.akamai.steamstatic.com/store_item_assets/steam/apps/1780100/ss_afb81dec81363215e3bd1d8eb1a747e482f3f388.1920x1080.jpg?t=1725216041",Steam,Paid
1870970,CASTILLO: Shattered Mirrors,"Mar 25, 2022",20000 - 50000,0,0,4.99,0,0,"Castillo Shattered Mirrors is a first-person shooter that combines the frantic shooting of retro FPS games with the fun exploration of the collect-a-thons that ruled the late 90s. Your supernatural investigation goes a bit too far when you come across Dracula's castle and discover his dimension-hopping plan of dimensional domination. Battle your way through different apocalyptic dimensions, fighting hordes of monsters and finding crystal shards. Collect shards to open up new areas to Dracula's castle. Key Features: - Open-ended hub world , explore Dracula's castle and open up portals to shattered dimensions. - Fast-paced action , fight a vast array of different enemies - 11 weapons , kill monsters with different unique weapons throughout your dangerous journey. - Over 100 different levels , filled with action-packed combat and interesting story. - 13 different worlds to explore , recover crystal shards in space stations, abandoned snow research bases, spooky forests, and more - Choose which levels to play in any order , you have the freedom to pick from multiple worlds to complete in the hub world.",['English'],['English'],Unknown,https://shared.akamai.steamstatic.com/store_item_assets/steam/apps/1870970/header.jpg?t=1717745165,Unknown,jkclaytondev@gmail.com,True,True,True,0,Unknown,0,14,3,Unknown,21,0,Unknown,0,0,0,0,Jackson Clayton,Jackson Clayton,"Single-player,Steam Achievements,Full controller support,Steam Workshop,Steam Cloud,Includes level editor,Remote Play on Phone,Remote Play on Tablet,Remote Play on TV,Remote Play Together,Family Sharing","Action,Adventure,Indie","Boomer Shooter,Retro,Collectathon,Shooter,FPS,Lovecraftian,Pixel Graphics,Vampire,Horror,Gothic,First-Person,Action-Adventure,Dystopian,3D,2.5D,Nonlinear,Sandbox,Exploration,Action,Demons","https://shared.akamai.steamstatic.com/store_item_assets/steam/apps/1870970/ss_d74031d9ef29bf71c14ada174c79e479a6c6c5af.1920x1080.jpg?t=1717745165,https://shared.akamai.steamstatic.com/store_item_assets/steam/apps/1870970/ss_a296383394824140aa887076300db45ded0978cc.1920x1080.jpg?t=1717745165,https://shared.akamai.steamstatic.com/store_item_assets/steam/apps/1870970/ss_e05788f8395f9b2954636d664065b7522d747bf1.1920x1080.jpg?t=1717745165,https://shared.akamai.steamstatic.com/store_item_assets/steam/apps/1870970/ss_f23c5f33310ccb9fe96b723ddc72743062a7df80.1920x1080.jpg?t=1717745165,https://shared.akamai.steamstatic.com/store_item_assets/steam/apps/1870970/ss_d7b637498d8a57a62f81a59337b7e94c211c5fb4.1920x1080.jpg?t=1717745165,https://shared.akamai.steamstatic.com/store_item_assets/steam/apps/1870970/ss_b35e09b30c3423ad9e3ce0c28a8cccf50c06b0a2.1920x1080.jpg?t=1717745165",Steam,Paid
2760970,Crop and Claw,"May 3, 2024",0 - 20000,0,0,3.95,0,0,"CROP AND CLAW A miasma consumes Garden. The decay brings lawlessness and madness to the land. Rogues, cults, and evil plantlife rule the realm. Crop and Claw is a classic-style JRPG centered around dragons in a lush realm known as the 'Garden'. The plantlife has gone awry, bringing an era of struggle across the realm. One dragon sets out on adventure, for reasons only known to themselves, to see if the Garden could be restored. KEY FEATURES * Multiple dragon types to take the role of, each with their own unique specialties. * A continent stuffed with dungeons and secrets to find. * A simple and classic combat system focused on resource management. * Dragons, dragons, dragons! REPLAYABLE The continent of Crop and Claw is vast. With multiple playable dragon types, a timer and step counter, and few restrictions on the player's routes, Crop and Claw is feasible for challenge runs and alternate approaches. If you've already gone through the game and scavenged every corner, try a Randomized run which shuffles enemies and loot! CLASSIC AND REPAINTED Is your computer not powerful enough for more than a few colors? Switch to Classic mode in the options for a cosmetic change back to the original visuals and music.","['English', 'Japanese']",[],Unknown,https://shared.akamai.steamstatic.com/store_item_assets/steam/apps/2760970/header.jpg?t=1763266096,https://dinoleaf.com,contact@dinoleaf.email,True,True,True,0,Unknown,0,13,0,Unknown,12,0,Unknown,0,0,0,0,Dinoleaf,Dinoleaf,"Single-player,Steam Achievements,Partial Controller Support,Steam Cloud,Family Sharing","Adventure,Indie,RPG","JRPG,Dragons,Adventure,Turn-Based Combat,Exploration,Pixel Graphics,RPG,Cartoon,2D,Top-Down,Fantasy,Retro,Combat,Inventory Management,Old School,Singleplayer,PvE,Indie,Dungeon Crawler,Grid-Based Movement","https://shared.akamai.steamstatic.com/store_item_assets/steam/apps/2760970/ss_28cdbe050fb06ce31ef0c90d057f70ec99de5234.1920x1080.jpg?t=1763266096,https://shared.akamai.steamstatic.com/store_item_assets/steam/apps/2760970/ss_5b6f5ee6febd5d9ced8ade9f8ae453cfdeb1dcff.1920x1080.jpg?t=1763266096,https://shared.akamai.steamstatic.com/store_item_assets/steam/apps/2760970/ss_f952afb8870f85fdc90f8dcb3c35629c247e1de6.1920x1080.jpg?t=1763266096,https://shared.akamai.steamstatic.com/store_item_assets/steam/apps/2760970/ss_e0f67bbfc8999e6e348cd05cbde3941c766cc65b.1920x1080.jpg?t=1763266096,https://shared.akamai.steamstatic.com/store_item_assets/steam/apps/2760970/ss_ca05f696ee4fc7b0786e44679fb11280d039ba4c.1920x1080.jpg?t=1763266096,https://shared.akamai.steamstatic.com/store_item_assets/steam/apps/2760970/ss_dec27801bd493f2fec2f7bb4cabb692a6ec3717c.1920x1080.jpg?t=1763266096,https://shared.akamai.steamstatic.com/store_item_assets/steam/apps/2760970/ss_9a8bb527894a8999087960c3d1fc7a349683cc70.1920x1080.jpg?t=1763266096,https://shared.akamai.steamstatic.com/store_item_assets/steam/apps/2760970/ss_7cef791f8b35841f2b92a871f2e528d1dcd5ed65.1920x1080.jpg?t=1763266096,https://shared.akamai.steamstatic.com/store_item_assets/steam/apps/2760970/ss_7a451c3befe9e3a8eb7d38215bfa3c499c698d00.1920x1080.jpg?t=1763266096,https://shared.akamai.steamstatic.com/store_item_assets/steam/apps/2760970/ss_b4cad4ac92f61e11676cb274d551741cbac3e171.1920x1080.jpg?t=1763266096,https://shared.akamai.steamstatic.com/store_item_assets/steam/apps/2760970/ss_c99a099b647ead74073e735853d1333102eacd23.1920x1080.jpg?t=1763266096,https://shared.akamai.steamstatic.com/store_item_assets/steam/apps/2760970/ss_0aee60ebe4c085548a324b25bd3306da49f1aba9.1920x1080.jpg?t=1763266096,https://shared.akamai.steamstatic.com/store_item_assets/steam/apps/2760970/ss_3d9c28f5753e218403097365a89742c4269d85c7.1920x1080.jpg?t=1763266096,https://shared.akamai.steamstatic.com/store_item_assets/steam/apps/2760970/ss_a7a9715b573f5390910662dd779c344fbb2a0be8.1920x1080.jpg?t=1763266096",Steam,Paid
370640,Midnight's Blessing,"May 25, 2015",50000 - 100000,0,0,0.99,90,1,"Story Sidni Larkhearst lived a simple life, delivering messages for her village, until her home is attacked by vampires one night. To her horror, Sidni learns that Dracula, the most feared vampire of all time is hunting her. But why? Find out in Midnight’s Blessing! Published by Aldorlea Games (Millennium, Moonchild, Asguaard etc.) and produced by Warfare Studios (Vagrant Hearts, Valiant), this game is a classical 16-bit RPG for all fans of the genre. Best-Selling Games by Warfare Studios",['English'],[],Unknown,https://shared.akamai.steamstatic.com/store_item_assets/steam/apps/370640/header.jpg?t=1730474070,https://www.aldorlea.org/,aldorlea@googlemail.com,True,False,False,0,Unknown,0,33,27,Unknown,13,0,Unknown,167,0,238,0,Warfare Studios,Warfare Studios,"Single-player,Steam Achievements,Full controller support,Steam Trading Cards,Steam Cloud,Family Sharing","Adventure,Casual,Indie,RPG","RPG,Adventure,Casual,Indie,RPGMaker,Fantasy,Story Rich,Female Protagonist","https://shared.akamai.steamstatic.com/store_item_assets/steam/apps/370640/ss_2f1dfd2a73d57756c632c4683953d9996e5f5ce4.1920x1080.jpg?t=1730474070,https://shared.akamai.steamstatic.com/store_item_assets/steam/apps/370640/ss_02b0bd1dbe2f4cf0aab3152b3f7cb92643914289.1920x1080.jpg?t=1730474070,https://shared.akamai.steamstatic.com/store_item_assets/steam/apps/370640/ss_d7dd721d4d30394bcd788e57870e606fa468eac5.1920x1080.jpg?t=1730474070,https://shared.akamai.steamstatic.com/store_item_assets/steam/apps/370640/ss_7a59f4ef17a9806f502b60ed1397a91671345f8e.1920x1080.jpg?t=1730474070,https://shared.akamai.steamstatic.com/store_item_assets/steam/apps/370640/ss_cf127da5f0d8201c2dd72239b63f7b1e121b3a20.1920x1080.jpg?t=1730474070,https://shared.akamai.steamstatic.com/store_item_assets/steam/apps/370640/ss_d7fe52647491f8fd49c74c50cce6ca232c7f4a8a.1920x1080.jpg?t=1730474070,https://shared.akamai.steamstatic.com/store_item_assets/steam/apps/370640/ss_aef38bd0c98c684f2c26cc70e18a209768171e8b.1920x1080.jpg?t=1730474070,https://shared.akamai.steamstatic.com/store_item_assets/steam/apps/370640/ss_8966466e8c91ea252cd011ee06f8f61701ea9250.1920x1080.jpg?t=1730474070,https://shared.akamai.steamstatic.com/store_item_assets/steam/apps/370640/ss_c0e10aa15e19fca8c0950af248138ed1ead4f1b4.1920x1080.jpg?t=1730474070,https://shared.akamai.steamstatic.com/store_item_assets/steam/apps/370640/ss_88b1ce8ced8b23d5dcabd04ddf359e9f2eda6f64.1920x1080.jpg?t=1730474070,https://shared.akamai.steamstatic.com/store_item_assets/steam/apps/370640/ss_17ebf099e6d632649d6c9519bd59ce88bb01747a.1920x1080.jpg?t=1730474070",Steam,Paid
1897530,Meat Saw,"Mar 11, 2022",0 - 0,0,0,0.0,0,0,"THE SAW IS THE LAW. Meat Saw is a 30-40 minute horror experience inspired by the 80's slasher movie genre. You play as Amy Chambers, a young woman on her way to the Black Ridge Mountains to meet with her friends for a weekend of camping. The forest holds more than just a good time for her and her friends. Try and escape while a maniac with a chainsaw forged with the flesh of its victims descends upon them. The saw beckons and it must feed. Will she survive the night? Only time will tell. Solve puzzles and riddles with clues and tools which allows for engaging and fun game mechanics. Survive the horrors that await you in Meat Saw, while being stalked by a relentless AI hellbent on trying to end your life in a gruesome manner.",['English'],['English'],Unknown,https://shared.akamai.steamstatic.com/store_item_assets/steam/apps/1897530/header.jpg?t=1654651166,Unknown,info@behemothcomics.us,True,False,False,0,Unknown,0,0,0,Unknown,0,0,Meat Saw features a dark and heavy atmosphere with frequent violence and gore. This game is not for the faint hearted.,0,0,0,0,Tainted Pact,Sumerian Games,Single-player,"Action,Free To Play,Indie",Unknown,"https://shared.akamai.steamstatic.com/store_item_assets/steam/apps/1897530/ss_fea8a9c325a4ff73da8b3d2d89ab634cb1a178f5.1920x1080.jpg?t=1654651166,https://shared.akamai.steamstatic.com/store_item_assets/steam/apps/1897530/ss_2ba0c106a53095eae7ee1a9ea1cc08b076086a52.1920x1080.jpg?t=1654651166,https://shared.akamai.steamstatic.com/store_item_assets/steam/apps/1897530/ss_efdd53f82fb5fb55365d92f9af38adb45b5f4d01.1920x1080.jpg?t=1654651166,https://shared.akamai.steamstatic.com/store_item_assets/steam/apps/1897530/ss_6e73edb62260e57539f2ff43ebc2744d2a6e8f62.1920x1080.jpg?t=1654651166,https://shared.akamai.steamstatic.com/store_item_assets/steam/apps/1897530/ss_9776c60d77525c9b97e6e426dadcc530b55a741b.1920x1080.jpg?t=1654651166",Steam,Free
1251410,Golf Ace,"May 15, 2020",0 - 20000,0,0,1.99,0,0,"Are you ready for an amazing golf experience with up to 12 different players? Complete on the 5 courses that has 18 poles. By completing courses faster than your friends, leave your friends behind on leaderboard and win! More courses, ball customizations and level editor will be added at early access! Simple gameplay! Complete on the 5 courses that has 18 poles! 12 Player Multiplayer Mode! Different obstacles! More courses, ball customizations and level editor will be added at early access!","['English', 'Simplified Chinese', 'Turkish', 'Spanish - Spain', 'French', 'Korean']","['English', 'Korean']",Unknown,https://shared.akamai.steamstatic.com/store_item_assets/steam/apps/1251410/header.jpg?t=1614704611,https://frut.games/,bthndrsn59@gmail.com,True,False,False,0,Unknown,0,39,33,Unknown,100,0,Unknown,0,0,0,0,Frutgames,Frutgames,"Single-player,Multi-player,PvP,Online PvP,Steam Achievements,Steam Cloud,Steam Leaderboards,Family Sharing","Action,Casual,Indie,Massively Multiplayer,Racing,Sports,Early Access","Sports,Action,Indie,Casual,Massively Multiplayer,Racing,Early Access,Mini Golf","https://shared.akamai.steamstatic.com/store_item_assets/steam/apps/1251410/ss_33865fb6c39c5ce57b136b2a995dcae3e1ac04f6.1920x1080.jpg?t=1614704611,https://shared.akamai.steamstatic.com/store_item_assets/steam/apps/1251410/ss_ed07cc5819b88e2257c40c91640ed1edf44143eb.1920x1080.jpg?t=1614704611,https://shared.akamai.steamstatic.com/store_item_assets/steam/apps/1251410/ss_e751a6e4dc2a674a6b9f03dbaddcfa341fabdaa4.1920x1080.jpg?t=1614704611,https://shared.akamai.steamstatic.com/store_item_assets/steam/apps/1251410/ss_df4009ecd8c612433844bcc4a0492399b90ebe34.1920x1080.jpg?t=1614704611,https://shared.akamai.steamstatic.com/store_item_assets/steam/apps/1251410/ss_0a486541d031f5eb9cf8e251b23c77f5e4cd110d.1920x1080.jpg?t=1614704611,https://shared.akamai.steamstatic.com/store_item_assets/steam/apps/1251410/ss_289eb755bd36cd685075788994f2f0ab77d53a0d.1920x1080.jpg?t=1614704611",Steam,Paid
385060,The Last Warlock,"Aug 24, 2015",0 - 20000,0,0,1.24,75,0,"The Last Warlock is a turn based strategy and role-playing game. Command your Warlock across a series of hand-crafted quests, encountering monsters, traps, puzzles and enemy Warlocks! - Journey through varied magical lands on your quest to discover the secret of the last warlock. - Featuring over 60 spells. - Summon mythical creatures to do your bidding. - Attack your enemies with fire, lightning and magic. - Craft swords, shields and potions to aid in your quests. - Use loot from your battles to level up and prepare for the next adventure. - Customize the appearance of your Warlock and power up with new spells and abilities. - Replay quests to discover hidden areas or defeat challenging monsters as you gain power. - True emergent gameplay and freedom rarely seen in strategy games. The Last Warlock features an extensive single player experience and an exciting multiplayer battle mode where you can play hotseat or online asynchronous battles against up to four human or computer controlled Warlocks. - Supports cloud save. - Leaderboards and achievements. - Multiple difficulty levels for casual players or expert strategists! Trailer music by Kevin MacLeod (incompetech.com)",['English'],[],“The game is a blast to play thanks to its willingness to allow the player to be creative.” 4½ / 5 – Touch Arcade,https://shared.akamai.steamstatic.com/store_item_assets/steam/apps/385060/header.jpg?t=1736828427,Unknown,support@sonicsloth.com,True,False,True,0,Unknown,0,53,8,Unknown,59,0,Unknown,375,0,432,0,Sonic Sloth,Sonic Sloth,"Single-player,Multi-player,PvP,Online PvP,Shared/Split Screen PvP,Cross-Platform Multiplayer,Steam Achievements,Steam Trading Cards,Steam Cloud,Steam Leaderboards,Steam Turn Notifications,Remote Play Together,Family Sharing","Indie,RPG,Strategy","Strategy,RPG,Indie,Turn-Based,Voxel,Fantasy,Turn-Based Strategy,Strategy RPG","https://shared.akamai.steamstatic.com/store_item_assets/steam/apps/385060/ss_dba101ed3928893067e19de58b437da88fda7fbe.1920x1080.jpg?t=1736828427,https://shared.akamai.steamstatic.com/store_item_assets/steam/apps/385060/ss_361d7dfbbb2ab663840e8a06fe935658db6f656f.1920x1080.jpg?t=1736828427,https://shared.akamai.steamstatic.com/store_item_assets/steam/apps/385060/ss_7a55f291e10b95236d62a6b1b8b67f74dd4d885b.1920x1080.jpg?t=1736828427,https://shared.akamai.steamstatic.com/store_item_assets/steam/apps/385060/ss_874256e9f423383e1aefd6baab217dc37bfebb48.1920x1080.jpg?t=1736828427,https://shared.akamai.steamstatic.com/store_item_assets/steam/apps/385060/ss_e2bef01f11c94cb54fdf9113cf02c7684f3e9b19.1920x1080.jpg?t=1736828427,https://shared.akamai.steamstatic.com/store_item_assets/steam/apps/385060/ss_4ed100fe8141ced8d6f850f975f133b0fb2c7a2f.1920x1080.jpg?t=1736828427,https://shared.akamai.steamstatic.com/store_item_assets/steam/apps/385060/ss_306f78330b0d2151fdf402719938168f809ccb43.1920x1080.jpg?t=1736828427,https://shared.akamai.steamstatic.com/store_item_assets/steam/apps/385060/ss_5ec6788a7e076089bfa8f2a176fefeffe0072d58.1920x1080.jpg?t=1736828427,https://shared.akamai.steamstatic.com/store_item_assets/steam/apps/385060/ss_306f78330b0d2151fdf402719938168f809ccb43.1920x1080.jpg?t=1736828427,https://shared.akamai.steamstatic.com/store_item_assets/steam/apps/385060/ss_5ec6788a7e076089bfa8f2a176fefeffe0072d58.1920x1080.jpg?t=1736828427",Steam,Paid
443260,Hero Generations: ReGen,"Aug 19, 2016",0 - 20000,0,0,2.54,83,0,"Hero Generations: ReGen is an innovative and award-winning Roguelike/4X Strategy game where every turn is one year of your life. It’s been called “ the offspring of Sid Meier's Civilization, Jason Rohrer's Passage, and The Legend of Zelda. ' Explore, find a mate, build a home, and raise a child before you die to keep your legacy going. Hero Generations is simple yet deep: 4X Strategy on the individual level. Each turn is a meaningful choice, without the tedious micromanagement. THE ULTIMATE REMAKE ReGen is an amazing complete remake, redesigned and packed with 100s of new features. Powered by the Unity Game Engine, you'll experience a blazing-fast framerate, all-new high resolution graphics, and a massive single-screen Overworld with no loading between areas. Experience all-new quests, battle to the new end-game, and compete with your friends on all-new Steam leaderboards. Also includes a bonus 36-page art book PDF! LIMITED LIFESPAN AND PERMADEATH Each move equals one year of your hero's life. Think carefully about how you spend the hero's time. Explore the world for fame and fortune, but make sure to find a mate before it's too late! GENERATIONS, MATING, AND HAVING CHILDREN Find a mate, start a family, have a child. Then take control of that child in that same world! Choosing the right mate is key, as inheritable traits (special abilities) make your child more powerful and prepared. EXPANSIVE OVERWORLD Each world is procedurally generated with towns, forests, ancient ruins, heroes, and more. Discover all 6 unique Biomes (Forest, Desert, Meadow, Island, Swamp, and Volcano) through a giant overworld map. 6 STRATEGIC PATHS Choose your path to greatness. Gain victory through Strength, Love, Exploration, Wealth, Fame, or Building. CITY CRAFTING SYSTEM Construct any of 19 legacy lasting buildings next to towns to give future generations useful resources, powerful new abilities, and more attractive mates! Experiment with different combinations to craft amazing secret town cultures, like the Castle, Dark Cathedral, or Fortress! MEANINGFUL A surprising and thought-provoking experience, that explores themes of death, legacy, family, love, and more. A Gorgeous hand drawn art style creates an exciting and unique fantasy setting. OTHER KEY FEATURES - Massive Tech Tree. - Tons of items, character traits, buildings, enemies, and quests, including end-game, generational events, and a giant final boss. - Online Leaderboards and Achievements. - Fast frame rate, crisp high resolution graphics, particle effects, and animations powered by the Unity Game Engine.","['English', 'French', 'German', 'Spanish - Spain', 'Dutch', 'Portuguese - Portugal', 'Russian', 'Hungarian', 'Portuguese - Brazil', 'Simplified Chinese']",[],Unknown,https://shared.akamai.steamstatic.com/store_item_assets/steam/apps/443260/header.jpg?t=1667591106,http://www.herogenerations.com,support@heartshapedgames.com,True,True,True,0,Unknown,0,55,36,Unknown,15,0,Unknown,0,0,0,0,Heart Shaped Games LLC,Heart Shaped Games LLC,"Single-player,Steam Achievements,Steam Trading Cards,Steam Cloud,Stats,Steam Leaderboards,Family Sharing","Indie,RPG,Simulation,Strategy","Rogue-like,4X,Grand Strategy,Strategy RPG,Open World,Turn-Based,Strategy,Rogue-lite,Perma Death,Exploration,Survival,Turn-Based Strategy,RPG,Sandbox,Building,Management,2D,Fantasy,Turn-Based Tactics,Replay Value","https://shared.akamai.steamstatic.com/store_item_assets/steam/apps/443260/ss_4e7861f7f45830270728a061730b20044332614c.1920x1080.jpg?t=1667591106,https://shared.akamai.steamstatic.com/store_item_assets/steam/apps/443260/ss_88dfe6d1e34a568e77196e54d60c53fba2bd44ca.1920x1080.jpg?t=1667591106,https://shared.akamai.steamstatic.com/store_item_assets/steam/apps/443260/ss_67fc3a8f30c00dc68779b7de30b8d4f5556b19d2.1920x1080.jpg?t=1667591106,https://shared.akamai.steamstatic.com/store_item_assets/steam/apps/443260/ss_13458453f68778cb18c71918ffdb86021768963e.1920x1080.jpg?t=1667591106,https://shared.akamai.steamstatic.com/store_item_assets/steam/apps/443260/ss_1263fa2dfab7e552a882922977b2fc93a8587a0b.1920x1080.jpg?t=1667591106,https://shared.akamai.steamstatic.com/store_item_assets/steam/apps/443260/ss_c80dbb5e383138ca532a91bbb9b1a03d7c4227ac.1920x1080.jpg?t=1667591106,https://shared.akamai.steamstatic.com/store_item_assets/steam/apps/443260/ss_54b0e2c7e7327d7e5055f7f1b4f3a8fa9f3e809d.1920x1080.jpg?t=1667591106",Steam,Paid
1275320,Be Coronavirus,"Apr 21, 2020",0 - 20000,0,0,3.99,0,0,"BE CORONAVIRUS A game of infection, not death! You take the role of Coronavirus. With no interference from you, the virus will spread around the world, infect new places ,evolve, mutate, and reshape the landscape of humanity… that is, it would, if it weren’t for other viruses, and medical interference, waiting to stop it. As Coronavirus's control, you have the power to aid it with powerful evolution, and to guide its progress with mutations and structuring. Even with your help, it may not be enough to make Coronavirus the most terrible in the world. The Game A turn-based strategy game. Battle up to six other viruses to become the most dominant. An intelligent simulation of viral infection, mutation, and exploitation. A fiendishly difficult AI with various difficulties and modes to play on. Crafted from a love of Populous, Megalomania, and other ancient god-game classics! Your Viral Spores At the core of the game, is the Virus you are nurturing. It will begin by infecting the different buildings in the city, mutating into various strains, establishing defence pathogens, sending out spores to convert other viruses, and eventually begin work on taking over hospitals and creating Mega-Strains. So long as no other virus stops it. Your Role As the Coronavirus mind, you can help it. The more spores you create, the more powerful you become. Create strains which casue sickness, casuing hand washing zones, which slow enemy viruses, or atibac zones to destroy them. Create swarms of mild offensive pathogens to eradicate enemy viruses. Empower your virus to become a megastrain and let it seek out enemies, or guide it through an infection. Pollute and infect homes, schools, places of worship and airports to increase spore count and produce more mutation points for you. Turn toxic dumps into powerful strains or infected animals to fortify the Coronavirus. The Enemies Unfortunately for your, Coronavirus is not the only infection. Play against a difficult AI which has all of your powers and perhaps, even less scruples!",['English'],['English'],Unknown,https://shared.akamai.steamstatic.com/store_item_assets/steam/apps/1275320/header.jpg?t=1587473389,Unknown,the.warped.tales@gmail.com,True,False,False,0,Unknown,0,2,0,Unknown,8,0,Unknown,0,0,0,0,COVID-19,Mike Flin,"Single-player,Steam Achievements,Family Sharing","Action,Casual,Indie,Simulation,Strategy","Strategy,Indie,Casual,Simulation,Action,Post-apocalyptic","https://shared.akamai.steamstatic.com/store_item_assets/steam/apps/1275320/ss_c9820966ce7fe1fa1bf26e7dff1dd51b2a88d690.1920x1080.jpg?t=1587473389,https://shared.akamai.steamstatic.com/store_item_assets/steam/apps/1275320/ss_32495da6b8f2e58bac22b6721ff5512f7ceed603.1920x1080.jpg?t=1587473389,https://shared.akamai.steamstatic.com/store_item_assets/steam/apps/1275320/ss_eb586db5cae2629f653020f6b05f2d539bf0eadf.1920x1080.jpg?t=1587473389,https://shared.akamai.steamstatic.com/store_item_assets/steam/apps/1275320/ss_89e0c5086cdef5817339f81a883180de4bab808f.1920x1080.jpg?t=1587473389,https://shared.akamai.steamstatic.com/store_item_assets/steam/apps/1275320/ss_d85100789ace2ae22fe343e326bc4cce420e193e.1920x1080.jpg?t=1587473389,https://shared.akamai.steamstatic.com/store_item_assets/steam/apps/1275320/ss_96fcd376f58a5791cf8bb775d1d4d9670a9b918a.1920x1080.jpg?t=1587473389,https://shared.akamai.steamstatic.com/store_item_assets/steam/apps/1275320/ss_a7e8083f576abc69740028a82779cb10096a4ec2.1920x1080.jpg?t=1587473389,https://shared.akamai.steamstatic.com/store_item_assets/steam/apps/1275320/ss_140ebbe9cc77157bc452199b95f3d019cc68797d.1920x1080.jpg?t=1587473389,https://shared.akamai.steamstatic.com/store_item_assets/steam/apps/1275320/ss_3758fa98960cb0d680433d4eb9feead9a8d310fb.1920x1080.jpg?t=1587473389,https://shared.akamai.steamstatic.com/store_item_assets/steam/apps/1275320/ss_282f5936598dc810aaf419efc39429909e984c6f.1920x1080.jpg?t=1587473389,https://shared.akamai.steamstatic.com/store_item_assets/steam/apps/1275320/ss_221bfc6e655807eb16278733deb2dbfd54d23f1b.1920x1080.jpg?t=1587473389,https://shared.akamai.steamstatic.com/store_item_assets/steam/apps/1275320/ss_d6a6598aecafe7a74d1f0e8abd6be38b38447497.1920x1080.jpg?t=1587473389,https://shared.akamai.steamstatic.com/store_item_assets/steam/apps/1275320/ss_00f1f2e20879a2da7ec9359b2b16074296170368.1920x1080.jpg?t=1587473389,https://shared.akamai.steamstatic.com/store_item_assets/steam/apps/1275320/ss_f84a8ac8724f26dac4e37247c9da9b612c5598f5.1920x1080.jpg?t=1587473389,https://shared.akamai.steamstatic.com/store_item_assets/steam/apps/1275320/ss_845b6b3f41d2c05b213ed9ad74ba6a1426031d6a.1920x1080.jpg?t=1587473389,https://shared.akamai.steamstatic.com/store_item_assets/steam/apps/1275320/ss_0086ce2735a4af98b0b8b0d356fa1715802f20af.1920x1080.jpg?t=1587473389,https://shared.akamai.steamstatic.com/store_item_assets/steam/apps/1275320/ss_eb38c28f363c8fa4536e09a8fd8afc1654ddcde2.1920x1080.jpg?t=1587473389,https://shared.akamai.steamstatic.com/store_item_assets/steam/apps/1275320/ss_e0c3b3f8e1a1c5c32c178ac72f9ea7ca15d0d74f.1920x1080.jpg?t=1587473389,https://shared.akamai.steamstatic.com/store_item_assets/steam/apps/1275320/ss_b82e4bd27bd7e9cf070b43854588015d403bb266.1920x1080.jpg?t=1587473389,https://shared.akamai.steamstatic.com/store_item_assets/steam/apps/1275320/ss_5c5dbaee2839d9d6959c7d5d2d94e9aca3440ce7.1920x1080.jpg?t=1587473389,https://shared.akamai.steamstatic.com/store_item_assets/steam/apps/1275320/ss_1531e217941a88d6fc6f119e84e401f7a9676530.1920x1080.jpg?t=1587473389,https://shared.akamai.steamstatic.com/store_item_assets/steam/apps/1275320/ss_341b3b6eec27dd96068b881bb54ce1b767a03049.1920x1080.jpg?t=1587473389,https://shared.akamai.steamstatic.com/store_item_assets/steam/apps/1275320/ss_7cde1829851df44d7c935e10723647931946baca.1920x1080.jpg?t=1587473389,https://shared.akamai.steamstatic.com/store_item_assets/steam/apps/1275320/ss_ba6bf25d5acbddb02d97ce3323a9d8e9a7f6772a.1920x1080.jpg?t=1587473389,https://shared.akamai.steamstatic.com/store_item_assets/steam/apps/1275320/ss_429308616bfcbd9f26ff703c80a3e1ce13c705ff.1920x1080.jpg?t=1587473389,https://shared.akamai.steamstatic.com/store_item_assets/steam/apps/1275320/ss_43dd7302873d26dd996901b185b44d1835ea5e62.1920x1080.jpg?t=1587473389,https://shared.akamai.steamstatic.com/store_item_assets/steam/apps/1275320/ss_49a6f8b2060885ce22248c76c5c29901e54da0e9.1920x1080.jpg?t=1587473389",Steam,Paid
1936810,Miami Hotel Simulator,"Jul 24, 2025",0 - 20000,0,0,8.03,32,0,"Welcome to Miami, the city of sun, sand, and neon lights! In Miami Hotel Simulator , you and your friends team up to renovate, manage, and grow your very own hotel. Work together in multiplayer mode to clean rooms, serve guests, and keep your customers happy. You've just bought an old hotel in the heart of Miami. Your job? Turn it into a luxurious retreat that brings in big profits. Upgrade the hotel, manage guest services, and watch as visitors spend on your slot machines, restaurants, and bars, fueling your success. But it's not all sunshine—more guests mean more mess. You’ll have to deal with garbage, clogged toilets, and messy rooms before new guests can check in. The more you manage, the more you can profit and customize your hotel, creating a space that reflects your style. Key Features: Multiplayer: Manage the hotel with your friends, delegate tasks, and work as a team. (Up to 4 player co-op) Hotel Customization: Design and upgrade every part of your hotel to attract more guests and maximize profits. Hireable Staff &amp; Automation:  As your hotel grows, hire staff like cleaners, receptionists, and chefs to handle tasks automatically. With the right team, your hotel can practically run itself! Open World Exploration:  Step outside your hotel and explore the lively streets of Miami. Shop for decor and upgrades, sell unwanted items at the pawn shop, or buy your dream car. Cruise around solo or with friends, uncover hidden items, and enjoy the neon-soaked city at your own pace. Souvenir Shop : Boost your profits by selling souvenirs to your guests! Stock your shop with Miami-themed items and customize the layout. A well-managed souvenir shop adds style and revenue to your hotel business. Jump into Miami Hotel Simulator and turn your hotel into a paradise in the city of neon!","['English', 'French', 'Italian', 'German', 'Spanish - Spain', 'Dutch', 'Japanese', 'Korean', 'Portuguese - Brazil', 'Portuguese - Portugal', 'Russian', 'Simplified Chinese', 'Turkish', 'Polish', 'Traditional Chinese', 'Spanish - Latin America']",[],Unknown,https://shared.akamai.steamstatic.com/store_item_assets/steam/apps/1936810/header.jpg?t=1756194802,Unknown,contact@lasthowl.com,True,False,False,0,Unknown,0,0,0,Unknown,13,105,Unknown,110,0,171,0,Last Howl,PlayWay S.A.,"Single-player,Multi-player,Co-op,Online Co-op,Steam Achievements,Camera Comfort,Custom Volume Controls,Playable without Timed Input,Save Anytime,Partial Controller Support,Steam Cloud,Stats,Family Sharing","Casual,Indie,Simulation",Unknown,"https://shared.akamai.steamstatic.com/store_item_assets/steam/apps/1936810/ss_535881b317802fc6901bbffa2291cc71394bcdd4.1920x1080.jpg?t=1756194802,https://shared.akamai.steamstatic.com/store_item_assets/steam/apps/1936810/b8866a700258248cd4ba0d370b4d7da1b7e715b9/ss_b8866a700258248cd4ba0d370b4d7da1b7e715b9.1920x1080.jpg?t=1756194802,https://shared.akamai.steamstatic.com/store_item_assets/steam/apps/1936810/89716ebdda78b1017cd06af1c70a4175d56388a4/ss_89716ebdda78b1017cd06af1c70a4175d56388a4.1920x1080.jpg?t=1756194802,https://shared.akamai.steamstatic.com/store_item_assets/steam/apps/1936810/32c137ca5228a8e61052c686d1e099e30559c860/ss_32c137ca5228a8e61052c686d1e099e30559c860.1920x1080.jpg?t=1756194802,https://shared.akamai.steamstatic.com/store_item_assets/steam/apps/1936810/1f085461b2dc3a7a1ead018c376d157ee8d4ef68/ss_1f085461b2dc3a7a1ead018c376d157ee8d4ef68.1920x1080.jpg?t=1756194802,https://shared.akamai.steamstatic.com/store_item_assets/steam/apps/1936810/26cba3497b62bec94ec2636b58b62ee865f89cdb/ss_26cba3497b62bec94ec2636b58b62ee865f89cdb.1920x1080.jpg?t=1756194802,https://shared.akamai.steamstatic.com/store_item_assets/steam/apps/1936810/289083b06b8a6231b74b1e992ec84fff14f19b85/ss_289083b06b8a6231b74b1e992ec84fff14f19b85.1920x1080.jpg?t=1756194802,https://shared.akamai.steamstatic.com/store_item_assets/steam/apps/1936810/ss_c2f20244d6da465f5c6437894d1b7b892582567b.1920x1080.jpg?t=1756194802,https://shared.akamai.steamstatic.com/store_item_assets/steam/apps/1936810/3e81eb3f9aad66d905f7a3d28c87163bd9ca1ff9/ss_3e81eb3f9aad66d905f7a3d28c87163bd9ca1ff9.1920x1080.jpg?t=1756194802,https://shared.akamai.steamstatic.com/store_item_assets/steam/apps/1936810/e009e168ebaf756922a4bc84aa87753f073a6f32/ss_e009e168ebaf756922a4bc84aa87753f073a6f32.1920x1080.jpg?t=1756194802,https://shared.akamai.steamstatic.com/store_item_assets/steam/apps/1936810/4dc035d0241e6077eb0d630b5a0181805a476d7d/ss_4dc035d0241e6077eb0d630b5a0181805a476d7d.1920x1080.jpg?t=1756194802,https://shared.akamai.steamstatic.com/store_item_assets/steam/apps/1936810/ss_847a0002f17a03f7571c4b373f86297e3dfc555f.1920x1080.jpg?t=1756194802,https://shared.akamai.steamstatic.com/store_item_assets/steam/apps/1936810/ss_80ee846ed5b86182343c3a0667f761ad07450368.1920x1080.jpg?t=1756194802,https://shared.akamai.steamstatic.com/store_item_assets/steam/apps/1936810/b5758913ae16b57d18eed44e4e9de24cd2960649/ss_b5758913ae16b57d18eed44e4e9de24cd2960649.1920x1080.jpg?t=1756194802,https://shared.akamai.steamstatic.com/store_item_assets/steam/apps/1936810/72f10324c19bc141da705b1fc8afdc937a65357f/ss_72f10324c19bc141da705b1fc8afdc937a65357f.1920x1080.jpg?t=1756194802,https://shared.akamai.steamstatic.com/store_item_assets/steam/apps/1936810/121a7f96558af4e3458116dadbabea71c53ffcec/ss_121a7f96558af4e3458116dadbabea71c53ffcec.1920x1080.jpg?t=1756194802,https://shared.akamai.steamstatic.com/store_item_assets/steam/apps/1936810/ss_4ba230bd139527d135cd68b8d35b3a1d861cd689.1920x1080.jpg?t=1756194802,https://shared.akamai.steamstatic.com/store_item_assets/steam/apps/1936810/ss_ef121cb8780221753a6283355c55f2620db198f7.1920x1080.jpg?t=1756194802,https://shared.akamai.steamstatic.com/store_item_assets/steam/apps/1936810/d153e9bf1588bf3d4665558934c9b0cc80ebd3c8/ss_d153e9bf1588bf3d4665558934c9b0cc80ebd3c8.1920x1080.jpg?t=1756194802,https://shared.akamai.steamstatic.com/store_item_assets/steam/apps/1936810/ss_3492fedf25ed545eb70cf45c2eadd7a13d7b4164.1920x1080.jpg?t=1756194802,https://shared.akamai.steamstatic.com/store_item_assets/steam/apps/1936810/5a6aabcd123f1e91fe5aa71332d4d2ed46c3e045/ss_5a6aabcd123f1e91fe5aa71332d4d2ed46c3e045.1920x1080.jpg?t=1756194802,https://shared.akamai.steamstatic.com/store_item_assets/steam/apps/1936810/ss_f3ce15d7e0683a5c3888db9fb4f3159535fb0037.1920x1080.jpg?t=1756194802,https://shared.akamai.steamstatic.com/store_item_assets/steam/apps/1936810/db941657527db8eebaff6547fc39f195bfd99c00/ss_db941657527db8eebaff6547fc39f195bfd99c00.1920x1080.jpg?t=1756194802,https://shared.akamai.steamstatic.com/store_item_assets/steam/apps/1936810/c5e1202c9a0f5796ac7e6f456461c5a3c7d3fd24/ss_c5e1202c9a0f5796ac7e6f456461c5a3c7d3fd24.1920x1080.jpg?t=1756194802,https://shared.akamai.steamstatic.com/store_item_assets/steam/apps/1936810/70012c38ebd6e8cbfb91f72c05d25e6e4fa1b908/ss_70012c38ebd6e8cbfb91f72c05d25e6e4fa1b908.1920x1080.jpg?t=1756194802,https://shared.akamai.steamstatic.com/store_item_assets/steam/apps/1936810/ss_e160da8cc9290eb63af597f1a0eb1bb4b258ccf6.1920x1080.jpg?t=1756194802,https://shared.akamai.steamstatic.com/store_item_assets/steam/apps/1936810/81ee1976b55cdf819ca53c6c7fd3d2828d52e46e/ss_81ee1976b55cdf819ca53c6c7fd3d2828d52e46e.1920x1080.jpg?t=1756194802,https://shared.akamai.steamstatic.com/store_item_assets/steam/apps/1936810/72f9f0ff13363a9ae81b14c06af9e50c25300ee1/ss_72f9f0ff13363a9ae81b14c06af9e50c25300ee1.1920x1080.jpg?t=1756194802,https://shared.akamai.steamstatic.com/store_item_assets/steam/apps/1936810/00692fa540e0d0b63fce0f6039b1b97c211fc580/ss_00692fa540e0d0b63fce0f6039b1b97c211fc580.1920x1080.jpg?t=1756194802",Steam,Paid
3075310,Pirates Outlaws 2: Heritage Playtest,"Oct 27, 2024",0 - 0,0,0,0.0,0,0,Unknown,[],[],Unknown,https://shared.akamai.steamstatic.com/store_item_assets/steam/apps/3075310/header.jpg?t=1730857477,Unknown,Unknown,True,False,False,0,Unknown,0,0,0,Unknown,0,0,Unknown,0,0,0,0,Unknown,Unknown,Unknown,Unknown,Unknown,Unknown,Steam,Free
2675610,Into The Noid,"Dec 1, 2023",0 - 20000,0,0,4.99,0,0,"Welcome to a visual and atmospheric, Noid-like arcade experience in this classical brick-breaker genre turned VR. Including physics-based gameplay and a cerebral visual experience through a host of 16 diverse and atmospheric, stylized levels. Simple mechanics make for an enjoyable game that's also skill based. It starts as a relaxing, colourful VR romp that's casual then demands higher levels of skill from the player, eventually evolving into a brick-breaker that is as challenging as it is fun. Walls slide closer to the player, multiple balls appear, explosive balls help destroy the bricks while bonuses in the form of extra lives, larger and dual paddles fly at the player. The levels are visceral and the environments provide ample food for the senses.",['English'],[],Unknown,https://shared.akamai.steamstatic.com/store_item_assets/steam/apps/2675610/header.jpg?t=1704016333,https://www.mydigitalgarden.au,games@mydigitalgarden.au,True,False,False,0,Unknown,0,6,1,Unknown,0,0,Unknown,0,0,0,0,My Digital Garden,DP Image Design,"Single-player,VR Only,Family Sharing","Action,Casual,Indie","Casual,Action,Arcade,VR,Atmospheric,Colorful,3D,Futuristic,Relaxing,Indie,Physics,Singleplayer,Stylized,Linear","https://shared.akamai.steamstatic.com/store_item_assets/steam/apps/2675610/ss_b4f2fe4d8ff2e41ffd1611e5ed846ca7b2dd371b.1920x1080.jpg?t=1704016333,https://shared.akamai.steamstatic.com/store_item_assets/steam/apps/2675610/ss_7bd1ce620efaa66466cc9c8fdf48e644e5da98dd.1920x1080.jpg?t=1704016333,https://shared.akamai.steamstatic.com/store_item_assets/steam/apps/2675610/ss_1bb4a11928e8e354fe546ed88cf3ee6b35eba5f6.1920x1080.jpg?t=1704016333,https://shared.akamai.steamstatic.com/store_item_assets/steam/apps/2675610/ss_310c4a8bd65fcc9b6b52b009806d03b565099277.1920x1080.jpg?t=1704016333,https://shared.akamai.steamstatic.com/store_item_assets/steam/apps/2675610/ss_40b3eae1ffdbdc8c357db5d49c257b25329c784b.1920x1080.jpg?t=1704016333,https://shared.akamai.steamstatic.com/store_item_assets/steam/apps/2675610/ss_4d4aa2f540d2708cbd63e198e779d1e4562ab575.1920x1080.jpg?t=1704016333,https://shared.akamai.steamstatic.com/store_item_assets/steam/apps/2675610/ss_aa349353b1649d532f67ee2738e6fc2caeccc9ab.1920x1080.jpg?t=1704016333,https://shared.akamai.steamstatic.com/store_item_assets/steam/apps/2675610/ss_d470d8fa92175f28a1a3008d6e64555ae690527c.1920x1080.jpg?t=1704016333,https://shared.akamai.steamstatic.com/store_item_assets/steam/apps/2675610/ss_8ac62d066695d1197f5057a73fe3da53d5550e4f.1920x1080.jpg?t=1704016333,https://shared.akamai.steamstatic.com/store_item_assets/steam/apps/2675610/ss_ee0dc4cc67cc38870589d679619b2de76ba6b55d.1920x1080.jpg?t=1704016333,https://shared.akamai.steamstatic.com/store_item_assets/steam/apps/2675610/ss_c9121cf3b8d11dfb23ca25f2d06b82015a69fa72.1920x1080.jpg?t=1704016333,https://shared.akamai.steamstatic.com/store_item_assets/steam/apps/2675610/ss_2196fdaa69a1f9a3cd6a1e2a42c5019f4ef29c2b.1920x1080.jpg?t=1704016333,https://shared.akamai.steamstatic.com/store_item_assets/steam/apps/2675610/ss_fcb8e4773450274b0341281519052a8adb921270.1920x1080.jpg?t=1704016333,https://shared.akamai.steamstatic.com/store_item_assets/steam/apps/2675610/ss_a4d655de6793c8d94318bfef28255221f9a28217.1920x1080.jpg?t=1704016333",Steam,Paid
3038850,Language Learning Simulator - Alphabet,"Jul 22, 2024",50000 - 100000,0,0,4.99,0,0,"Language Learning Simulator - Alphabet is an educational game that allows players to learn new alphabets easily and in a fun way! Find the letters in the forest, and carry them to the Wall of Wisdom Be careful! There are wild animals on the road! Use Safety Stops or tree trunks to protect yourself from wild animals. Animals do not like to climb on them. Have fun!","['English', 'French', 'German', 'Spanish - Spain', 'Portuguese - Brazil', 'Russian', 'Turkish', 'Hindi']","['English', 'French', 'German', 'Spanish - Spain', 'Portuguese - Brazil', 'Russian', 'Turkish', 'Hindi']",Unknown,https://shared.akamai.steamstatic.com/store_item_assets/steam/apps/3038850/header.jpg?t=1721918892,https://butikgamestudios.com/,support@butikgamestudios.com,True,False,False,0,Unknown,0,1,0,Unknown,0,0,Unknown,0,0,0,0,"Murat Doğançay,Butik Game Studios",Butik Game Studios,"Single-player,Partial Controller Support,Family Sharing","Action,Adventure","Action,Adventure,Education,Puzzle,Exploration,Runner,3D,First-Person,Realistic,Third Person,Family Friendly,Funny,Modern,Nature,Parkour,Survival,Tactical,Character Customization,Singleplayer","https://shared.akamai.steamstatic.com/store_item_assets/steam/apps/3038850/ss_2b1540996a57454e2a478f7dda6f0b2d2dada0b9.1920x1080.jpg?t=1721918892,https://shared.akamai.steamstatic.com/store_item_assets/steam/apps/3038850/ss_731858cabadf6f56e4a152db1fb87e92163caf77.1920x1080.jpg?t=1721918892,https://shared.akamai.steamstatic.com/store_item_assets/steam/apps/3038850/ss_61f6f5f11abe9967809263b17c29504a771cbb79.1920x1080.jpg?t=1721918892,https://shared.akamai.steamstatic.com/store_item_assets/steam/apps/3038850/ss_6fc58fcb6249cf17d844a678e7861f9df933c349.1920x1080.jpg?t=1721918892,https://shared.akamai.steamstatic.com/store_item_assets/steam/apps/3038850/ss_ea2d9803f11fe89d53f546ba3af817a2dba93d85.1920x1080.jpg?t=1721918892,https://shared.akamai.steamstatic.com/store_item_assets/steam/apps/3038850/ss_aa1ec1f8f847736d86518b08a2627a676854174c.1920x1080.jpg?t=1721918892,https://shared.akamai.steamstatic.com/store_item_assets/steam/apps/3038850/ss_94f14fd67d9e529a78ca942c4a72f8dac5078309.1920x1080.jpg?t=1721918892,https://shared.akamai.steamstatic.com/store_item_assets/steam/apps/3038850/ss_391e2ca1b49f3ee291c4e5a2a12bfa518784794e.1920x1080.jpg?t=1721918892,https://shared.akamai.steamstatic.com/store_item_assets/steam/apps/3038850/ss_0459382ac2e93c9c667b8733043788757ef73ef8.1920x1080.jpg?t=1721918892,https://shared.akamai.steamstatic.com/store_item_assets/steam/apps/3038850/ss_856917721088e04d8b5bc12628c865a5f6995574.1920x1080.jpg?t=1721918892,https://shared.akamai.steamstatic.com/store_item_assets/steam/apps/3038850/ss_e68644d6c748b3e31bd6628d74a6704a7c008dc4.1920x1080.jpg?t=1721918892",Steam,Paid
251020,Railroad X,"Jun 9, 2014",20000 - 50000,1,0,16.99,0,7,"Railroad X is more than just a Railroad Simulation. With Railroad X you can build your own railroad world in a dimension, which is almost impossible to realise in real model railroad: wide layouts with driveways and vehicles of all kinds – with cars and buses from all railroad eras. Whether you are a fan of steam trains or high speed railways, the limitations that exist when creating a model railway do not apply to the world of virtual railways. With Railroad X you can build complex railway worlds on your PC or notebook and it is possible to control trains as a train driver. Of course you can control the entire rail traffic with a sophisticated signal system. Build train consists from steam, diesel and electric locomotives, passenger and freight cars. Railroad X offers a beautifully designed user-friendly interface, that puts many functions intuitively in scene. The new 2D plan transforms the layout top view in an artful yet clear drawing like the experienced model railroaders know it from trade magazines. With virtual Railroad X, your trains will pass through landscapes whose appearance changes according to the time of day and local weather conditions, thus providing an extraordinarily life-like atmosphere. Additionally, there are animated figures and animals enlivening the scene. Besides cows and horses, fishes and birds, you have animated travellers and passersby. Railroad X has a long history. The prototype of this software, EEP – Eisenbahn.exe, was created by Software Underground in 1998 and then continuously developed and enhanced each year. Since version EEP 4, the Publisher TREND and Soft Pro have been responsible for the development. In 2012, the founders of the program were responsible for the most extensive revision of the software since version EEP 3. After a year of hard work, they succeeded in creating a new version with Railroad X, which includes important features like a new grapical user interface, animated figures and interactive cabs. Features of Railroad X Detailed rolling stock Different track systems Road, sea and air transport Sophisticated signal control Timetable editing Multi-train control Internal program moviemaking Animated figures and animals Controllable train cab views Accurate Landscaping 3D view",['English'],['English'],Unknown,https://shared.akamai.steamstatic.com/store_item_assets/steam/apps/251020/header.jpg?t=1447358628,https://eepshopping.de/index.php?lang=2,support@railroad-x.com,True,False,False,0,Unknown,0,24,26,Unknown,0,0,Unknown,146,0,146,0,"TREND, Soft Pro",Koch Media,"Single-player,Family Sharing",Simulation,"Simulation,Trains","https://shared.akamai.steamstatic.com/store_item_assets/steam/apps/251020/ss_31a5a6f73d59ee206eb2b7f363006742d6754b6c.1920x1080.jpg?t=1447358628,https://shared.akamai.steamstatic.com/store_item_assets/steam/apps/251020/ss_5e49940ac542b24a5d2fb24f748f011f61723829.1920x1080.jpg?t=1447358628,https://shared.akamai.steamstatic.com/store_item_assets/steam/apps/251020/ss_f783195c1e2385f9876fa3e359009162e296a670.1920x1080.jpg?t=1447358628,https://shared.akamai.steamstatic.com/store_item_assets/steam/apps/251020/ss_8aaf63927ee11eea226796ea21b5d42ea1be4655.1920x1080.jpg?t=1447358628,https://shared.akamai.steamstatic.com/store_item_assets/steam/apps/251020/ss_ff3956c39410c326d346cd10dc730f979c391c99.1920x1080.jpg?t=1447358628,https://shared.akamai.steamstatic.com/store_item_assets/steam/apps/251020/ss_db5935883deffb1f7fa6245cd4922c99b8a04a4f.1920x1080.jpg?t=1447358628,https://shared.akamai.steamstatic.com/store_item_assets/steam/apps/251020/ss_15f6664c405db9367cb6fef28d9f15fa82e6646f.1920x1080.jpg?t=1447358628,https://shared.akamai.steamstatic.com/store_item_assets/steam/apps/251020/ss_38eac07ef4b0c54ec61c7bc91e83c805877b8123.1920x1080.jpg?t=1447358628,https://shared.akamai.steamstatic.com/store_item_assets/steam/apps/251020/ss_891703f99607c8729928dd1e869c8b4f9d13f2a5.1920x1080.jpg?t=1447358628,https://shared.akamai.steamstatic.com/store_item_assets/steam/apps/251020/ss_4b12af3101bd728c9242e6b7185377b33eb8661f.1920x1080.jpg?t=1447358628,https://shared.akamai.steamstatic.com/store_item_assets/steam/apps/251020/ss_d87e13593e1a89293bccc7faf2929939bd08e8eb.1920x1080.jpg?t=1447358628,https://shared.akamai.steamstatic.com/store_item_assets/steam/apps/251020/ss_0f150a83d6f99577e4509ac76bc4bf2c496f37a3.1920x1080.jpg?t=1447358628,https://shared.akamai.steamstatic.com/store_item_assets/steam/apps/251020/ss_02fc27b38f4f52412fa60ec2e6db6963dce62e75.1920x1080.jpg?t=1447358628,https://shared.akamai.steamstatic.com/store_item_assets/steam/apps/251020/ss_9bada02d786c6c5c4fad9dae54865af2537b8751.1920x1080.jpg?t=1447358628,https://shared.akamai.steamstatic.com/store_item_assets/steam/apps/251020/ss_6e4dce9e844350d1c58a814328d6a368343295e5.1920x1080.jpg?t=1447358628,https://shared.akamai.steamstatic.com/store_item_assets/steam/apps/251020/ss_15f6664c405db9367cb6fef28d9f15fa82e6646f.1920x1080.jpg?t=1447358628,https://shared.akamai.steamstatic.com/store_item_assets/steam/apps/251020/ss_ce4b51e050c6f7f0accdf5746a66e6fea81338cf.1920x1080.jpg?t=1447358628,https://shared.akamai.steamstatic.com/store_item_assets/steam/apps/251020/ss_9b022f0f30ca9d1247dcd2816c5f47fd59c06c76.1920x1080.jpg?t=1447358628,https://shared.akamai.steamstatic.com/store_item_assets/steam/apps/251020/ss_9f5e921e78d28e97ad03ba848b9ea1c76523348f.1920x1080.jpg?t=1447358628,https://shared.akamai.steamstatic.com/store_item_assets/steam/apps/251020/ss_3a36cb11dfa50897c8fdc1ebd37a8bdff1b40854.1920x1080.jpg?t=1447358628",Steam,Paid
3485950,Silent Whisper,"Mar 27, 2025",0 - 20000,0,0,1.19,40,0,"Step into the shoes of a brave young man in Silent Whisper , a spine-chilling first-person horror experience that will test your courage, wits, and survival instincts. Drawn to an abandoned school with a tragic and haunting history, your curiosity quickly turns into a nightmare. Once inside, everything goes wrong, trapping you in a crumbling building filled with dark secrets. As you explore its decaying halls and eerie classrooms, you'll uncover the grim truth behind the school's past. Immersive Atmosphere : Experience the dread of exploring an abandoned school brought to life with eerie visuals, haunting sound design, and dynamic lighting. Exploration : Search the rundown building for clues and escape routes, unraveling its sinister mysteries along the way. Tension-Fueled Survival : Evade terrifying entities that lurk in the darkness, using stealth and clever tactics to stay alive. Uncover the Past : Piece together the heartbreaking story of what happened to the students and staff through journals, notes, and artifacts. Will you conquer your fears and escape, or will the Silent Whisper claim another victim?",['English'],['English'],Unknown,https://shared.akamai.steamstatic.com/store_item_assets/steam/apps/3485950/header.jpg?t=1743104765,Unknown,chubnubbsstudio@gmail.com,True,False,False,0,Unknown,0,0,0,Unknown,0,0,"Violence, death, blood.",0,0,0,0,Chub Nubbs Studio,Chub Nubbs Studio,"Single-player,Family Sharing","Action,Adventure",Unknown,"https://shared.akamai.steamstatic.com/store_item_assets/steam/apps/3485950/6ad03f15914c7d064db663414c2bf47802834a1e/ss_6ad03f15914c7d064db663414c2bf47802834a1e.1920x1080.jpg?t=1743104765,https://shared.akamai.steamstatic.com/store_item_assets/steam/apps/3485950/dd525df9dc13ae83ed0d9e52c73ccd1d296d03d9/ss_dd525df9dc13ae83ed0d9e52c73ccd1d296d03d9.1920x1080.jpg?t=1743104765,https://shared.akamai.steamstatic.com/store_item_assets/steam/apps/3485950/e04a497cfb4f052b1eaa8abc5c53b880323e4fa7/ss_e04a497cfb4f052b1eaa8abc5c53b880323e4fa7.1920x1080.jpg?t=1743104765,https://shared.akamai.steamstatic.com/store_item_assets/steam/apps/3485950/3b7e79fa16593be30af485269dfb47728ee01f43/ss_3b7e79fa16593be30af485269dfb47728ee01f43.1920x1080.jpg?t=1743104765,https://shared.akamai.steamstatic.com/store_item_assets/steam/apps/3485950/98beddeef038a5ee8d621f815209994f4426c647/ss_98beddeef038a5ee8d621f815209994f4426c647.1920x1080.jpg?t=1743104765,https://shared.akamai.steamstatic.com/store_item_assets/steam/apps/3485950/b8c85c0b62439aa56d261faa96b49d57cf953cd8/ss_b8c85c0b62439aa56d261faa96b49d57cf953cd8.1920x1080.jpg?t=1743104765,https://shared.akamai.steamstatic.com/store_item_assets/steam/apps/3485950/92b15f34e0712100ba6ba4b1076de285e0a37a4d/ss_92b15f34e0712100ba6ba4b1076de285e0a37a4d.1920x1080.jpg?t=1743104765,https://shared.akamai.steamstatic.com/store_item_assets/steam/apps/3485950/8586c8b7ad79a3e818e48d51884093374560c407/ss_8586c8b7ad79a3e818e48d51884093374560c407.1920x1080.jpg?t=1743104765",Steam,Paid
1866630,Throne of Bone,"Apr 22, 2025",0 - 20000,6,0,16.99,0,1,"Rise, Necromancer! The world left you for dead, but death was never the end. Awaken once more, summon your undead legions, and reclaim your throne in a turn-based strategy game that fuses roguelike tactics with autobattler mayhem. The bones of the fallen are yours to shape. Draft from over 50 unique minions, each with strengths to exploit and weaknesses to mend. Experiment with synergies, adapt your strategy, and let your forces march to war. Mortality is but a trivial concern. Victory earns you skulls, the currency of conquest, so spend them wisely. Between battles, retreat to your castle and embrace the true work of necromancy. Perform dark rituals, train your minions, and unravel the mysteries of your ancestral keep. Your minions may fight on their own, but your power reaches beyond the grave. Unleash spells mid-battle to shift the odds. Bolster your undead to weaken your foes. A well-timed spell can mean the difference between victory and another trip to the grave. The strategic depth of drafting-roguelikes combines with streamlined experience of an autobattler. Each run offers new choices, new threats, and new opportunities to perfect the art of undeath. The path to power is paved with bones… will they be yours or your enemies’? - 60+ Unique minions with undying dedication - 70+ Necromantic spells to sway combat in your favor - 50+ Rewards to empower you as your reclaim your kingdom - Numerous Castle Activities to add variety to your runs!","['English', 'French', 'Italian', 'German', 'Spanish - Spain', 'Portuguese - Brazil', 'Portuguese - Portugal', 'Simplified Chinese']","['English', 'French', 'Italian', 'German', 'Spanish - Spain', 'Portuguese - Brazil', 'Portuguese - Portugal', 'Simplified Chinese']",Unknown,https://shared.akamai.steamstatic.com/store_item_assets/steam/apps/1866630/header.jpg?t=1745443880,Unknown,Unknown,True,True,False,0,Unknown,0,263,35,Unknown,34,314,Unknown,0,0,0,0,Windmill Slam,Windmill Slam,"Single-player,Steam Achievements,Full controller support,Steam Cloud,Family Sharing",Strategy,"Strategy,Rogue-like,Card Battler,Auto Battler,Fantasy,Deckbuilding,Card Game,Dark Fantasy,Turn-Based Strategy,Procedural Generation,Turn-Based Combat,Dungeon Crawler,Singleplayer,2D,Hand-drawn,Replay Value,Roguelike Deckbuilder,Turn-Based Tactics,Cartoon,First-Person","https://shared.akamai.steamstatic.com/store_item_assets/steam/apps/1866630/ss_fb9194e4030f8a7db3a29ff1eb11c218b0154e95.1920x1080.jpg?t=1745443880,https://shared.akamai.steamstatic.com/store_item_assets/steam/apps/1866630/ss_94049f24762bc6ef8053313924b6d1cf278c9e59.1920x1080.jpg?t=1745443880,https://shared.akamai.steamstatic.com/store_item_assets/steam/apps/1866630/ss_d01f880438b359757bd038e44ac6f93ac929b203.1920x1080.jpg?t=1745443880,https://shared.akamai.steamstatic.com/store_item_assets/steam/apps/1866630/ss_8d54515ba4bc2e5ed2550350064b3828447344da.1920x1080.jpg?t=1745443880,https://shared.akamai.steamstatic.com/store_item_assets/steam/apps/1866630/ss_34eaf8f5075cebd596d1914015031bdd94195a89.1920x1080.jpg?t=1745443880,https://shared.akamai.steamstatic.com/store_item_assets/steam/apps/1866630/ss_5e918d5a50c073f382d149cb31a163d8966061f6.1920x1080.jpg?t=1745443880,https://shared.akamai.steamstatic.com/store_item_assets/steam/apps/1866630/ss_d6bb9cc4959287a84079b182fcef48322c9d99c0.1920x1080.jpg?t=1745443880,https://shared.akamai.steamstatic.com/store_item_assets/steam/apps/1866630/ss_2b55ced33bda011bd3f3211799af2016564c964f.1920x1080.jpg?t=1745443880,https://shared.akamai.steamstatic.com/store_item_assets/steam/apps/1866630/ss_0995edcd11fc16a4e2539beb415d8463184db1ee.1920x1080.jpg?t=1745443880,https://shared.akamai.steamstatic.com/store_item_assets/steam/apps/1866630/ss_f3c967d9b68715b0013987093bc2d571e65c4958.1920x1080.jpg?t=1745443880,https://shared.akamai.steamstatic.com/store_item_assets/steam/apps/1866630/ss_a6eac0334627d7a9495fa910862da637bfdf5590.1920x1080.jpg?t=1745443880,https://shared.akamai.steamstatic.com/store_item_assets/steam/apps/1866630/ss_78628aa71b1d274c783d9e025dd61144b52cd4d8.1920x1080.jpg?t=1745443880,https://shared.akamai.steamstatic.com/store_item_assets/steam/apps/1866630/ss_6535a5cb3b23aa3084643b7bdbcae747e0ab3ce2.1920x1080.jpg?t=1745443880,https://shared.akamai.steamstatic.com/store_item_assets/steam/apps/1866630/ss_63bdca0252f83f32a40f24ad9889ba853d0e41d8.1920x1080.jpg?t=1745443880,https://shared.akamai.steamstatic.com/store_item_assets/steam/apps/1866630/ss_d998648381e68986b4023d36edf25d842ca1f7d1.1920x1080.jpg?t=1745443880,https://shared.akamai.steamstatic.com/store_item_assets/steam/apps/1866630/ss_c505293171b776f4df0176a079b203f3e569afeb.1920x1080.jpg?t=1745443880,https://shared.akamai.steamstatic.com/store_item_assets/steam/apps/1866630/ss_87010f8c8214f0c2b5c1b1d4f6427411ad238460.1920x1080.jpg?t=1745443880,https://shared.akamai.steamstatic.com/store_item_assets/steam/apps/1866630/ss_e99227cb1becbcfaa7980fe352ac7b7c94e0a424.1920x1080.jpg?t=1745443880,https://shared.akamai.steamstatic.com/store_item_assets/steam/apps/1866630/ss_8416121729b3078dbb5f3c2a35a482d05b7b74bd.1920x1080.jpg?t=1745443880,https://shared.akamai.steamstatic.com/store_item_assets/steam/apps/1866630/ss_737bd6d7b02d11d3ce95cc01bb1552b7f20a872a.1920x1080.jpg?t=1745443880",Steam,Paid
1966810,Sentinel Point Heroes,"Mar 6, 2025",0 - 20000,0,0,10.99,0,0,"The city of Sentinel Point is in danger and needs a protector! Protect it in this superhero themed roguelike deckbuilder. Spend time, not mana: The game is turn based but every card costs time and you will have to wait for it to be ready - When a villain tries to punch, you better already be blocking. Weave in punches while they recover in a tactical battle where every turn matters! Each run unique: Each run you can choose one or two Archetypes such as Martial, Magic or Science to make the hero you want. You can also add a Aspect which adds extra cards - maybe your Magic User is also a mutant who can shapeshift? Did your Scientist learn how to become a speedster?  Gain gear, training to modify cards, extra powers and even a sidekick over the course of a run to help you out!  Be careful though, because every hero you can play as also has a villainous side and their own deck to battle against. Every run also has a dark power behind it lending them power - Will you find they are channelling the power of a dark god? Do they have a death ray swivelling in your direction? Battle them and find out! Play your way: The full game will come with a powerful mod maker which will let you make new cards, events, acts and more!",['English'],['English'],Unknown,https://shared.akamai.steamstatic.com/store_item_assets/steam/apps/1966810/header.jpg?t=1741462184,Unknown,sentinelpointheroes@gmail.com,True,False,False,0,Unknown,0,4,0,Unknown,0,0,Unknown,0,0,0,0,Jellybane,Jellybane,"Single-player,Steam Workshop,Family Sharing","Strategy,Early Access","Turn-Based Tactics,Card Battler,Roguelike Deckbuilder,Rogue-lite,Moddable,Superhero,Strategy,Time Manipulation,Card Game,2D,Comic Book,Deckbuilding,Colorful,Singleplayer,Early Access","https://shared.akamai.steamstatic.com/store_item_assets/steam/apps/1966810/ss_88d8b229c10e819df6734419123129efddfa141d.1920x1080.jpg?t=1741462184,https://shared.akamai.steamstatic.com/store_item_assets/steam/apps/1966810/ss_bd7a200dff6f38de375d5849a4fb57930d12f68b.1920x1080.jpg?t=1741462184,https://shared.akamai.steamstatic.com/store_item_assets/steam/apps/1966810/ss_1554ac950b5e2a4b5404fb97ee505334ab8cdb2d.1920x1080.jpg?t=1741462184,https://shared.akamai.steamstatic.com/store_item_assets/steam/apps/1966810/ss_00b4a29d7a86d6e9fbdf7086ea95d85a1b9e52c4.1920x1080.jpg?t=1741462184,https://shared.akamai.steamstatic.com/store_item_assets/steam/apps/1966810/ss_7f7e3256db016a538168805d7588d091abfc9f43.1920x1080.jpg?t=1741462184",Steam,Paid
614100,Heroes of Paragon,"Jul 5, 2017",20000 - 50000,0,0,0.0,0,0,"Heroes Of Paragon takes strategy gaming to its next level by challenging you to fight against other players in intense base-vs-base battles. Using a unique combat system, experience what the future of Real Time Strategy has to offer! 'Everything was going well in the world of Paragon, we were at peace... and then the Violet came… Since that day, in a desperate effort to keep our world intact, we have confronted them... We will fight until death to protect what we hold dear. Will you join us?' Discover what the next generation of strategy game has to offer: Base vs Base combat Intense Unit vs Unit real time tactical strategy Powerful spells to turn the battle to your advantage Collect up to 600 runes","['English', 'French', 'Italian', 'German', 'Spanish - Spain', 'Polish', 'Portuguese - Portugal', 'Russian']",[],Unknown,https://shared.akamai.steamstatic.com/store_item_assets/steam/apps/614100/header.jpg?t=1561051307,https://heroesofparagon.com/,Unknown,True,True,True,0,Unknown,0,40,46,Unknown,0,0,Unknown,252,0,252,0,EVERYDAYiPLAY,Plug In Digital,"Single-player,Multi-player,Online PvP,In-App Purchases,Family Sharing","Free To Play,Indie,Strategy","Free to Play,Strategy,Indie","https://shared.akamai.steamstatic.com/store_item_assets/steam/apps/614100/ss_8b7d1934c73535f527c50483a0ba3a5633b7f110.1920x1080.jpg?t=1561051307,https://shared.akamai.steamstatic.com/store_item_assets/steam/apps/614100/ss_26aeda33ff92726049ca2caf6798c3df7fff8e78.1920x1080.jpg?t=1561051307,https://shared.akamai.steamstatic.com/store_item_assets/steam/apps/614100/ss_043a8b512f6a4301699ed9585fba5e7979ba9b31.1920x1080.jpg?t=1561051307,https://shared.akamai.steamstatic.com/store_item_assets/steam/apps/614100/ss_3a50c4da9d32b16cce51cc5836dee48c76a69680.1920x1080.jpg?t=1561051307,https://shared.akamai.steamstatic.com/store_item_assets/steam/apps/614100/ss_a22e17d47ef5daf09f1cbeaaf14688d8c5c674fc.1920x1080.jpg?t=1561051307,https://shared.akamai.steamstatic.com/store_item_assets/steam/apps/614100/ss_94a18710304cb4e0f137199fc91a203114b6ff3d.1920x1080.jpg?t=1561051307",Steam,Free
608800,Guns of Icarus Alliance,"Mar 31, 2017",20000 - 50000,25,0,1.24,75,2,"Guns of Icarus Alliance is the expanded and definitive edition of Muse’s flagship title Guns of Icarus Online , the original player-vs-player steampunk airship combat game. Alliance features all of the content from the original title, but with the addition of player-vs-environment cooperative experiences, an ongoing war between six elite factions vying for control of a world ravaged by machines, and an ever-changing world that is constantly being shaped and reshaped by the players. With a good ship and the right crew, you can conquer the skies - and maybe even the world! The ultimate co-op experience Players can take on the roles of pilots, gunners and engineers, working together as a single unit to maximize their airship’s effectiveness and own the skies. You won’t be told to stay still and not die while a veteran preserves their Kill/Death ratio. In Guns of Icarus Alliance, you are forced to work together. It’s an entirely interdependent gameplay experience that cannot be won by a single crew member. Your crew versus the world Take your airship and crew, and pit them against a huge variety of AI-controlled challenges, including escort missions, convoy raids, base assaults, and more. AI that learns The AI won’t take defeat lying down. Dynamic learning systems mean that every battle will teach the AI what tactics you use, increasing the challenge with every fight. Pit crew against crew In addition to AI-controlled missions, airship crews can also battle one-on-one against other human-crewed opponents. Every battle matters Rival factions are in a constant battle of wills to take and retain territory and control vital resources. Every victory and defeat will sway the tides of the larger war. Become a legend The story of Guns of Icarus Alliance is constantly being written based on the results of online gameplay. Achieve a key victory and your name may become part of the lore! A vivid steampunk world Lumbering, heavily-armored airships bristling with guns patrol the skies above a land ravaged beyond repair by an out-of-control industrial revolution. Build your own airship Starting from a selection of basic hulls, players can mix and match hundreds of custom parts to create their own unique airship, then assemble a crew to fly it. Your ship is your life Your ship is your collective life bar - when the ship goes down, the crew goes down with it. Every member of the crew plays an integral role in not only maintaining the integrity - “life” - of the ship, but also weakening the integrity of enemy ships as they work cooperatively towards a shared victory. The Industrial Revolution never ended. Raging out of control, the new machines consumed the world, staining the sky, scouring the land and poisoning the water. Humanity came to the brink of extinction, all but destroyed by their own unrestrained ingenuity. A few pockets of civilization survived, sheltering in the crevices of the world, and it is time for a comeback. Divided by wide expanses of toxic wasteland, a handful of these remnants have developed airship technology. Cruising through the sky, safely away from the poisoned earth, trade and industry could finally begin anew. However, with resources so desperately limited, war was inevitable. After years of isolation, the six factions have developed very different ideas about how this new world should be reclaimed. Reinvigorated by a fulfilled prophecy, the members of the Fjord Baronies don their ceremonial gowns in readiness to fight for lands that have been promised to them. With the Creed close to their hearts and an old, but formidable, armada of airships behind them, the Baronites venture forth to protect those who seek The Creed and to reclaim what is rightfully theirs. The King’s Seat, once occupied by a line of righteous high lords and ladies, is now led by the Silver-Haired Savior. Inspiration sweeps through these feudal lands and all are ready to take up arms to become whole again. Much of the world is teetering out of control, but the Chaladonians are only concerned with correcting a single aspect: sequestered in the eastern isles for too long, the Order of Chaladon now embarks on a mission to put an end to the ecological devastation that their mainland neighbors partake in. The days are already numbered as the natural balance of the world spirals out of control, leaving everything on the planet to die. The island dwellers ask, who will die first? With their advanced organic technologies, the Chaladonians are sure it won’t be them. Rapacious, manipulative, and aggressive are the most common words used to describe those of the Mercantile Guild. Only the desperation of a war-torn world would allow them to get away with the ruthless deals for which they are known. The Mercantile Guild knows everything has its price and they are naturally attracted to the best transactions. Nothing angers Merchants more than denying them a trade. With profits at their highest, the Guild worms its way into every nook and cranny of the world in the hopes of finding retribution and making their enemies pay the ultimate price. The Anglean Republic works to uncover the remains of an ancient civilization from underneath the northern icescapes. In these ruined, sunken cities, war machines spit smoke and artifacts harness the power of lightning. The Angleans claim that, through these relics, the Ancients whisper dark secrets to them. Despite the dilapidation, the buried cityscapes are proof to the Angleans that the time of the Ancients was a superior one. Instead of finding a new way of life, they believe a great one is waiting to be resurrected. With newly unearthed powers, the Angleans have become the deadly harbingers of a second Golden Age. Discord, disorder, and disarray have taken hold of the land for far too long. People wander in the wastelands without hope, and without purpose. What an unimaginable way to live, a life without meaning. This life doesn’t exist within the borders of the Yesha Empire. An aimless soul can once again find determination in one of its great western cities with their gardens of alabaster columns, and surrounded by great stone walls. Whether it be standing guard at a palace, minding the tops of tables at a restaurant, or fighting fiercely on the battlefront, a Yeshan can lead a fulfilled life by following their ordained path. With time, the desert turns all things to sand and dust - all things, except for the Arashi League. Made up of disparate tribes ruled by the most powerful warrior, the Arashi believe that only the strongest deserve to live. Weaker clans are trampled as the tougher ones join and fortify the ranks of the imposing League as it makes its way out of the desert into a world unknown. The Arashi thirst to be tested, to prove their might and dominance. To them, the world is but an arena where only one can be left standing. These are the six great powers that are currently known, but rumors abound of other nations secreted in remote strongholds, biding their time and gathering their strength. Who knows what the future may hold? Select your faction, build a custom airship, assemble a trusty crew and get ready to change the world! Every mission you undertake, whether it results in victory or defeat, will have an effect on the factional struggle for dominance. Play the way you want to: become a berserker who lusts only for battle and conquest, protect your domain from aggressive invaders, or take on one of your faction’s constantly changing list of objectives. Missions take a wide variety of forms, including straight-up airship battles, tense infiltrations, convoy raids, assaults on heavily-fortified bases and much more. Impress your faction and you will enjoy great rewards, from unique character costumes to powerful experimental weapons. The story of Guns of Icarus Alliance is constantly being written, and in-game events determine the course of the story. This means that a player who achieves a key victory, oversees a notorious massacre or repulses an overwhelming invasion may find that their name becomes part of the official lore. We are Muse Games, an independent studio based out of New York City. Our debut game, Flight of the Icarus , was the seed that would later grow into our flagship title. After releasing the unique and eye-catching platform game CreaVures in 2011, we dedicated ourselves to re-engineering our debut title into a fully-featured cooperative online airship combat game. We released Guns of Icarus Online in October 2012, right in the midst of Hurricane Sandy. Despite that challenging start, the game earned a loyal audience and built up a healthy community, passing the million player mark in January 2016. Since then, we have remained committed to supporting and expanding the Guns of Icarus experience. What was originally intended to be an expansion that would introduce AI opponents and player-vs-environment gameplay grew into a new standalone game - Guns of Icarus Alliance , the ultimate and definitive Guns of Icarus experience - which released in March 2017.",['English'],[],Unknown,https://shared.akamai.steamstatic.com/store_item_assets/steam/apps/608800/header.jpg?t=1569260269,http://gunsoficarus.com/,feedback@musegames.com,True,True,True,0,Unknown,0,1088,333,Unknown,849,597,Unknown,193,0,31,0,Muse Games,Muse Games,"Multi-player,PvP,Online PvP,Co-op,Online Co-op,Steam Achievements,Steam Workshop,In-App Purchases,Partial Controller Support,Stats,Family Sharing","Action,Adventure,Indie,Simulation","Indie,Action,Adventure,Simulation,Steampunk,Multiplayer,Team-Based,Co-op,First-Person,Competitive,Great Soundtrack,Shooter,Online Co-Op,Flight,FPS,Family Friendly,PvE","https://shared.akamai.steamstatic.com/store_item_assets/steam/apps/608800/ss_53a17b5fac81868b96c3b2b7f536841d8a7d724a.1920x1080.jpg?t=1569260269,https://shared.akamai.steamstatic.com/store_item_assets/steam/apps/608800/ss_1a2ab6e25a99fcf2e5ad5d278e396560ae6eab18.1920x1080.jpg?t=1569260269,https://shared.akamai.steamstatic.com/store_item_assets/steam/apps/608800/ss_35408c5289aee4d90fc446fa65a4d2077055e549.1920x1080.jpg?t=1569260269,https://shared.akamai.steamstatic.com/store_item_assets/steam/apps/608800/ss_6e14408071a37fd85d9bd6c12ff34f8aa05cd237.1920x1080.jpg?t=1569260269,https://shared.akamai.steamstatic.com/store_item_assets/steam/apps/608800/ss_75dcd08a892a0ad545fad90471baf3fbbd97e3e7.1920x1080.jpg?t=1569260269,https://shared.akamai.steamstatic.com/store_item_assets/steam/apps/608800/ss_638eda320c1f2c51e242b62dbc185f86e9f945da.1920x1080.jpg?t=1569260269,https://shared.akamai.steamstatic.com/store_item_assets/steam/apps/608800/ss_cccd7e4fd1c5ca319743c0ab1142e70693eb0c7b.1920x1080.jpg?t=1569260269,https://shared.akamai.steamstatic.com/store_item_assets/steam/apps/608800/ss_7d7d965ec59f8d003544d9f5c5a3c61d0f138b14.1920x1080.jpg?t=1569260269,https://shared.akamai.steamstatic.com/store_item_assets/steam/apps/608800/ss_732e7825f5ed98b89266ec86cf0b886cc8fd7fae.1920x1080.jpg?t=1569260269,https://shared.akamai.steamstatic.com/store_item_assets/steam/apps/608800/ss_fd4d6b9015ce9c06ebf328ec95561b28994df60e.1920x1080.jpg?t=1569260269,https://shared.akamai.steamstatic.com/store_item_assets/steam/apps/608800/ss_c19e604b27e77751a2931538b4d76b9cdcfca7ac.1920x1080.jpg?t=1569260269",Steam,Paid
3232310,UnSeen,"Nov 27, 2024",0 - 20000,0,0,12.99,0,0,"WILL YOU FIND SALVATION? In UnSeen , death is invisible. Explore a first-person horror and atmosphere game, where truth is never far from madness, and where fear follows in your steps. The members of the Heartwood family all suffer from a curious form of paranoia: the certainty of being cursed, pursued by a force as invisible as it is unstoppable. Between superstition and truth, will you be able to put an end to the terror on your heels? Non-linear progression Explore a vast mansion as you wish. Open up routes, dissect its secrets. The key to success lies in your ability to orient yourself. Feel the Lovecraftian Fear Between the supernatural and madness, dive into a tale of the strange with nightmarish implications. Will you be up to the task?","['French', 'English']","['French', 'English']",Unknown,https://shared.akamai.steamstatic.com/store_item_assets/steam/apps/3232310/header.jpg?t=1732735715,Unknown,panoptiquedudesign@gmail.com,True,False,False,0,Unknown,0,3,0,Unknown,0,0,Unknown,0,0,0,0,Tenebos,Tenebos,"Single-player,Family Sharing","Adventure,Indie","Horror,Exploration,Lovecraftian,Mystery,Atmospheric,Adventure,Narration,Story Rich,Nonlinear,Hidden Object,Walking Simulator,First-Person,Indie,3D,Realistic,Investigation,Singleplayer","https://shared.akamai.steamstatic.com/store_item_assets/steam/apps/3232310/ss_b8d4cce7538b4868e3a31b56b95b9079bff1b205.1920x1080.jpg?t=1732735715,https://shared.akamai.steamstatic.com/store_item_assets/steam/apps/3232310/ss_4dad194ce3b2cfa3ec4141e1c34f062f65dada3b.1920x1080.jpg?t=1732735715,https://shared.akamai.steamstatic.com/store_item_assets/steam/apps/3232310/ss_0edf67696b85d9b5a979909eb43754ff9d5c7685.1920x1080.jpg?t=1732735715,https://shared.akamai.steamstatic.com/store_item_assets/steam/apps/3232310/ss_dcc53ec18d3ca598715ee97913eac1ea40895f0e.1920x1080.jpg?t=1732735715,https://shared.akamai.steamstatic.com/store_item_assets/steam/apps/3232310/ss_cd532be96d0d35b2ad7318e153f218ad0b5aa83d.1920x1080.jpg?t=1732735715",Steam,Paid
3768020,Doomvile Brainrot,"Jun 16, 2025",0 - 20000,0,0,0.49,0,0,"The cute dinosaur was celebrating his birthday when suddenly a bright ray pulled him out of the party and dragged him into a space saucer. After landing on a mysterious tropical island, he realized that in order to return home, he would have to build a portal, find resources and repel the attacks of creepy monsters guarding every piece of the earth. Doomvile Brainrot In this game, the player collects wood, energy, metal and a good mood to build buildings, fight off creatures and save resources for the portal. Explore different parts of the island, fight dangerous creatures in close combat and shoot down birds. The main goal is to build and launch an ancient alien portal that will take the dinosaur home. Game Features: Beautiful Pixel Art; Breinroth; Dynamic battles with monsters day and night.","['English', 'Russian']",[],Unknown,https://shared.akamai.steamstatic.com/store_item_assets/steam/apps/3768020/8b3fdfa3c9c6a85c71fa4a5345e580028e30ceb3/header.jpg?t=1750254716,Unknown,ivan.zilagodin@rambler.ru,True,False,False,0,Unknown,0,0,0,Unknown,8,0,Unknown,0,0,0,0,Gamesforgames,Gamesforgames,"Single-player,Steam Achievements,Family Sharing","Action,Adventure,Casual,Simulation,Sports,Strategy",Unknown,"https://shared.akamai.steamstatic.com/store_item_assets/steam/apps/3768020/ea12c8d2a6b0f36c55443cd5adce427cc013eac3/ss_ea12c8d2a6b0f36c55443cd5adce427cc013eac3.1920x1080.jpg?t=1750254716,https://shared.akamai.steamstatic.com/store_item_assets/steam/apps/3768020/d83add9aa932259b1608ec4d06928714d470ea13/ss_d83add9aa932259b1608ec4d06928714d470ea13.1920x1080.jpg?t=1750254716,https://shared.akamai.steamstatic.com/store_item_assets/steam/apps/3768020/8652f1ff6199515aa2b3b29069f975134b172f10/ss_8652f1ff6199515aa2b3b29069f975134b172f10.1920x1080.jpg?t=1750254716,https://shared.akamai.steamstatic.com/store_item_assets/steam/apps/3768020/417c8ca87b8d9702bfc39d3dc4995c07ee835c5d/ss_417c8ca87b8d9702bfc39d3dc4995c07ee835c5d.1920x1080.jpg?t=1750254716,https://shared.akamai.steamstatic.com/store_item_assets/steam/apps/3768020/0319243c34dcdbeec260f307f7da9726d4a633da/ss_0319243c34dcdbeec260f307f7da9726d4a633da.1920x1080.jpg?t=1750254716",Steam,Paid
410980,Master of Orion 2,"Feb 25, 2016",100000 - 200000,155,0,5.99,0,0,"Forge an empire in a universe where population growth is stripping away planetary resources. Colonize unknown planets and trade with other races for their knowledge. The need for galactic expansion is critical. You must conquer alien star systems to secure the resources that will guarantee your supremacy. The ultimate goal is to defeat the evil Antarans. They lurk in the coldest reaches of space, warmed by one all-consuming passion... Revenge! One of the best 4X games ever created Absolutely addictive gameplay with a powerful 'just one more turn' factor Tactical ship combat, galaxy-spanning strategy, 60 technology fields, advanced diplomacy and much more Note: This game is a part of Master of Orion, Collectors Edition package which includes 3 original Master of Orion titles available on Steam for the first time and new Master of Orion game published by WG Labs. This game will available for stand-alone purchase at a later date in the future.","['English', 'French', 'German']","['English', 'German']",Unknown,https://shared.akamai.steamstatic.com/store_item_assets/steam/apps/410980/header.jpg?t=1708071672,http://www.masteroforion.com,support@wargaming.net,True,True,True,0,Unknown,0,1514,55,Unknown,0,1562,Unknown,118,0,69,0,SimTex,Wargaming Labs,"Single-player,Multi-player,Family Sharing",Strategy,"Strategy,4X,Turn-Based,Space,Sci-fi,Classic,Turn-Based Strategy,Multiplayer,Singleplayer,Retro,Grand Strategy","https://shared.akamai.steamstatic.com/store_item_assets/steam/apps/410980/ss_8ad62ec0c6d54885c235a11cd5029c5ba94bba2a.1920x1080.jpg?t=1708071672,https://shared.akamai.steamstatic.com/store_item_assets/steam/apps/410980/ss_8bc1c28402e1f77f9965ec13c434d925fa87a6c1.1920x1080.jpg?t=1708071672,https://shared.akamai.steamstatic.com/store_item_assets/steam/apps/410980/ss_48f78ccb4460fda1289a696cc4470fbdbe29b00a.1920x1080.jpg?t=1708071672,https://shared.akamai.steamstatic.com/store_item_assets/steam/apps/410980/ss_f80bfe3e16decd99a9cc922c1780d6733a10ee9f.1920x1080.jpg?t=1708071672,https://shared.akamai.steamstatic.com/store_item_assets/steam/apps/410980/ss_01ccf50f4fdbf0510a3dfbe04792a4e98d0ae6d3.1920x1080.jpg?t=1708071672",Steam,Paid
3799370,Night Club Simulator Playtest,"Jun 17, 2025",0 - 0,0,0,0.0,0,0,Unknown,[],[],Unknown,https://shared.akamai.steamstatic.com/store_item_assets/steam/apps/3799370/a694cc638023479bf97749d26db4183d25c2f104/header.jpg?t=1750173594,Unknown,Unknown,True,False,False,0,Unknown,0,0,0,Unknown,0,0,Unknown,0,0,0,0,Unknown,Unknown,Unknown,Unknown,Unknown,Unknown,Steam,Free
3207390,Sneebles The Half Cat,"Oct 18, 2024",0 - 20000,0,0,3.99,0,0,"Sneebles The Half Cat is a fast-paced, white-knuckle retro style arcade game. Help Sneebles protect his burrito from mysterious giant tomatoes that are trying to destroy it. Where did they come from? Will Sneebles ever get a chance to eat his burrito? Find out as you unlock achievements and work toward new high scores! Featuring Precision gameplay with a focus on chain building to rack up big points. Seven unique magic drops to assist you, including five different power-ups. 31 in-game achievements. An interactive tutorial. Stylized pixel art inspired by the 16-bit era. A dynamic soundtrack composed in the style of 16-bit to match. Expressive characters and animations. An unlockable full-length short cartoon inspired by 90s cartoons (presented in the style of 90s video game cutscenes!)",['English'],[],Unknown,https://shared.akamai.steamstatic.com/store_item_assets/steam/apps/3207390/header.jpg?t=1729249447,Unknown,team.haffkatt@gmail.com,True,False,False,0,Unknown,0,4,0,Unknown,31,0,Unknown,0,0,0,0,Haffkatt,Haffkatt,"Single-player,Steam Achievements,Full controller support,Steam Cloud,Family Sharing","Action,Indie","Arcade,Singleplayer,Score Attack,Precision Platformer,Action,2D Platformer,Tutorial,Retro,1990's,Pixel Graphics,Cartoony,Indie,Cute,Funny,Cats,2D","https://shared.akamai.steamstatic.com/store_item_assets/steam/apps/3207390/ss_4cff21eb7f3d74818d02fe6d566ada71849dd3b1.1920x1080.jpg?t=1729249447,https://shared.akamai.steamstatic.com/store_item_assets/steam/apps/3207390/ss_00f32da46192e5209e4f7945ed179803e6a42136.1920x1080.jpg?t=1729249447,https://shared.akamai.steamstatic.com/store_item_assets/steam/apps/3207390/ss_c63a6f260b7615026a9cdb8949333c57b7d86d7c.1920x1080.jpg?t=1729249447,https://shared.akamai.steamstatic.com/store_item_assets/steam/apps/3207390/ss_266d518b3b316068d316a22ac8a8b55fbeae1d43.1920x1080.jpg?t=1729249447,https://shared.akamai.steamstatic.com/store_item_assets/steam/apps/3207390/ss_352781885efebf9cb5d19381edda63fd36230413.1920x1080.jpg?t=1729249447,https://shared.akamai.steamstatic.com/store_item_assets/steam/apps/3207390/ss_3f14855073137c80f1513cfcee1146ec62d9770d.1920x1080.jpg?t=1729249447,https://shared.akamai.steamstatic.com/store_item_assets/steam/apps/3207390/ss_d6d6f3afbbf5acfc00938a4fc52fcfda1618eb51.1920x1080.jpg?t=1729249447,https://shared.akamai.steamstatic.com/store_item_assets/steam/apps/3207390/ss_94b783c1de68a76b9fd4984be1873b8f73616170.1920x1080.jpg?t=1729249447,https://shared.akamai.steamstatic.com/store_item_assets/steam/apps/3207390/ss_2c9e7f22f9a0ca14ba60d11d9ecb6ced4e38dc77.1920x1080.jpg?t=1729249447,https://shared.akamai.steamstatic.com/store_item_assets/steam/apps/3207390/ss_2b37d4a34877c55a3e9b0b5b4c44ebd0c7f5db76.1920x1080.jpg?t=1729249447,https://shared.akamai.steamstatic.com/store_item_assets/steam/apps/3207390/ss_c19865a81829cd64c06d49a088a5401068aaf370.1920x1080.jpg?t=1729249447",Steam,Paid
1232140,Blue Drifter,"Jan 27, 2020",0 - 20000,0,0,1.49,50,0,"Blue drifter is an experimental bounty hunter game set on a harsh rainy planet. Track down criminals with your flying car, and eliminate them to ultimately buy yourself a ticket to outer space, and freedom. Features 10-20 minutes of playtime. Use a scanner, gun, and vehicle to deal with your targets. Freely roam a miserable rainy planet. A very blue and raw aesthetic. Sokpop makes a new game every two weeks! Subscribe for 3$ per month at",['English'],['English'],Unknown,https://shared.akamai.steamstatic.com/store_item_assets/steam/apps/1232140/header.jpg?t=1726498212,https://www.sokpop.co/,bugs@sokpop.co,True,True,False,0,Unknown,0,30,6,Unknown,7,0,Unknown,0,0,0,0,"Sokpop Collective,Tom van den Boogaart",Sokpop Collective,"Single-player,Steam Achievements,Family Sharing","Action,Indie","Action,Indie,Sci-fi,Dark,Hunting,Experimental","https://shared.akamai.steamstatic.com/store_item_assets/steam/apps/1232140/ss_aa8240f120e9665d85691534b950bc4fb5535b76.1920x1080.jpg?t=1726498212,https://shared.akamai.steamstatic.com/store_item_assets/steam/apps/1232140/ss_a7f4724ba5a699d8620a1a14b66ece759bad9518.1920x1080.jpg?t=1726498212,https://shared.akamai.steamstatic.com/store_item_assets/steam/apps/1232140/ss_538feccbff2ed6a017696dbab67272fce0da54d8.1920x1080.jpg?t=1726498212,https://shared.akamai.steamstatic.com/store_item_assets/steam/apps/1232140/ss_7da2118b448cc40c37f2d98f6bf7a40a5a068119.1920x1080.jpg?t=1726498212,https://shared.akamai.steamstatic.com/store_item_assets/steam/apps/1232140/ss_2d0abd9feda35739e932fbaf308b403f33ddface.1920x1080.jpg?t=1726498212,https://shared.akamai.steamstatic.com/store_item_assets/steam/apps/1232140/ss_42b981387b43642bd9ed7f5e95f28ab0996fef5c.1920x1080.jpg?t=1726498212",Steam,Paid
3300290,FLAAK TD Playtest,"Feb 6, 2025",0 - 0,0,0,0.0,0,0,Unknown,[],[],Unknown,https://shared.akamai.steamstatic.com/store_item_assets/steam/apps/3300290/header.jpg?t=1738861635,Unknown,Unknown,True,False,False,0,Unknown,0,0,0,Unknown,0,0,Unknown,0,0,0,0,Unknown,Unknown,Unknown,Unknown,Unknown,https://shared.akamai.steamstatic.com/store_item_assets/steam/apps/3300290/ss_bd81548bc35073deab12d927973338752a95f0fa.1920x1080.jpg?t=1738861635,Steam,Free
1534740,Guillotine The Necromorph Playtest,"Jan 26, 2021",0 - 0,0,0,0.0,0,0,Unknown,[],[],Unknown,https://shared.akamai.steamstatic.com/store_item_assets/steam/apps/1534740/header.jpg?t=1611702015,Unknown,Unknown,True,False,False,0,Unknown,0,0,0,Unknown,0,0,Unknown,0,0,0,0,Unknown,Unknown,Unknown,Unknown,Unknown,"https://shared.akamai.steamstatic.com/store_item_assets/steam/apps/1534740/ss_c39bb040c75cbc45ca0a456d682fce7242a20ba9.1920x1080.jpg?t=1611702015,https://shared.akamai.steamstatic.com/store_item_assets/steam/apps/1534740/ss_fff04839c84f859f3168375318365801bad53dce.1920x1080.jpg?t=1611702015,https://shared.akamai.steamstatic.com/store_item_assets/steam/apps/1534740/ss_f862912f30e4b2c9d18d5fbc1a1ec0650147d7f2.1920x1080.jpg?t=1611702015,https://shared.akamai.steamstatic.com/store_item_assets/steam/apps/1534740/ss_dc2543f69c00961f2af2fe3e98a9acf7a896b3f7.1920x1080.jpg?t=1611702015,https://shared.akamai.steamstatic.com/store_item_assets/steam/apps/1534740/ss_87fbc420ca9e6c08eb951c8cdea6a8218bf66438.1920x1080.jpg?t=1611702015,https://shared.akamai.steamstatic.com/store_item_assets/steam/apps/1534740/ss_2336d3a8c171bb33557bf4c05fd7096cdc2c2362.1920x1080.jpg?t=1611702015,https://shared.akamai.steamstatic.com/store_item_assets/steam/apps/1534740/ss_fb3ac6425fb9b38ff0b8c971ea9582f5088a9e6d.1920x1080.jpg?t=1611702015,https://shared.akamai.steamstatic.com/store_item_assets/steam/apps/1534740/ss_6b49ee12dddaccb220a3d0c9f681b86d9a2323ae.1920x1080.jpg?t=1611702015,https://shared.akamai.steamstatic.com/store_item_assets/steam/apps/1534740/ss_199de66c1bcaf1ed8046a4483604499994b38ef4.1920x1080.jpg?t=1611702015",Steam,Free
366550,Zeuxis : procedural texture generator,"Jun 2, 2015",0 - 20000,1,0,6.99,0,0,"No need to be an artist. Create nice textures in a few minutes. This software allows you to create textures by combining basic operators. You stack operators in a hierarchical fashion to get a result. Simple and fast UI. 128bit internal resolution to prevent loss of higher range when combining effects. Try the demo first to make sure it works on your PC. The projects created with the demo are compatible with the full product. Limitations : English only , no UNICODE support for filenames (when saving/loading), only basic ASCII. The UI is not customizable, i.e. font, font color, font size, window color. Export formats supported: JPG, TGA, TIFF ( Export is disabled in demo ).",['English'],[],Unknown,https://shared.akamai.steamstatic.com/store_item_assets/steam/apps/366550/header.jpg?t=1462745512,Unknown,zeuxisptg@gmail.com,True,False,True,0,Unknown,0,23,5,Unknown,0,0,Unknown,0,0,0,0,Martin Veilleux,Martin Veilleux,Unknown,Design & Illustration,"Design & Illustration,Procedural Generation","https://shared.akamai.steamstatic.com/store_item_assets/steam/apps/366550/ss_c207a42d6f9e4a7500d5b04809a9eb6bf70b5b0f.1920x1080.jpg?t=1462745512,https://shared.akamai.steamstatic.com/store_item_assets/steam/apps/366550/ss_73c4ae9bde3a7311eea58ffde103b72f8db43479.1920x1080.jpg?t=1462745512,https://shared.akamai.steamstatic.com/store_item_assets/steam/apps/366550/ss_eeccf41f6d9cee7bc0e29e0d32cb124e490c7262.1920x1080.jpg?t=1462745512,https://shared.akamai.steamstatic.com/store_item_assets/steam/apps/366550/ss_d48a6348abefbb439d7d363599c9ab98cf79b98e.1920x1080.jpg?t=1462745512,https://shared.akamai.steamstatic.com/store_item_assets/steam/apps/366550/ss_fa59f4672e353725ede5a693bc82a87879c9919e.1920x1080.jpg?t=1462745512,https://shared.akamai.steamstatic.com/store_item_assets/steam/apps/366550/ss_fa1ee30914ec252508789ee9f8320fb6a1b9ce1c.1920x1080.jpg?t=1462745512",Steam,Paid
1507600,Tail Trail,"Apr 29, 2021",0 - 20000,0,0,0.0,0,0,"P.I Trevor takes on his first solo case, hoping to find a missing person on a mysterious island. Hired by the client's parents as a last attempt to find where or what happened to their son with barely any information on the case or the island The game is linear story-driven cutscene-heavy Point &amp; Click with light game mechanics and quick-time events -Investigate areas in the island -Search and find the objectives -Connect thoughts and facts Tail-Trail is developed by myself; the project is a combination of a simple linear game and a short animation film using Unity game engine","['English', 'Arabic', 'Russian', 'Simplified Chinese']",[],Unknown,https://shared.akamai.steamstatic.com/store_item_assets/steam/apps/1507600/header.jpg?t=1724200395,Unknown,TailTrailGame@gmail.com,True,False,False,0,Unknown,0,12,5,Unknown,0,0,"Death by firearms, choking, and stabbing. No blood or extreme gore visuals.",0,0,0,0,Bold Statement Games,Bold Statement Games,Single-player,"Action,Adventure,Indie,Free To Play","Investigation,Third-Person Shooter,Point & Click,Action-Adventure,3D,Third Person,Detective,Action,Linear,Story Rich,Cartoony,Colorful,Stylized,Crime,Adventure,Mystery,Cinematic,America,Conspiracy,Singleplayer","https://shared.akamai.steamstatic.com/store_item_assets/steam/apps/1507600/ss_e3c538a06c17d3adcfcb043d730d212dca7424f8.1920x1080.jpg?t=1724200395,https://shared.akamai.steamstatic.com/store_item_assets/steam/apps/1507600/ss_68444514b33575fcc0205d11aefe4ab3e24fbc87.1920x1080.jpg?t=1724200395,https://shared.akamai.steamstatic.com/store_item_assets/steam/apps/1507600/ss_519a72487e7bafb752cf65d3835473d9411e2d5a.1920x1080.jpg?t=1724200395,https://shared.akamai.steamstatic.com/store_item_assets/steam/apps/1507600/ss_6b40ff3760f55e58e12acec51dbc13f77eaebdee.1920x1080.jpg?t=1724200395,https://shared.akamai.steamstatic.com/store_item_assets/steam/apps/1507600/ss_791f09bc5732085305ddbd9c5dcd7af8b37926ee.1920x1080.jpg?t=1724200395,https://shared.akamai.steamstatic.com/store_item_assets/steam/apps/1507600/ss_0f4c6cc323f38db4487d192c1dbbb77d0e53cfc4.1920x1080.jpg?t=1724200395,https://shared.akamai.steamstatic.com/store_item_assets/steam/apps/1507600/ss_540b6a5fcb2878fa6793b203dc2a0facefdec077.1920x1080.jpg?t=1724200395,https://shared.akamai.steamstatic.com/store_item_assets/steam/apps/1507600/ss_1725417a6b8b7cb645bb9ee9f1dca42b219bc49f.1920x1080.jpg?t=1724200395,https://shared.akamai.steamstatic.com/store_item_assets/steam/apps/1507600/ss_5d31ddb00552acfbab2688bde70307b2da571123.1920x1080.jpg?t=1724200395,https://shared.akamai.steamstatic.com/store_item_assets/steam/apps/1507600/ss_4751610f75bcafba5f78767b337e303c0990e0d2.1920x1080.jpg?t=1724200395,https://shared.akamai.steamstatic.com/store_item_assets/steam/apps/1507600/ss_be7c866fba32cebbfeddbfac132660aa0c868289.1920x1080.jpg?t=1724200395,https://shared.akamai.steamstatic.com/store_item_assets/steam/apps/1507600/ss_bdad354e811b8ce56ea2536eddbad3e6678a3ade.1920x1080.jpg?t=1724200395,https://shared.akamai.steamstatic.com/store_item_assets/steam/apps/1507600/ss_c8d3772922ead407dfc08e7b1f4c5bb189e1432c.1920x1080.jpg?t=1724200395,https://shared.akamai.steamstatic.com/store_item_assets/steam/apps/1507600/ss_c15882c35dc43a3f5a16abb6c462d49cfaf8d20b.1920x1080.jpg?t=1724200395,https://shared.akamai.steamstatic.com/store_item_assets/steam/apps/1507600/ss_8dcf66129d9c8e284c039c14227c4573b12d6a8f.1920x1080.jpg?t=1724200395,https://shared.akamai.steamstatic.com/store_item_assets/steam/apps/1507600/ss_5beaba4cdd6fe9c0d7de693277c7ce7152601b81.1920x1080.jpg?t=1724200395,https://shared.akamai.steamstatic.com/store_item_assets/steam/apps/1507600/ss_a64aa6144b1c1d84d79e9a9121c312bd44f924d4.1920x1080.jpg?t=1724200395,https://shared.akamai.steamstatic.com/store_item_assets/steam/apps/1507600/ss_e770706b9200ec6857f50885911c3976dbaa11e5.1920x1080.jpg?t=1724200395,https://shared.akamai.steamstatic.com/store_item_assets/steam/apps/1507600/ss_9fa0eb3edb7b374a2a1b75887fe79766cbe9a64b.1920x1080.jpg?t=1724200395,https://shared.akamai.steamstatic.com/store_item_assets/steam/apps/1507600/ss_ff66d5d2039331574d294e086c0158f5acf35a87.1920x1080.jpg?t=1724200395,https://shared.akamai.steamstatic.com/store_item_assets/steam/apps/1507600/ss_60e2a17513fd41e467710ef13962c7c502ac5fad.1920x1080.jpg?t=1724200395,https://shared.akamai.steamstatic.com/store_item_assets/steam/apps/1507600/ss_668c57439f657a57d40755468d9ee8bc1acbb48d.1920x1080.jpg?t=1724200395,https://shared.akamai.steamstatic.com/store_item_assets/steam/apps/1507600/ss_473dea3f5e4bec9d2c06405f3a4facb9a2c66951.1920x1080.jpg?t=1724200395,https://shared.akamai.steamstatic.com/store_item_assets/steam/apps/1507600/ss_e7e4d980a5ecfbb04260dc65f7934f78dd6a9abd.1920x1080.jpg?t=1724200395,https://shared.akamai.steamstatic.com/store_item_assets/steam/apps/1507600/ss_0c0cc6b32ffba02dc9318555f661e34990c0200f.1920x1080.jpg?t=1724200395,https://shared.akamai.steamstatic.com/store_item_assets/steam/apps/1507600/ss_ece8cc2c177d7ffdc2a9f5531e5bc736a620eabb.1920x1080.jpg?t=1724200395,https://shared.akamai.steamstatic.com/store_item_assets/steam/apps/1507600/ss_3c2c78318e7d1ccaa81546112030e8d91ae46a97.1920x1080.jpg?t=1724200395,https://shared.akamai.steamstatic.com/store_item_assets/steam/apps/1507600/ss_f5e9aa9caab47b3aa2f1f2da75d4e05871824436.1920x1080.jpg?t=1724200395,https://shared.akamai.steamstatic.com/store_item_assets/steam/apps/1507600/ss_fe9b6f209d092438905c1cd38cef349aa861c83c.1920x1080.jpg?t=1724200395",Steam,Free
2506880,Hidden Kingdom Top-Down 3D,"Jul 24, 2023",0 - 0,0,0,199.99,0,0,"Find the objects that are hidden on the map. The game is a Hidden Object Game. In which you need to find objects with a certain design in beautiful locations, and click on them with the mouse. The game is a 3D level game in which objects and characters are frozen in the picture, you have to find 20 different objects. The system automatically determines which object you need to find at the moment, so the game has a high replay value, you will need to search for different objects each time.","['English', 'French', 'Italian', 'German', 'Spanish - Spain', 'Arabic', 'Bulgarian', 'Czech', 'Danish', 'Dutch', 'Finnish', 'Greek', 'Hungarian', 'Japanese', 'Korean', 'Norwegian', 'Polish', 'Portuguese - Brazil', 'Portuguese - Portugal', 'Romanian', 'Russian', 'Simplified Chinese', 'Spanish - Latin America', 'Swedish', 'Thai', 'Traditional Chinese', 'Turkish', 'Ukrainian', 'Vietnamese', 'Afrikaans', 'Albanian', 'Amharic', 'Armenian', 'Assamese', 'Azerbaijani', 'Bangla', 'Basque', 'Belarusian', 'Bosnian', 'Catalan', 'Cherokee', 'Croatian', 'Dari', 'Estonian', 'Filipino', 'Galician', 'Georgian', 'Gujarati', 'Hausa', 'Hebrew', 'Hindi', 'Icelandic', 'Igbo', 'Indonesian', 'Irish', K'iche', 'Kannada', 'Kazakh', 'Khmer', 'Kinyarwanda', 'Konkani', 'Kyrgyz', 'Latvian', 'Lithuanian', 'Luxembourgish', 'Macedonian', 'Malay', 'Malayalam', 'Maltese', 'Maori', 'Marathi', 'Mongolian', 'Nepali', 'Odia', 'Persian', 'Punjabi (Gurmukhi)', 'Punjabi (Shahmukhi)', 'Quechua', 'Scots', 'Serbian', 'Sindhi', 'Sinhala', 'Slovak', 'Slovenian', 'Sorani', 'Sotho', 'Swahili', 'Tajik', 'Tamil', 'Tatar', 'Telugu', 'Tigrinya', 'Tswana', 'Turkmen', 'Urdu', 'Uyghur', 'Uzbek', 'Valencian', 'Welsh', 'Wolof', 'Xhosa', 'Yoruba', 'Zulu']",[],Unknown,https://shared.akamai.steamstatic.com/store_item_assets/steam/apps/2506880/header.jpg?t=1690194230,Unknown,info@hede.ru,True,True,True,0,Unknown,0,0,0,Unknown,6,0,Unknown,0,0,0,0,Top-Down Games,Hede,"Single-player,Steam Achievements,Steam Leaderboards,Family Sharing","Action,Adventure,Casual,Indie,Racing,RPG,Simulation,Sports,Strategy",Unknown,"https://shared.akamai.steamstatic.com/store_item_assets/steam/apps/2506880/ss_e7ce011af324c225f3243545360ac561f2a02378.1920x1080.jpg?t=1690194230,https://shared.akamai.steamstatic.com/store_item_assets/steam/apps/2506880/ss_21b805dd3856fd068b4b0facd3a2f3599deddbb0.1920x1080.jpg?t=1690194230,https://shared.akamai.steamstatic.com/store_item_assets/steam/apps/2506880/ss_7576247b65f3750422d14fd00b192b45da43389d.1920x1080.jpg?t=1690194230,https://shared.akamai.steamstatic.com/store_item_assets/steam/apps/2506880/ss_4ae0119d91f9cf273c4ed271cf408d08dc6fb2af.1920x1080.jpg?t=1690194230,https://shared.akamai.steamstatic.com/store_item_assets/steam/apps/2506880/ss_f6d5aac17a709ddd9b2c680142506d8859edb348.1920x1080.jpg?t=1690194230",Steam,Paid
3781720,QBob: Remastered,"Jul 24, 2025",0 - 20000,0,0,5.99,0,1,"Play QBob like you never have before in this modernized version of the 1996 shareware classic with updated graphics, music, sounds and gameplay! Help QBob leap from rock to rock as he surveys an array of strangely shaped asteroids, all while avoiding a host of alien creatures—each more devious than the last. The job's not done until all the cubes have been marked for demolition. Hit the big red button and skedaddle to your escape rocket before the Big Kaboom! QBob: Remastered is an action/arcade game, filled with strange space landscapes and bizarre, deadly alien creatures. Prepare to have your nerves jangled and your senses overloaded: the only sound you can hear is the beating of your own heart... that is, until you hear your helmet cracking! Features: 20 unique levels! Three difficulty settings! Customizable keyboard controls! Mouse and gamepad support! A groovin' soundtrack! Colorful characters, art and environments! Old school arcade intermissions! Pop culture references that were dated even in 1996!",['English'],['English'],Unknown,https://shared.akamai.steamstatic.com/store_item_assets/steam/apps/3781720/5e6df4c3d5b482cebecbc3b18ae0d074620c424d/header.jpg?t=1753477200,https://www.moonrock.com/qbob-remastered,qbob@moonrock.com,True,True,True,0,Unknown,0,0,0,Unknown,26,0,Unknown,0,0,0,0,MoonRock Software Inc.,MoonRock Software Inc.,"Single-player,Steam Achievements,Full controller support,Custom Volume Controls,Adjustable Difficulty,Keyboard Only Option,Mouse Only Option,Stereo Sound,Steam Cloud,Stats,Family Sharing","Action,Indie",Unknown,"https://shared.akamai.steamstatic.com/store_item_assets/steam/apps/3781720/7f9ee25e103c283ab890b174e539b4201384cc72/ss_7f9ee25e103c283ab890b174e539b4201384cc72.1920x1080.jpg?t=1753477200,https://shared.akamai.steamstatic.com/store_item_assets/steam/apps/3781720/c472015436aea8fdd885ca96acd4dc2bb6e38d8b/ss_c472015436aea8fdd885ca96acd4dc2bb6e38d8b.1920x1080.jpg?t=1753477200,https://shared.akamai.steamstatic.com/store_item_assets/steam/apps/3781720/70044e0397eb1671267dfc5aacae06d0fdefc22c/ss_70044e0397eb1671267dfc5aacae06d0fdefc22c.1920x1080.jpg?t=1753477200,https://shared.akamai.steamstatic.com/store_item_assets/steam/apps/3781720/b951bd048c42ac56a87a8fca176c8b711f508778/ss_b951bd048c42ac56a87a8fca176c8b711f508778.1920x1080.jpg?t=1753477200,https://shared.akamai.steamstatic.com/store_item_assets/steam/apps/3781720/1a85ba2de10b2e5f9ea330c1036eccad3af0ea93/ss_1a85ba2de10b2e5f9ea330c1036eccad3af0ea93.1920x1080.jpg?t=1753477200",Steam,Paid
3134830,FLEA!2,"Oct 2, 2024",0 - 20000,0,0,5.99,0,0,"FLEA!2 is a challenging platformer with an intriguing back story. Play once again as Henry the Hyperactive Flea who just can’t stop jumping! Navigate the beasts, collect blood and rescue all the fleas. Jump, dash, mash and moon jump are the moves at your disposal in over 100 levels.",['English'],[],Unknown,https://shared.akamai.steamstatic.com/store_item_assets/steam/apps/3134830/header.jpg?t=1746109097,Unknown,info@lowtek.games,True,False,False,0,Unknown,0,0,0,Unknown,0,0,Unknown,0,0,0,0,"Lowtek Games,Alastair Low - Art / Game Design,Dale Coop - Code,Tuï  - Music",Lowtek Games,"Single-player,Family Sharing","Action,Indie",Unknown,"https://shared.akamai.steamstatic.com/store_item_assets/steam/apps/3134830/ss_6dff5d9ced237c710e2079e536a623f7f1456955.1920x1080.jpg?t=1746109097,https://shared.akamai.steamstatic.com/store_item_assets/steam/apps/3134830/ss_e8de5e9628aa011bfaccdb4dac1865546fabad16.1920x1080.jpg?t=1746109097,https://shared.akamai.steamstatic.com/store_item_assets/steam/apps/3134830/ss_cce460ba20df34401c9d63b3de9b23b39c4e8e9b.1920x1080.jpg?t=1746109097,https://shared.akamai.steamstatic.com/store_item_assets/steam/apps/3134830/ss_a2a8e0d8b4c78d6c2073d1a78983204088834910.1920x1080.jpg?t=1746109097,https://shared.akamai.steamstatic.com/store_item_assets/steam/apps/3134830/ss_f5ef9696140340bde9ebd258178113729efd351a.1920x1080.jpg?t=1746109097",Steam,Paid
543270,Mr. Shadow,"Nov 17, 2016",0 - 20000,0,0,4.99,0,1,Mr. Shadow is a 2D graphic adventure game. The player uses a simple point and click interface to solve diverse puzzles. Enter a surreal and dark world inhabited by shadows.,"['English', 'French', 'Italian', 'German', 'Spanish - Spain', 'Czech', 'Polish', 'Russian']",[],"“I (...) recommend this game to patient adventurers. It is a fairly short game for those with a good eye, and the price is right.” 75 – Just Adventure",https://shared.akamai.steamstatic.com/store_item_assets/steam/apps/543270/header.jpg?t=1510939147,http://mrshadowgame.com/,bycomb@gmail.com,True,False,False,0,Unknown,0,41,10,Unknown,0,0,Unknown,210,0,214,0,bycomb,bycomb,"Single-player,Steam Trading Cards,Family Sharing","Adventure,Casual,Indie","Adventure,Indie,Casual,Puzzle,Great Soundtrack,Point & Click,Design & Illustration","https://shared.akamai.steamstatic.com/store_item_assets/steam/apps/543270/ss_3e1f008b31e1f4cf2617c78a565d805f1d887b71.1920x1080.jpg?t=1510939147,https://shared.akamai.steamstatic.com/store_item_assets/steam/apps/543270/ss_c530290cd1446a128d500d1354a7aad4ad548719.1920x1080.jpg?t=1510939147,https://shared.akamai.steamstatic.com/store_item_assets/steam/apps/543270/ss_35b235026e79cbb726c2b663a931a06293f69e80.1920x1080.jpg?t=1510939147,https://shared.akamai.steamstatic.com/store_item_assets/steam/apps/543270/ss_8cba3ad8a3ee12050143efea094743936e7ba999.1920x1080.jpg?t=1510939147,https://shared.akamai.steamstatic.com/store_item_assets/steam/apps/543270/ss_29ffbffb5d4dfaaa8c96a63339eda94504139183.1920x1080.jpg?t=1510939147,https://shared.akamai.steamstatic.com/store_item_assets/steam/apps/543270/ss_3171c9d7fed48d78affb8ed8d614e87047bc264d.1920x1080.jpg?t=1510939147,https://shared.akamai.steamstatic.com/store_item_assets/steam/apps/543270/ss_8f345af41df87e58f29c20f08de855f72354bd09.1920x1080.jpg?t=1510939147,https://shared.akamai.steamstatic.com/store_item_assets/steam/apps/543270/ss_c4da7ae67982657722135f7b44202504015a458f.1920x1080.jpg?t=1510939147,https://shared.akamai.steamstatic.com/store_item_assets/steam/apps/543270/ss_1f4012d2acca36796ece1a6a3521c2ed52794e44.1920x1080.jpg?t=1510939147",Steam,Paid
2254340,Dungeon Slave,"May 25, 2023",0 - 20000,0,18,1.49,75,0,"-Story- a teenager addicted to masturbation. One day, while having fun as usual, her erotic magazine started glowing and suddenly found himself in a fantasy world. and appeared among the three beautiful busty female adventurers as female holy knight Arla Rain, succubus Shena and elf Fiel winberrl, they explain to the youth that the world is in the power of the demon king, and the way to save the world requires the power of a full potion (full potion is the power of a god who able to heal and provide extraordinary strength), currently full potions are legendary items so they are very difficult to obtain, But a teenager who has the power of the full potion in his semen he becomes the hope to save the world under his rule Demon King. -Character- FIEL WINBERRL : shooting arrows with focus on the target deals great damage with the power of the wind fairy gives unlimited rain of arrows skills. ARLA RAIN : female holy knight with the power of protecting comrades, slashing with a greatsword can hit mid-range target, with holy power creates an impenetrable barrier around her. SHENA : a succubus with a scythe in his hand creates a dark aura in every slash, with the power of darkness inside him makes very deadly damage when near him -Features- Follow the story to earn rewards and upgrade your character. the missions will be random whenever you visit the guild master. Complete missions to increase adventurer rank. Explore the dungeons of each floor, and defeat every enemy and boss to complete each mission received. You can switch characters at the same time. if the character loses a lot of HP (Health points) you can visit the inn and do 'Hentai' things and gradually the HP (Health points) will increase automatically. The more you do 'Hentai' stuff the more poses you'll unlock. Upgrade your character by exchanging the gold you receive from guild master quests. Every character has a hentai scene there. There are more than 20+ scenes from 3D to Live2D. Each character has an obscene voice in every scene. Specifically for 3D hentai scenes, you can rotate the camera and speed up the hentai scene by scrolling up/down. Special Live2D Hentai scenes of different modes such as breast squeezing, licking, Orgasm/Cum, etc.",['English'],[],Unknown,https://shared.akamai.steamstatic.com/store_item_assets/steam/apps/2254340/header.jpg?t=1685060475,Unknown,zeexcstudio@gmail.com,True,False,False,0,Unknown,0,0,0,Unknown,11,0,"All character depicted are over the age of 18. This game adult content including full nudity, sexual scenes. make sure you are old enough to play this game.",0,0,0,0,zeexc,zeexc,"Single-player,Steam Achievements,Steam Cloud,Family Sharing",Action,Unknown,"https://shared.akamai.steamstatic.com/store_item_assets/steam/apps/2254340/ss_b77fd86bdf4c46d31c6796eeef40c7c38cd3cc7b.1920x1080.jpg?t=1685060475,https://shared.akamai.steamstatic.com/store_item_assets/steam/apps/2254340/ss_ccdda7ecea1e43d8e6f8d48c6583884f4c3cd7c6.1920x1080.jpg?t=1685060475,https://shared.akamai.steamstatic.com/store_item_assets/steam/apps/2254340/ss_e8f5b7fc7a34c9f086d881267bfa618e834c7938.1920x1080.jpg?t=1685060475,https://shared.akamai.steamstatic.com/store_item_assets/steam/apps/2254340/ss_7a1b17c4fcec966ef1c385958b4c0fae2a89bad2.1920x1080.jpg?t=1685060475,https://shared.akamai.steamstatic.com/store_item_assets/steam/apps/2254340/ss_fdb559743f769e451296525d49528e7c53b63488.1920x1080.jpg?t=1685060475,https://shared.akamai.steamstatic.com/store_item_assets/steam/apps/2254340/ss_431d4a48c4d228e385900098a923f479528e4830.1920x1080.jpg?t=1685060475,https://shared.akamai.steamstatic.com/store_item_assets/steam/apps/2254340/ss_77483eab18cb2c05ad42bb43a7a96be9ff660752.1920x1080.jpg?t=1685060475,https://shared.akamai.steamstatic.com/store_item_assets/steam/apps/2254340/ss_0636b93ce8f6dee075336be1b7fd05db5394ca7b.1920x1080.jpg?t=1685060475",Steam,Paid
1889890,Shinehill,"Sep 18, 2024",0 - 20000,0,0,8.79,0,0,"Being a spy on an unfamiliar planet, anyone would have been greeted with hostility, but you were incredibly lucky! Trusting locals mistook you for a new neighbor and provided you with a house and a plot of land to live on. You'll have to help out the locals: learn their stories, make 'friends' or even something more. Win favour of the villagers, impress them with your achievements. Become a champion fisherman by showing patience and wits. Engage in farming and grow various crops. Descend and explore the long-abandoned dungeons that hide secrets of the island. Show off your culinary skills by cooking flavourful dishes. What drew attention of the command to this planet? Is this really a paradise island, or is its allure merely a deceptive facade? Get to know your new friends better and find the one who really holds a threat to everyone.","['English', 'Russian', 'French', 'German', 'Spanish - Spain', 'Simplified Chinese', 'Korean', 'Turkish', 'Japanese', 'Portuguese - Brazil', 'Polish']",[],Unknown,https://shared.akamai.steamstatic.com/store_item_assets/steam/apps/1889890/header.jpg?t=1758046674,https://peachbitegamestudio@gmail.com,peachbitegamestudio@gmail.com,True,False,False,0,Unknown,0,98,3,Unknown,42,133,Unknown,0,0,0,0,Peach Bite,Peach Bite,"Single-player,Steam Achievements,Full controller support,Steam Cloud,Family Sharing","Adventure,Casual,Indie,RPG,Simulation,Early Access","Early Access,RPG,Pixel Graphics,Story Rich,Dating Sim,Life Sim,Choices Matter,Open World,Exploration,Cute,Adventure,Anime,Farming Sim,Fishing,Puzzle,Casual,Singleplayer,Indie,2D,Crafting","https://shared.akamai.steamstatic.com/store_item_assets/steam/apps/1889890/ss_a0da80bcf027ed0ddba5f6126d7d0534b3ff34a8.1920x1080.jpg?t=1758046674,https://shared.akamai.steamstatic.com/store_item_assets/steam/apps/1889890/ss_0073da6c6acafb9f83128c90daedd0a1c0208791.1920x1080.jpg?t=1758046674,https://shared.akamai.steamstatic.com/store_item_assets/steam/apps/1889890/ss_33a9d1a7b8ae64007d0e1dc364e8733e20fdfa04.1920x1080.jpg?t=1758046674,https://shared.akamai.steamstatic.com/store_item_assets/steam/apps/1889890/ss_411a1804bf69c880328b1356508ca13dba7be335.1920x1080.jpg?t=1758046674,https://shared.akamai.steamstatic.com/store_item_assets/steam/apps/1889890/ss_267cd4bcf7b21c52a2c086ac911a09f400ccc836.1920x1080.jpg?t=1758046674,https://shared.akamai.steamstatic.com/store_item_assets/steam/apps/1889890/ss_3512fef59d822334b2fceda72e7d16daa9dc9a28.1920x1080.jpg?t=1758046674,https://shared.akamai.steamstatic.com/store_item_assets/steam/apps/1889890/ss_c5ecb2c5c8f0c356c91e537b1aea22586460d845.1920x1080.jpg?t=1758046674,https://shared.akamai.steamstatic.com/store_item_assets/steam/apps/1889890/ss_11e23fb999d6399165e9c3c7bb36df5d14b8ee55.1920x1080.jpg?t=1758046674,https://shared.akamai.steamstatic.com/store_item_assets/steam/apps/1889890/ss_52091160fcc9632a9028af96264c5b6536d02c1c.1920x1080.jpg?t=1758046674,https://shared.akamai.steamstatic.com/store_item_assets/steam/apps/1889890/ss_acc7e938264cb264a2fb741df6e6e94fee11d482.1920x1080.jpg?t=1758046674,https://shared.akamai.steamstatic.com/store_item_assets/steam/apps/1889890/ss_a1ec06f964dd8dea38e01b141293485ded5f25c0.1920x1080.jpg?t=1758046674",Steam,Paid
3854780,Squidly's Revenge,"Nov 6, 2025",0 - 20000,0,0,2.99,40,0,"Squidly wasn’t a hero. He was just a squishy little reef-dweller with more heart than muscle. But when Lord Azure and his Abyssal Cult started dragging folks into the deep and wrecking his home, even a squid has his limits. Then Poseidon — ancient sea god, part-time drama queen — blessed him with divine power and one mission: get revenge. Now, in this fast-paced underwater roguelike , Squidly fights back using whatever weapons his enemies drop — from mantis shrimp knuckle dusters to barnacle blasters. Every run is randomized , chaotic, and packed with cartoon mayhem. Survive waves of enemies , steal their gear , and take on the ocean's deadliest bosses. He’s underqualified. He’s overpowered. He’s out for revenge. Welcome to Squidly’s Revenge — a deep-sea brawl for the ages. Features Challenge powerful bosses, defeat them to steal their boss abilities Survive waves of enemies and bosses till the very end  Activate run modifiers that ramp up difficulty - and the rewards. Mix and match to tailor the perfect run Earn permanent upgrades between runs  No two runs are the same - randomized bosses and enemies to keep you on your toes (tentacles?) An Endless Game Mode for infinite replayability.",['English'],['English'],Unknown,https://shared.akamai.steamstatic.com/store_item_assets/steam/apps/3854780/42033973baacad20b8453b9481083ed4d4d48e84/header.jpg?t=1764870312,Unknown,press@howlingwolf.games,True,False,False,0,Unknown,0,0,0,Unknown,10,0,Unknown,0,0,0,0,Howling Wolf Games,Howling Wolf Games,"Single-player,Steam Achievements,Custom Volume Controls,Playable without Timed Input,Save Anytime,Steam Cloud,Family Sharing","Action,Casual,Indie",Unknown,"https://shared.akamai.steamstatic.com/store_item_assets/steam/apps/3854780/57088d7935c7ba4310ecd2d679fec303a8469ca4/ss_57088d7935c7ba4310ecd2d679fec303a8469ca4.1920x1080.jpg?t=1764870312,https://shared.akamai.steamstatic.com/store_item_assets/steam/apps/3854780/02e39e2aa31d302b280e9856dc8624701c16ea39/ss_02e39e2aa31d302b280e9856dc8624701c16ea39.1920x1080.jpg?t=1764870312,https://shared.akamai.steamstatic.com/store_item_assets/steam/apps/3854780/f969e6dd2ab5e69c04a9bad9ec8324051e5f6b3b/ss_f969e6dd2ab5e69c04a9bad9ec8324051e5f6b3b.1920x1080.jpg?t=1764870312,https://shared.akamai.steamstatic.com/store_item_assets/steam/apps/3854780/22119f3394be308ffa91b0765b29a25e03b5771c/ss_22119f3394be308ffa91b0765b29a25e03b5771c.1920x1080.jpg?t=1764870312,https://shared.akamai.steamstatic.com/store_item_assets/steam/apps/3854780/5f209e00ed12bc1755758c2b036a20b9db327019/ss_5f209e00ed12bc1755758c2b036a20b9db327019.1920x1080.jpg?t=1764870312,https://shared.akamai.steamstatic.com/store_item_assets/steam/apps/3854780/a60bf950841e7041e72aa8563e1dda0ea739d26b/ss_a60bf950841e7041e72aa8563e1dda0ea739d26b.1920x1080.jpg?t=1764870312,https://shared.akamai.steamstatic.com/store_item_assets/steam/apps/3854780/450acb77c2f4f02c3a0fececd4c5ad858c74e4bb/ss_450acb77c2f4f02c3a0fececd4c5ad858c74e4bb.1920x1080.jpg?t=1764870312,https://shared.akamai.steamstatic.com/store_item_assets/steam/apps/3854780/382445e4a4a5fedf5ec8b766e40a1fe15701daf9/ss_382445e4a4a5fedf5ec8b766e40a1fe15701daf9.1920x1080.jpg?t=1764870312,https://shared.akamai.steamstatic.com/store_item_assets/steam/apps/3854780/4b074f1d50af5065cafb1c449d4dbf00d0dc9a3f/ss_4b074f1d50af5065cafb1c449d4dbf00d0dc9a3f.1920x1080.jpg?t=1764870312,https://shared.akamai.steamstatic.com/store_item_assets/steam/apps/3854780/e0d27029983d6e4cdeaee29066f119a322705c65/ss_e0d27029983d6e4cdeaee29066f119a322705c65.1920x1080.jpg?t=1764870312,https://shared.akamai.steamstatic.com/store_item_assets/steam/apps/3854780/62854f1d6fa190bc9cb04b70c46f062950859163/ss_62854f1d6fa190bc9cb04b70c46f062950859163.1920x1080.jpg?t=1764870312,https://shared.akamai.steamstatic.com/store_item_assets/steam/apps/3854780/8b91ee8f20272de34eff01acacedd7413e0ef424/ss_8b91ee8f20272de34eff01acacedd7413e0ef424.1920x1080.jpg?t=1764870312",Steam,Paid
3478720,Trail of Angels,"Mar 12, 2025",0 - 20000,0,0,14.99,0,0,"'Trail of Angels' is an extraordinary experience and a transformative VR journey that delves into profound themes of human existence, the nature of the world, and the essence of being, all brought to life through the captivating works of renowned artist, composer, and visionary who merged symbolism, music, and early abstraction, Mikalojus Ciurlionis. Debuting at the Venice Film Festival and winner of the prestigious Lumen Prize for Art and Technology, Trail of Angels uniquely combines art, music and emotional storytelling to create an immersive experience. Join us to embark on this unique VR journey that invites reflection, exploration, and emotional resonance. Embark on an unforgettable journey through his mesmerizing works and explore the depths of his artistic vision in a captivating virtual reality experience that resonates with emotion and beauty. Don't miss your chance to engage with art in a revolutionary way! Experience 'Trail of Angels' – Where Art Meets Virtual Reality!  Creators: Director Kristina Buožytė, Producer Vitalijus Žukas",['English'],[],Unknown,https://shared.akamai.steamstatic.com/store_item_assets/steam/apps/3478720/header.jpg?t=1746515632,Unknown,business@skyjetsoft.com,True,False,False,0,Unknown,0,9,1,Unknown,0,0,Unknown,0,0,0,0,UAB Skyjet Software,UAB Skyjet Software,"Single-player,VR Only,Family Sharing","Adventure,Casual,Indie","VR,Singleplayer,Atmospheric,Casual,Family Friendly,Indie,Video Production,Cartoony,Adventure","https://shared.akamai.steamstatic.com/store_item_assets/steam/apps/3478720/ss_1f3738e785c42955ec8b05674d94811b071bcf51.1920x1080.jpg?t=1746515632,https://shared.akamai.steamstatic.com/store_item_assets/steam/apps/3478720/ss_05209ce3cd96c041b64e0df15d37c2092cf6b64b.1920x1080.jpg?t=1746515632,https://shared.akamai.steamstatic.com/store_item_assets/steam/apps/3478720/ss_89496800dcf50021c3e1517bce98856906cc861c.1920x1080.jpg?t=1746515632,https://shared.akamai.steamstatic.com/store_item_assets/steam/apps/3478720/ss_fd5d443c592d8b3f49425fb7d350ded9f0e0f2c3.1920x1080.jpg?t=1746515632,https://shared.akamai.steamstatic.com/store_item_assets/steam/apps/3478720/ss_2495631f6a0d0033288a5accdbc62d1bfa0aa509.1920x1080.jpg?t=1746515632,https://shared.akamai.steamstatic.com/store_item_assets/steam/apps/3478720/ss_35e026b4195680f9fed6d1a0e4a7487bdef70caa.1920x1080.jpg?t=1746515632,https://shared.akamai.steamstatic.com/store_item_assets/steam/apps/3478720/ss_b637cc7e945818ba59a96dce17dfb97021bf3b76.1920x1080.jpg?t=1746515632",Steam,Paid
2224400,BBirthday - Visual Novel,"Jan 20, 2023",0 - 20000,0,0,6.49,0,0,"Help Bianca to relive the 15 years of her life, but from another perspective 👁️. Enjoy this dreamcore style visual novel with escape room and horror elements. Unlock different endings. ✨ Meet Bianca's friends Discover their true nature and intentions, do they really love Bianca? Explore Bianca's fears Run away from multiple rooms, something terrible is probably waiting for you around the corner. Defeat her nightmares Multiple boss fights, you can select difficulty level from easy to hard. Join to the YunSeven Games community [Includes Premium Version]","['English', 'Spanish - Spain', 'Japanese', 'Portuguese - Brazil', 'French', 'Italian', 'German', 'Korean', 'Spanish - Latin America', 'Portuguese - Portugal', 'Russian']",[],Unknown,https://shared.akamai.steamstatic.com/store_item_assets/steam/apps/2224400/header.jpg?t=1735785611,Unknown,juan.amaro.gamedev@gmail.com,True,False,False,0,Unknown,0,0,0,Unknown,24,0,Unknown,0,0,0,0,Yun Seven,Yun Seven,"Single-player,Steam Achievements,Full controller support,Family Sharing",Indie,"Visual Novel,Multiple Endings,Text-Based,Story Rich,Psychological Horror,Choices Matter,Cute,Female Protagonist,Choose Your Own Adventure,Point & Click,Surreal,2D,RPG,Colorful,Fantasy,Dark Fantasy,Magic,Relaxing,Singleplayer,Casual","https://shared.akamai.steamstatic.com/store_item_assets/steam/apps/2224400/ss_751b35baf1798ec3a8905ff4ed457fa76ea91708.1920x1080.jpg?t=1735785611,https://shared.akamai.steamstatic.com/store_item_assets/steam/apps/2224400/ss_5d6c98a1adfb8135d9c035ea1f3f31946348581e.1920x1080.jpg?t=1735785611,https://shared.akamai.steamstatic.com/store_item_assets/steam/apps/2224400/ss_cdb5e2349f3b9433d45d893e576471266e81a862.1920x1080.jpg?t=1735785611,https://shared.akamai.steamstatic.com/store_item_assets/steam/apps/2224400/ss_52674f9161193e327d3870659f51b4bb5bcd4988.1920x1080.jpg?t=1735785611,https://shared.akamai.steamstatic.com/store_item_assets/steam/apps/2224400/ss_d8504db3f7270f4732b9b0a0068687ba2d433d56.1920x1080.jpg?t=1735785611,https://shared.akamai.steamstatic.com/store_item_assets/steam/apps/2224400/ss_eb2a5697f70b5b873d0f182a29223ceb86b6a874.1920x1080.jpg?t=1735785611,https://shared.akamai.steamstatic.com/store_item_assets/steam/apps/2224400/ss_1aea6db2e3b59230919c74fb722b4b706c4b6b87.1920x1080.jpg?t=1735785611,https://shared.akamai.steamstatic.com/store_item_assets/steam/apps/2224400/ss_8bf724ca05da9034f0a7e506faa191d9758eff0a.1920x1080.jpg?t=1735785611,https://shared.akamai.steamstatic.com/store_item_assets/steam/apps/2224400/ss_73ea5429586fcae1ef9b95bdb6873ee0f97ec0f0.1920x1080.jpg?t=1735785611",Steam,Paid
3100740,Cubidle,"Jul 29, 2024",0 - 20000,0,0,1.79,0,0,"Cubidle is an idle clicker game with various mechanics and gameplay possibilities. Destroy cubes to generate money, prestige and super points. Use each currency to buy upgrades, generators and other powerful features. Use all available resources to complete all difficulty tiers and collect all achievements. GAMEPLAY Click or use passive damage generators to achieve your goals. Complete levels, unlock new difficulty tiers, buy perks, prestige upgrades, evolve your generators and even unlock customization options. UPGRADES Upgrade each generator to maximize your damage. Buy powerful prestige upgrades which require game to be restarted. Unlock new perks and evolve generators. PERKS Buy various perks to unlock new income possibilities. Get a change to convert your damage into income with different conditions and bonuses. INTEREST Invest points to upgrade your stable passive income. Make a billion from one even without clicking or using generators. Perfect idle income wtih various upgrades. CUSTOMIZATION Not only light and dark themes are available. You can choose from eleven colors to customize anything you want. From cubes and generators to interface and scene color. EVOLVING SYSTEM Evolve your generators to break the limits and reach new heights. It requires a lot of resources, but it's worth it if you want to beat all challenges. ACHIEVEMENTS AND RANKING There are 100 achievements hidden in the game. Can you get them all? Also you can try yourself in a ranking competition against other players PHYSICS AND GRAPHICS Every cube destruction is pure physics-based fun. Also you can toggle on and off various visual effects, so you can focus on your own goals.",['English'],[],Unknown,https://shared.akamai.steamstatic.com/store_item_assets/steam/apps/3100740/header.jpg?t=1729070933,Unknown,paulartcc@gmail.com,True,False,False,0,Unknown,0,3,10,Unknown,100,0,Unknown,0,0,0,0,MEDIUM QUALITY GAMES,MEDIUM QUALITY GAMES,"Single-player,Steam Achievements,Steam Cloud,Stats,Steam Leaderboards,Family Sharing","Indie,Simulation","Idler,Clicker,Management,Simulation,Destruction,Physics,Sandbox,Puzzle,Pixel Graphics,God Game,Choices Matter,Isometric,Relaxing,Automation,Abstract,Economy,Minimalist,Resource Management,2D,3D","https://shared.akamai.steamstatic.com/store_item_assets/steam/apps/3100740/ss_87524c00c9878ef2315f54a6cba929b8146b4335.1920x1080.jpg?t=1729070933,https://shared.akamai.steamstatic.com/store_item_assets/steam/apps/3100740/ss_7fd5bf574c16851d86c846b010099467c5818c4c.1920x1080.jpg?t=1729070933,https://shared.akamai.steamstatic.com/store_item_assets/steam/apps/3100740/ss_e725c5eb3ba74f445c9c5283be2906c2f898dd5a.1920x1080.jpg?t=1729070933,https://shared.akamai.steamstatic.com/store_item_assets/steam/apps/3100740/ss_353f4e90711ab20bd6becab61bbf3c9c25774988.1920x1080.jpg?t=1729070933,https://shared.akamai.steamstatic.com/store_item_assets/steam/apps/3100740/ss_df15fd7e8989e7411352334c4c55028c789aea54.1920x1080.jpg?t=1729070933,https://shared.akamai.steamstatic.com/store_item_assets/steam/apps/3100740/ss_d83968aefef57868d72f0cb39efdfe41c696acae.1920x1080.jpg?t=1729070933,https://shared.akamai.steamstatic.com/store_item_assets/steam/apps/3100740/ss_e9b79ced02f117d33666ed6891ec7de28bdfa037.1920x1080.jpg?t=1729070933,https://shared.akamai.steamstatic.com/store_item_assets/steam/apps/3100740/ss_5851f35f7bf3998ace400a635a6cd86727ddb91b.1920x1080.jpg?t=1729070933,https://shared.akamai.steamstatic.com/store_item_assets/steam/apps/3100740/ss_fe10ade77dc28541871afc04c4dec425dd223115.1920x1080.jpg?t=1729070933,https://shared.akamai.steamstatic.com/store_item_assets/steam/apps/3100740/ss_06106ef45a93139475f5b77544e57d6186456922.1920x1080.jpg?t=1729070933",Steam,Paid
40990,Mafia,"Aug 28, 2002",1000000 - 2000000,59,17,4.94,67,0,"It’s 1930. After an inadvertent brush with the mafia, cabdriver Tommy Angelo is reluctantly thrust into the world of organized crime. Initially, he is uneasy about falling in with the Salieri family, but soon the rewards become too big to ignore. As he rises through the ranks, the paydays keep getting bigger, but the jobs get even dirtier. Tommy may ultimately earn the respect of the Salieris, but becoming a Made Man will leave him more conflicted than ever with the new life he has chosen. Experience New Heaven Explore more than 12 square miles of New Heaven, a quintessential 1930's American city based on historic Depression-era architecture and culture. Authentic Story and Action-packed Gameplay Play more than 20 thrilling missions inspired by events from the 1930’s. Rise through the ranks of the Salieri family from foot-soldier to Made Man, taking on mob hits, car chases, bootlegging, shootouts, bank robberies and more. Era-inspired Vehicles and Weapons As a daring getaway driver, get behind the wheel of more than 60 historically-inspired cars featuring realistic physics and real-time damage. Complete those grittier jobs with more than a dozen weapons at your disposal. Choose from baseball bats, sawed-off shotguns, magnums and the renowned Tommy gun to deal with any wise guy who dares to cross you. Note: This rerelease of Mafia has an edited soundtrack and does not include any licensed music.","['English', 'French', 'German', 'Italian', 'Spanish - Spain', 'Czech', 'Polish', 'Russian']","['English', 'French', 'German', 'Italian', 'Spanish - Spain', 'Czech', 'Russian']",Unknown,https://shared.akamai.steamstatic.com/store_item_assets/steam/apps/40990/header.jpg?t=1746716619,https://mafia.2k.com/,Unknown,True,False,False,88,https://www.metacritic.com/game/pc/mafia?ftag=MCD-06-10aaa1f,0,13346,1911,Unknown,0,8564,Unknown,338,78,39,78,Illusion Softworks,2K,"Single-player,Family Sharing","Action,Adventure","Action,Story Rich,Crime,Open World,Classic,Atmospheric,Singleplayer,Great Soundtrack,Third Person,Violent,Adventure,Third-Person Shooter,Shooter,Difficult,Cult Classic,Multiplayer,Racing,Drama,Historical,Controller","https://shared.akamai.steamstatic.com/store_item_assets/steam/apps/40990/ss_0f77fc326636cfeed6b7a71e7658427520b6ac04.1920x1080.jpg?t=1746716619,https://shared.akamai.steamstatic.com/store_item_assets/steam/apps/40990/ss_1e931637026169f5f72d9171b4ea6cc88bdbe97d.1920x1080.jpg?t=1746716619,https://shared.akamai.steamstatic.com/store_item_assets/steam/apps/40990/ss_b9fc2a0dcbf37124eaa31eaced914f0cf5d43071.1920x1080.jpg?t=1746716619,https://shared.akamai.steamstatic.com/store_item_assets/steam/apps/40990/ss_fb424f0623d9f14c48d0e1af7ccc504a0d97f74b.1920x1080.jpg?t=1746716619,https://shared.akamai.steamstatic.com/store_item_assets/steam/apps/40990/ss_b4fd4ae97faf7ee09f7d542fa933a371858dec69.1920x1080.jpg?t=1746716619,https://shared.akamai.steamstatic.com/store_item_assets/steam/apps/40990/ss_89d889813dfbcca3c3177e554b0c1e6134dcee34.1920x1080.jpg?t=1746716619,https://shared.akamai.steamstatic.com/store_item_assets/steam/apps/40990/ss_ae0e237a63d7939ca3adcdc3dca12db2ee50b0d6.1920x1080.jpg?t=1746716619,https://shared.akamai.steamstatic.com/store_item_assets/steam/apps/40990/ss_ea8ed607c75a88f17d9c24f6132a570216d6f328.1920x1080.jpg?t=1746716619,https://shared.akamai.steamstatic.com/store_item_assets/steam/apps/40990/ss_2a8ac225339270fca6c7d40db6905ca8bba41849.1920x1080.jpg?t=1746716619,https://shared.akamai.steamstatic.com/store_item_assets/steam/apps/40990/ss_56c4f5dded59148187491cda772ca70b46c5cff0.1920x1080.jpg?t=1746716619,https://shared.akamai.steamstatic.com/store_item_assets/steam/apps/40990/ss_0e0a128c7456614ff7992670f3bf056e54547fd2.1920x1080.jpg?t=1746716619",Steam,Paid
427240,Cosmic Trip,"May 24, 2017",20000 - 50000,1,0,9.99,50,2,"(Credit: VR Nerds) You’ve been deployed on an alien planet full of hostile enemies. You must defend yourself by building and commanding an army of cosmo bots to gather resources and destroy the opposition. Built from the ground up for VR, Cosmic Trip lets you experience real-time strategy like never before. Feel what it’s like to destroy alien enemies using futuristic weapons. Strategically build swarms of badass robots to defend yourself and gather materials. FEATURES Intuitive VR-Native Controls No more sitting and clicking! Cosmic Trip places you in the center of the action with some of the most intuitive controls found in a VR game to date. Stunning Visuals Nominated for best art direction at the 2016 Proto Awards and best visual design at the 2016 VR Core awards, Cosmic Trip features color-rich alien worlds and beautiful environments. True Real-Time Strategy in VR Cosmic Trip features a full no-compromises real-time strategy mode, built natively for VR with help from our Early Access community. Feel what it’s like to blast away enemies with your turret, listen to groovy tunes provided to you by your pal, friend bot and watch as your army of robots gather resources and destroy alien forces right in front of your face! MAJOR FEATURES ADDED SINCE EARLY ACCESS LAUNCH: New Game Modes: 3 New game modes have been added since launching to early access (including the fully featured strategy mode!) New Environments: The starting planet has been greatly expanded and 4 all-new areas have been added, including the new Cave and Waterfall areas. New Bots: The bot family has grown since launch, now with a variety of attack types and a Medic to keep everyone in good shape. New Weapons: Many new futuristic weapons have been added, including the Bubble gun, Plasma shield, and grenade weapon. Oculus Touch Support: Full Oculus Touch support with in-game model of touch controllers for Rift version. Twitch Mode: Join in from chat while watching a live stream. Spawn items to help, or enemies to hinder the player. Other Additions: Added home spaceship, added Leaderboard, added Minimap and much more...","['English', 'German', 'Japanese', 'Simplified Chinese', 'Traditional Chinese', 'French', 'Korean']","['English', 'German', 'Japanese', 'Simplified Chinese', 'Traditional Chinese', 'French', 'Korean']",“Cosmic Trip is a Wonderful First-Person VR Strategy Game” UploadVR “Cosmic Trip is one of those strategy games which just does everything right” 4.5/5 – TheVRBase “A strategy title that ticks all the right boxes” 5/5 – VRFocus,https://shared.akamai.steamstatic.com/store_item_assets/steam/apps/427240/header.jpg?t=1725382268,https://funktroniclabs.com/,support@funktroniclabs.com,True,False,False,0,Unknown,0,445,79,Unknown,7,407,Unknown,100,0,131,0,Funktronic Labs,Funktronic Labs,"Single-player,Steam Achievements,Tracked Controller Support,VR Only,VR Support,SteamVR Collectibles,Steam Leaderboards,Family Sharing","Action,Adventure,Indie,Strategy","VR,Singleplayer,FPS,Action RTS,Tower Defense,RTS,PvE,Strategy,Shooter,Action-Adventure,First-Person,3D,Gun Customization,Resource Management,Action,Anime,Cartoony,Colorful,Sci-fi,Space","https://shared.akamai.steamstatic.com/store_item_assets/steam/apps/427240/ss_32f8265a4d439f63fbc27c3847558a7d1b1ff607.1920x1080.jpg?t=1725382268,https://shared.akamai.steamstatic.com/store_item_assets/steam/apps/427240/ss_6e1ce3b72bd3c1aa4df9fe9302f9b0533c8be099.1920x1080.jpg?t=1725382268,https://shared.akamai.steamstatic.com/store_item_assets/steam/apps/427240/ss_5b43dc6eff6b4ea6d9ed1352069212e9fdb6b5f9.1920x1080.jpg?t=1725382268,https://shared.akamai.steamstatic.com/store_item_assets/steam/apps/427240/ss_dd76b6b74ac8a7be204bedf01768457344c901db.1920x1080.jpg?t=1725382268,https://shared.akamai.steamstatic.com/store_item_assets/steam/apps/427240/ss_b7013199a27a550c9ae438f418cfe6368b698fec.1920x1080.jpg?t=1725382268,https://shared.akamai.steamstatic.com/store_item_assets/steam/apps/427240/ss_d3a67974cd15703a08da09fe55fc6fab6b444d26.1920x1080.jpg?t=1725382268,https://shared.akamai.steamstatic.com/store_item_assets/steam/apps/427240/ss_62de6b6013bcad91445ec219e389faa4ad446704.1920x1080.jpg?t=1725382268,https://shared.akamai.steamstatic.com/store_item_assets/steam/apps/427240/ss_dd8f7b2ba9bc49fb9384a7bfa8baa8ba6183b618.1920x1080.jpg?t=1725382268,https://shared.akamai.steamstatic.com/store_item_assets/steam/apps/427240/ss_5460cdfa60d2ca4582c78d21927d8f8ed1ff1143.1920x1080.jpg?t=1725382268",Steam,Paid
3381840,Caveman hits Giraffe in a Car Playtest,"Dec 5, 2024",0 - 0,0,0,0.0,0,0,Unknown,[],[],Unknown,https://shared.akamai.steamstatic.com/store_item_assets/steam/apps/3381840/header.jpg?t=1739028259,Unknown,Unknown,True,False,False,0,Unknown,0,0,0,Unknown,0,0,Unknown,0,0,0,0,Unknown,Unknown,Unknown,Unknown,Unknown,Unknown,Steam,Free
1958130,The Backrooms: Found Footage,"Jul 3, 2022",0 - 20000,0,0,6.99,0,0,"WELCOME TO THE BACKROOMS THE BACKROOMS: FOUND FOOTAGE is a relatively simple survival horror game with rogue-lite elements where you , the protagonist- find yourself trapped in a seemingly infinite maze of office spaces. Your single goal is to escape by finding provisions to survive and collecting notes that will lead you towards the exit- all while dealing with dangerous creatures called entities. 600 MILLION SQUARE MILES The known Backrooms consists of approximately 600 million square miles of randomly segmented office spaces, and is continuously lit by distracting, buzzing lights. Get the 'Traditional' backrooms experience as you traverse multiple levels and encounter entities like the Smiler , or try out Purist mode so you can properly immerse yourself in your surreal setting. DESCENT INTO MADNESS The very nature of the Backrooms eats away at the mental and physical strength of its inhabitants, requiring them to meditate, and rely on substances like Almond Water for sustenance. In the Backrooms you will have to scavenge to survive, using your knowledge of lore to make the right decisions. As you progress you will unlock new madness-induced hallucinations, new usable items, and permanent stat buffs, which will benefit you on subsequent playthroughs. YOU ARE NOT ALONE You are not the first person to be stuck in the Backrooms, nor the only thing inhabiting it. Throughout your escape you will gather information left by those who came before you. Unlock journal entries related to new entities, and build on your knowledge. Learn from their mistakes and remember- If you hear anything wandering nearby, it's definitely already heard you.","['English', 'French', 'Italian', 'German', 'Spanish - Spain', 'Russian', 'Spanish - Latin America', 'Ukrainian']","['English', 'French', 'Italian', 'German', 'Spanish - Spain', 'Russian', 'Spanish - Latin America', 'Ukrainian']",Unknown,https://shared.akamai.steamstatic.com/store_item_assets/steam/apps/1958130/header.jpg?t=1658381764,https://baddweather.itch.io/the-backrooms-found-footage/devlog/402175/press-kit,backroomsff@hotmail.com,True,False,False,0,Unknown,0,40,17,Unknown,27,0,Unknown,0,0,0,0,BaddWeather,Euclid Games,"Single-player,Steam Achievements,Partial Controller Support,Family Sharing","Action,Adventure,Casual","Exploration,Collectathon,Dungeon Crawler,Rogue-lite,Walking Simulator,Rogue-like,3D,First-Person,Horror,Psychological Horror,Surreal,Lore-Rich,Controller,Nonlinear,Procedural Generation,Story Rich,Action,Casual,Abstract,Realistic","https://shared.akamai.steamstatic.com/store_item_assets/steam/apps/1958130/ss_19f61f6fc2bb37780c30ddddac5828020f51fe98.1920x1080.jpg?t=1658381764,https://shared.akamai.steamstatic.com/store_item_assets/steam/apps/1958130/ss_126538a8f551435205d78cda02da8765e328caa6.1920x1080.jpg?t=1658381764,https://shared.akamai.steamstatic.com/store_item_assets/steam/apps/1958130/ss_974ca5a755d0c81c43fbce6d1f76dc7273616c4f.1920x1080.jpg?t=1658381764,https://shared.akamai.steamstatic.com/store_item_assets/steam/apps/1958130/ss_238a0e50e7720d91467b39219ec2325d1bd6810d.1920x1080.jpg?t=1658381764,https://shared.akamai.steamstatic.com/store_item_assets/steam/apps/1958130/ss_6be149c3a529a11000902b99de5bbb94bdae3d59.1920x1080.jpg?t=1658381764,https://shared.akamai.steamstatic.com/store_item_assets/steam/apps/1958130/ss_de083e97acd17aa81280f65a98c38be416ebdab7.1920x1080.jpg?t=1658381764,https://shared.akamai.steamstatic.com/store_item_assets/steam/apps/1958130/ss_1609b71ecbec0147324911cacb56c6fdef6053f0.1920x1080.jpg?t=1658381764",Steam,Paid
535350,Elderine: Dreams to Destiny,"Jan 15, 2019",20000 - 50000,0,0,3.99,0,1,"About Elderine: Magic, riddles, new friendships and a quest to discover himself amid a world grasped by a dark, ancient evil. An ordinary boy, who finds himself in the least ordinary of circumstances. Jason always wanted to live in a fantasy world, to escape from homework, school, his boring life and most of all his overbearing aunt. Luck was in course for this young boy, as he soon finds himself magically warped to the land of Hasparia. A land where magic, monsters, mysterious creatures and heroes really do exist. With a fledgling wizard a strange imp and others as companions, Jason sets off on his own journey of discovery, in this strange world that he now must call home. It's not all adventure, though, as Jason is the prophesied hero who will destroy the dark evil engulfing the lands. At every turn, they are constantly evading the scope of a mysterious force. Who, as it seems will stop at nothing until their quest has failed! Dreams really can become Destiny. Features: Zelda style role-playing game. Story-Driven Adventure. Real time combat system. Grow stronger with each dungeon you master. Skills e.g. Crafting and farming. Go fishing - just because you can. Own a farm, become a farmer - An adventure in itself! Restore a plot of land so you can farm,fish and build a guild. Rescue various people who will offer you quests, skills and offer you services. Find and collect relics and trophies. Original Music created specifically to accompany the storytelling experience.",['English'],[],Unknown,https://shared.akamai.steamstatic.com/store_item_assets/steam/apps/535350/header.jpg?t=1581014130,http://www.blackalchemygames.com,contact@blackalchemygames.com,True,False,False,0,Unknown,0,4,3,Unknown,0,0,Unknown,7,0,7,0,Black Alchemy Games,Black Alchemy Games,"Single-player,Partial Controller Support,Family Sharing","Indie,RPG","Indie,RPG,Farming,Crafting,Great Soundtrack,Exploration,RPGMaker","https://shared.akamai.steamstatic.com/store_item_assets/steam/apps/535350/ss_1216d2ae1da13917c32a51cc5773a3f36db28250.1920x1080.jpg?t=1581014130,https://shared.akamai.steamstatic.com/store_item_assets/steam/apps/535350/ss_5d06c23e25a9e48c75d83f43137a639800977473.1920x1080.jpg?t=1581014130,https://shared.akamai.steamstatic.com/store_item_assets/steam/apps/535350/ss_876281e6aed7fcd7eb9d14c1449e3f586b29331c.1920x1080.jpg?t=1581014130,https://shared.akamai.steamstatic.com/store_item_assets/steam/apps/535350/ss_b5e43a8950b47420b99720e35971fbf9a6040658.1920x1080.jpg?t=1581014130,https://shared.akamai.steamstatic.com/store_item_assets/steam/apps/535350/ss_7934b8d2574c8988c45a2a45290375a4cd131b09.1920x1080.jpg?t=1581014130,https://shared.akamai.steamstatic.com/store_item_assets/steam/apps/535350/ss_085769b9db1131a7e164729d884830314594d426.1920x1080.jpg?t=1581014130,https://shared.akamai.steamstatic.com/store_item_assets/steam/apps/535350/ss_92adb668d5d0b70ff557b3237e554454ae06e6f5.1920x1080.jpg?t=1581014130,https://shared.akamai.steamstatic.com/store_item_assets/steam/apps/535350/ss_5d468816c25aff386c84de155012ecb812c36ff3.1920x1080.jpg?t=1581014130,https://shared.akamai.steamstatic.com/store_item_assets/steam/apps/535350/ss_5481ceaf4eddfcdd38fe5bee9887dc570a9d9d10.1920x1080.jpg?t=1581014130,https://shared.akamai.steamstatic.com/store_item_assets/steam/apps/535350/ss_de7a2bd6daa503fbb2b254b8341d4ae9c7f96389.1920x1080.jpg?t=1581014130,https://shared.akamai.steamstatic.com/store_item_assets/steam/apps/535350/ss_a52a0f60fefabc1179898c1335037e289fb2d6b5.1920x1080.jpg?t=1581014130",Steam,Paid
2154710,Elite Comet,"Sep 30, 2022",0 - 20000,0,0,0.99,0,0,"Prepare for an out-of-this-world experience in Elite Comet, the cutting-edge comet simulation game that thrusts you into futuristic-style combat and light-speed chaos. With streamlined controls and a focus on physics-driven competition, Elite Comet is your ticket to an immersive gaming adventure. In Elite Comet's Beta 0.1.0, get ready to engage in thrilling multiplayer battles like never before. Challenge yourself and your friends as you face off against 10 AIs or 10 fellow players in intense cosmic warfare. Customize the game to your liking by adjusting health and lives for all participants, creating a truly unique and adrenaline-pumping experience. Dive into the chaos of space battles, where every decision matters and every shot counts. Will you emerge victorious in this interstellar arena, or will you be left floating in the cosmic dust? Your journey begins now in Elite Comet Beta 0.1.0. Strap in and prepare for an electrifying ride through the stars.","['English', 'French', 'German', 'Japanese', 'Portuguese - Brazil', 'Simplified Chinese']",[],Unknown,https://shared.akamai.steamstatic.com/store_item_assets/steam/apps/2154710/header.jpg?t=1700580936,https://www.shangkostudio.com/kanea-speed,support@shangkostudio.com,True,False,True,0,Unknown,0,5,0,Unknown,0,0,Unknown,0,0,0,0,ShangkoStudio,ShangkoStudio,"Single-player,Multi-player,PvP,Online PvP,LAN PvP,Full controller support,Steam Cloud,Family Sharing","Action,Casual,Indie","2D Platformer,PvE,Platformer,2D Fighter,Strategy,2.5D,Action,Casual,Minimalist,Stealth,Sci-fi,Science,Space,Atmospheric,Cinematic,Quick-Time Events,Singleplayer,Simulation,Space Sim,Flight","https://shared.akamai.steamstatic.com/store_item_assets/steam/apps/2154710/ss_4e5bb2e89a14cfbfdd80643d97796cfd5b431ae3.1920x1080.jpg?t=1700580936,https://shared.akamai.steamstatic.com/store_item_assets/steam/apps/2154710/ss_037f180b4a5bff8e580f74eff3b6beb5a907f00c.1920x1080.jpg?t=1700580936,https://shared.akamai.steamstatic.com/store_item_assets/steam/apps/2154710/ss_a422408d8d4e765fb359f6a8ac8aadb96a3e331a.1920x1080.jpg?t=1700580936,https://shared.akamai.steamstatic.com/store_item_assets/steam/apps/2154710/ss_0ef55cffbd5efb5d89e9a79b857693bf2bd22429.1920x1080.jpg?t=1700580936,https://shared.akamai.steamstatic.com/store_item_assets/steam/apps/2154710/ss_7aa39d705a1b5cd8576bf58bbfe977bae25b72f6.1920x1080.jpg?t=1700580936,https://shared.akamai.steamstatic.com/store_item_assets/steam/apps/2154710/ss_6d525ae9dff2ac426546b7e9faa817ae16b422b0.1920x1080.jpg?t=1700580936,https://shared.akamai.steamstatic.com/store_item_assets/steam/apps/2154710/ss_e629206a77ecfa0450ac844f1b640f6eb42710ae.1920x1080.jpg?t=1700580936,https://shared.akamai.steamstatic.com/store_item_assets/steam/apps/2154710/ss_827047e63995902d0e7158c395155b0033835057.1920x1080.jpg?t=1700580936",Steam,Paid
2659580,Project Scar,"Jan 31, 2024",0 - 20000,0,0,0.99,0,0,"Project Scar is a platform game and Endless Runner, enemies and platforms are randomly generated. You are Scar, the Traveler of the worlds, one day you traveled to a hostile world full of great Goblins (Skull, Red and Green) who stole your travel ship and left you in an endless jungle. Go as far as you can by getting high scores, but it won't be easy. Dodge, escape and defeat the enemies that will chase you. Keep moving or you'll end up sealing your fate. Have fun and break your records to show off to friends and family, spend time controlling Scar and kill Goblins or run away from them, each new game a new challenge with random appearances and random platforms.","['English', 'Portuguese - Brazil']",[],Unknown,https://shared.akamai.steamstatic.com/store_item_assets/steam/apps/2659580/header.jpg?t=1706739573,Unknown,projectscar@bghstudios.com.br,True,False,False,0,Unknown,0,0,1,Unknown,0,0,Unknown,0,0,0,0,"Beasts, Goblins and Hellfire Studios","Beasts, Goblins and Hellfire Studios","Single-player,Family Sharing","Action,Casual,Indie","Action,Casual,Platformer,Runner,2D Platformer,2D,Pixel Graphics,Nature,Family Friendly,Indie,Relaxing,PvE,Singleplayer","https://shared.akamai.steamstatic.com/store_item_assets/steam/apps/2659580/ss_93bdc00d60ad39ad3878beb77b77b0f313270dd9.1920x1080.jpg?t=1706739573,https://shared.akamai.steamstatic.com/store_item_assets/steam/apps/2659580/ss_1099c220bcf4f39a54ce61082cae76230bb1fac4.1920x1080.jpg?t=1706739573,https://shared.akamai.steamstatic.com/store_item_assets/steam/apps/2659580/ss_58747c073e9c0066b41ff1ec79b5e39425df1d6a.1920x1080.jpg?t=1706739573,https://shared.akamai.steamstatic.com/store_item_assets/steam/apps/2659580/ss_aaf6e79a4c33da5aa932533614bbba01f541b903.1920x1080.jpg?t=1706739573,https://shared.akamai.steamstatic.com/store_item_assets/steam/apps/2659580/ss_5c214700db367f60f2aa47e787a60a694b76af6f.1920x1080.jpg?t=1706739573,https://shared.akamai.steamstatic.com/store_item_assets/steam/apps/2659580/ss_00c268543bbdaeaef8733a41af1d8c31d18a2466.1920x1080.jpg?t=1706739573",Steam,Paid
2748880,Grim's Gambit,"Jan 18, 2024",0 - 0,0,0,0.0,0,0,"Take a Coffee Break While Death Awaits. In Grim's Gambit, step into the shoes of Nox, who faces an unexpected twist of fate—trading death for a life behind the counter of an enigmatic coffee shop within the eerie Stygian Keep. As Nox, you're sentenced to an otherworldly coffee shop in the desolate Stygian Keep instead of facing death. With amnesia clouding your past, you'll navigate a series of interactive puzzles and engage with unique characters to piece together your story. Experience a blend of dark mystery and quirky humor as you uncover secrets, confront existential themes, and redefine what it means to be alive in a world suspended between realms. Death Denied, Coffee Supplied: Your New Role in the Underworld! In Chapter 2 of Grim's Gambit, players continue Nox's thrilling journey through the Stygian Keep. Following the chaotic and darkly humorous events of the coffee shop, Nox faces new challenges and uncovers deeper mysteries. As he navigates through the Stygian Keep, he must manage the bustling demands of the coffee shop, meet intriguing new characters, and investigate the hidden secrets of this eerie realm. chapter 1 &amp; 2 Available Now! For development and game updates, follow our official Instagram Page: @grimsgambit",['English'],[],Unknown,https://shared.akamai.steamstatic.com/store_item_assets/steam/apps/2748880/header.jpg?t=1721868373,https://www.instagram.com/grimsgambit?igsh=OGQ5ZDc2ODk2ZA%3D%3D&amp;utm_source=qr,grimsgambit@gmail.com,True,True,False,0,Unknown,0,0,0,Unknown,0,0,Unknown,0,0,0,0,Christopher Baboolal,Christopher Baboolal,Single-player,"Casual,Indie",Unknown,"https://shared.akamai.steamstatic.com/store_item_assets/steam/apps/2748880/ss_15eb51141b38d1e92861bdf2b0617edffc6835cf.1920x1080.jpg?t=1721868373,https://shared.akamai.steamstatic.com/store_item_assets/steam/apps/2748880/ss_2448a6c7f581ec1a2dfb17fda338d9973caeb6d8.1920x1080.jpg?t=1721868373,https://shared.akamai.steamstatic.com/store_item_assets/steam/apps/2748880/ss_eb209f67cd2f270a835ad9ddbf41721b75a756c5.1920x1080.jpg?t=1721868373,https://shared.akamai.steamstatic.com/store_item_assets/steam/apps/2748880/ss_ba538d11ff0ef9b4417babb5692d2e61ed58c04f.1920x1080.jpg?t=1721868373,https://shared.akamai.steamstatic.com/store_item_assets/steam/apps/2748880/ss_ddbb4c74218346c40ac0ac1fca3b5d3bea8f20b0.1920x1080.jpg?t=1721868373,https://shared.akamai.steamstatic.com/store_item_assets/steam/apps/2748880/ss_8d4823d2ddc0072dd9101895a38802a73c4ce068.1920x1080.jpg?t=1721868373,https://shared.akamai.steamstatic.com/store_item_assets/steam/apps/2748880/ss_f47ca132b2a0d06c9e3b1dfa6fba9a7ec54c35e3.1920x1080.jpg?t=1721868373,https://shared.akamai.steamstatic.com/store_item_assets/steam/apps/2748880/ss_06ec2cf05a2c7986901cbabf1221e2a7a635e62d.1920x1080.jpg?t=1721868373,https://shared.akamai.steamstatic.com/store_item_assets/steam/apps/2748880/ss_2fd7212afccb5b9df7a62e444c1bfea254cfe8d6.1920x1080.jpg?t=1721868373,https://shared.akamai.steamstatic.com/store_item_assets/steam/apps/2748880/ss_0d5bc6671902e9c1f8e334afb95a6f56e8cda21f.1920x1080.jpg?t=1721868373",Steam,Free
1840780,Love Accident,"Jan 7, 2022",0 - 20000,0,0,0.99,0,0,Dannet wants to become a knight. But it turned out that he ended up in the worst-scoring group. A bit different approach to Visual Novel with multiple dating events and endings. In this game you can: Try becoming a knight! Get into suggestive situations! Change your mind about becoming a knight! Spend time with the girls! The game has about 2 hours of content (All character routes. Depending on your reading speed).,"['English', 'Polish']",[],Unknown,https://shared.akamai.steamstatic.com/store_item_assets/steam/apps/1840780/header.jpg?t=1644768238,Unknown,Unknown,True,False,True,0,Unknown,0,9,1,Unknown,6,0,All characters are over 18 years old. Contains suggestive scenes and dialogues.,0,0,0,0,Mikołaj Spychał,Mikołaj Spychał,"Single-player,Steam Achievements,Partial Controller Support,Steam Cloud,Family Sharing","Adventure,Casual,Indie,Simulation","Visual Novel,Sexual Content,Dating Sim,Medieval,Fantasy,Multiple Endings,Anime,Romance,Colorful,Comedy,Casual,Funny,Relaxing,2D,Cute,First-Person,Adventure,Linear,Simulation,Choose Your Own Adventure","https://shared.akamai.steamstatic.com/store_item_assets/steam/apps/1840780/ss_a31f6af85dd5d55e21b007a7c5f9874a22c7b3f2.1920x1080.jpg?t=1644768238,https://shared.akamai.steamstatic.com/store_item_assets/steam/apps/1840780/ss_9a1613ebda867efc60bee515f149813367dbcf1f.1920x1080.jpg?t=1644768238,https://shared.akamai.steamstatic.com/store_item_assets/steam/apps/1840780/ss_d390a66212d5ffea88b11b693834910bec75df13.1920x1080.jpg?t=1644768238,https://shared.akamai.steamstatic.com/store_item_assets/steam/apps/1840780/ss_605103038c853c500990b0500568764459157a8a.1920x1080.jpg?t=1644768238,https://shared.akamai.steamstatic.com/store_item_assets/steam/apps/1840780/ss_01d6efab4580c21f6016739875358bf80062b067.1920x1080.jpg?t=1644768238,https://shared.akamai.steamstatic.com/store_item_assets/steam/apps/1840780/ss_43ca45d65c8f931edf3fa9bc0048d46bf82d3e7f.1920x1080.jpg?t=1644768238,https://shared.akamai.steamstatic.com/store_item_assets/steam/apps/1840780/ss_e677336187f04a43c8e109d7aa58332d24bb6eca.1920x1080.jpg?t=1644768238",Steam,Paid
3670310,Lost In The Grotto: Thievery,"Apr 30, 2025",0 - 20000,0,0,9.99,0,0,"Descend into a perilous dungeon where the dead don’t stay dead. In this fast-paced, low-poly first-person shooter, you play as a goblin thief caught in the wrong place at the wrong time. Survive endless waves of armed skeletons, scavenge for loot, and unlock powerful upgrades. Collect artifacts and rare items that you can later showcase and sell in your very own shop. Can you hustle your way to the top, or will the dungeon drag you down to the dirt? Features: Horde Survival – Battle relentless waves of undead enemies. Loot &amp; Economy – Collect money, buy upgrades, and unlock new areas. Fast-Paced Action – Tight gunplay and movement mechanics for an intense FPS experience. Stash &amp; Sell Loot  – Manage your inventory and attract customer while upgrading your store. Follow the game on YouTube, X, and Reddit to stay up to date on the game's development",['English'],['English'],Unknown,https://shared.akamai.steamstatic.com/store_item_assets/steam/apps/3670310/5e646f5a0cc87377be19256e1d28f9005db1d433/header.jpg?t=1746021569,Unknown,N/A,True,False,False,0,Unknown,0,0,0,Unknown,0,0,Unknown,0,0,0,0,BroskiRadical,BroskiRadical,"Single-player,Family Sharing","Action,Simulation,Strategy",Unknown,"https://shared.akamai.steamstatic.com/store_item_assets/steam/apps/3670310/f8521733e26368d48389a032547fc5d7dd5cdf27/ss_f8521733e26368d48389a032547fc5d7dd5cdf27.1920x1080.jpg?t=1746021569,https://shared.akamai.steamstatic.com/store_item_assets/steam/apps/3670310/753e83d90807bfba43484806ecaf58e6b2d8b550/ss_753e83d90807bfba43484806ecaf58e6b2d8b550.1920x1080.jpg?t=1746021569,https://shared.akamai.steamstatic.com/store_item_assets/steam/apps/3670310/286774c2cb18a404614b729009fadbe182654d36/ss_286774c2cb18a404614b729009fadbe182654d36.1920x1080.jpg?t=1746021569,https://shared.akamai.steamstatic.com/store_item_assets/steam/apps/3670310/01871d31f7dfecefac8592f0e70c5a4ea085f003/ss_01871d31f7dfecefac8592f0e70c5a4ea085f003.1920x1080.jpg?t=1746021569,https://shared.akamai.steamstatic.com/store_item_assets/steam/apps/3670310/121564b92bd5a90b9be79e5db40667c70a6d4b9e/ss_121564b92bd5a90b9be79e5db40667c70a6d4b9e.1920x1080.jpg?t=1746021569,https://shared.akamai.steamstatic.com/store_item_assets/steam/apps/3670310/56aee29a01068fa9e577af8a5a279281fbb35915/ss_56aee29a01068fa9e577af8a5a279281fbb35915.1920x1080.jpg?t=1746021569",Steam,Paid
372380,Warriors & Castles,"Jun 30, 2015",20000 - 50000,0,0,2.99,0,0,"When a kingdom and an empire collide, the best warriors are called to battle. Join the mighty Kingdom or the glorious Empire and conquer your enemies. A team-based, 3rd person action shooter with cartoon styled, fantasy themed backgrounds. 3 classes to choose from, each with its unique set of skills. Take over fortresses, take over kingdoms, take over everything. Work with the team and win; work alone and perish. Play against players or against a vicious A.I.!! Play with: Archer : Shoots arrows, set traps, shoot even more arrows at your enemies! Warrior : Charge at enemies, block attacks and slice everyone with great sword skills! Mage : Help your team mates with healing, magic barriers and shoot exploding magic missile! Capture the Castle : Each Team have to invade and capture the enemie's stronghold! Domination : Capture the most objective points to damage and defeat the enemy team! King of the Hill : Capture and hold the flag pole in the middle of the map!","['English', 'Portuguese - Brazil']","['English', 'Portuguese - Brazil']",Unknown,https://shared.akamai.steamstatic.com/store_item_assets/steam/apps/372380/header.jpg?t=1492110267,https://www.facebook.com/warriorsandcastles,estudio.raed.wulf@gmail.com,True,False,True,0,Unknown,0,48,21,Unknown,32,0,Unknown,17,0,17,0,Estudio Raed Wulf,Estudio Raed Wulf,"Multi-player,PvP,Online PvP,Cross-Platform Multiplayer,Steam Achievements,Stats,Family Sharing","Action,Indie,Early Access","Action,Indie,Early Access,Multiplayer,Medieval,Hack and Slash,Fantasy,Singleplayer","https://shared.akamai.steamstatic.com/store_item_assets/steam/apps/372380/ss_4c9809374e317f7f476ed89f22c1aed28fa0a860.1920x1080.jpg?t=1492110267,https://shared.akamai.steamstatic.com/store_item_assets/steam/apps/372380/ss_90253f20ee691c403342073c3de2cb3a2907eef3.1920x1080.jpg?t=1492110267,https://shared.akamai.steamstatic.com/store_item_assets/steam/apps/372380/ss_7f12934f84a07c175cb0d3d74080a46db64475c0.1920x1080.jpg?t=1492110267,https://shared.akamai.steamstatic.com/store_item_assets/steam/apps/372380/ss_eeb442127849d98ac624442bcb0025f30d4854a8.1920x1080.jpg?t=1492110267,https://shared.akamai.steamstatic.com/store_item_assets/steam/apps/372380/ss_2b92d6b254164fdeda61a1d6a1cf0e0fa0237688.1920x1080.jpg?t=1492110267,https://shared.akamai.steamstatic.com/store_item_assets/steam/apps/372380/ss_90ba9010b7d5cb7fbf9217f1400c9fe6b093d458.1920x1080.jpg?t=1492110267,https://shared.akamai.steamstatic.com/store_item_assets/steam/apps/372380/ss_ab530eed90ef569faed48d820650534bb09e4490.1920x1080.jpg?t=1492110267,https://shared.akamai.steamstatic.com/store_item_assets/steam/apps/372380/ss_2edfa646653075f673e4d8ce1f7825d01d5604e7.1920x1080.jpg?t=1492110267,https://shared.akamai.steamstatic.com/store_item_assets/steam/apps/372380/ss_4786bbfc85f459008605ac9789e9fc622c0540fa.1920x1080.jpg?t=1492110267,https://shared.akamai.steamstatic.com/store_item_assets/steam/apps/372380/ss_cb9ec76b1ee4feb8e6381349eec99fd34eeca185.1920x1080.jpg?t=1492110267",Steam,Paid
3024710,Black Submarine: deep seek,"Oct 31, 2024",20000 - 50000,0,0,4.24,0,0,"Black Submarine is a thrilling underwater adventure that puts you in control of a powerful, ultra-technological submarine. In 2086, the Pacific Ocean harbors profound secrets and unimaginable dangers. Navigate treacherous waters, face deadly enemies, and discover deep secrets beneath the sea. This game combines intense action, exploration, and strategy, offering a unique and immersive experience. Are you ready to plunge into this submerged journey? Main Features: Single-Player Campaign: Embark on a journey that explores stories inspired by the folklore of the underwater world. Tactical Combat: Use laser weapons and equipment to overcome waves of dangerous sea creatures. Underwater Exploration: Dive into underwater caves and a sunken pirate ship in search of treasure and valuable resources. Submarine Customization: Upgrade your submarine to prepare for future challenges. Get ready to dive! In  Black Submarine: deep seek , each dive is a unique adventure filled with dangers. Will you be able to uncover the hidden secrets in the depths of the Pacific? Dive in now and discover the mysteries that await!","['English', 'French', 'Italian', 'Spanish - Spain', 'Simplified Chinese', 'Korean', 'Spanish - Latin America', 'Japanese', 'Portuguese - Brazil', 'Russian', 'Ukrainian', 'German', 'Portuguese - Portugal', 'Swedish']","['English', 'French', 'Spanish - Spain', 'Simplified Chinese', 'Korean', 'Japanese', 'Portuguese - Brazil', 'Russian', 'Swedish']",Unknown,https://shared.akamai.steamstatic.com/store_item_assets/steam/apps/3024710/4d665bc9bba91d6a1826506ed9c30e78740b70d3/header.jpg?t=1765757384,https://fshark.com/games/blacksubmarine/,games@fshark.com,True,False,False,0,Unknown,0,4,1,Unknown,5,0,Unknown,0,0,0,0,fShark Games,fShark Games,"Single-player,Steam Achievements,Full controller support,Camera Comfort,Custom Volume Controls,Playable without Timed Input,Save Anytime,Steam Cloud,Steam Leaderboards,Family Sharing","Casual,Indie,Strategy,Early Access","Early Access,Artificial Intelligence,Sci-fi,Narration,Conspiracy,Choices Matter,Mythology,Alternate History,Naval,Futuristic,Colorful,Controller,Conversation,Resource Management,Linear,Casual,Submarine,Underwater,Singleplayer,Visual Novel","https://shared.akamai.steamstatic.com/store_item_assets/steam/apps/3024710/56325b7e2695f2cd9fbb570907b882b2785c0e54/ss_56325b7e2695f2cd9fbb570907b882b2785c0e54.1920x1080.jpg?t=1765757384,https://shared.akamai.steamstatic.com/store_item_assets/steam/apps/3024710/b7ed5c4c638e1695b477e1189478a9d94ee88ae1/ss_b7ed5c4c638e1695b477e1189478a9d94ee88ae1.1920x1080.jpg?t=1765757384,https://shared.akamai.steamstatic.com/store_item_assets/steam/apps/3024710/8f7eadec3f639d87b4a3040bda5faed258923936/ss_8f7eadec3f639d87b4a3040bda5faed258923936.1920x1080.jpg?t=1765757384,https://shared.akamai.steamstatic.com/store_item_assets/steam/apps/3024710/718f11e170aecc08f242b45cc35c5a497b2a7d09/ss_718f11e170aecc08f242b45cc35c5a497b2a7d09.1920x1080.jpg?t=1765757384,https://shared.akamai.steamstatic.com/store_item_assets/steam/apps/3024710/3c7949df0a79909977c5b8749efff835afbc14b1/ss_3c7949df0a79909977c5b8749efff835afbc14b1.1920x1080.jpg?t=1765757384",Steam,Paid
712810,Fallen Times,"Oct 9, 2017",20000 - 50000,0,0,1.99,0,0,"Fallen Times is an unique fast-paced, action-adventure, arcade fps shooter game featuring funny stuffs, anime yuri and more , with the mixture of old school mechanic, action game style boss fights, semi-open level design, and visual novel, anime style storytelling! This game also allows you to play this game whether you want, either peek and pick, gun and run, or just speedrun! This game also manages the balance between drama and humor, makes sure that nothing is out of place. Not only you will experience hilarious jokes and references, but also a simple yet well-written story. What makes Fallen Times unique? Fallen Times is set in a parallel universe where our earth is connected with another world, Fancy Moon, a once beautiful fantasy world, has fallen into close-anarchy, due to the policy and imperialism invasion, and became the hotbed of crime and smuggling. The story revolves around two of those criminals, where the player takes the role on Kristfina, a mercenary hired by a drug smuggler, Hanna Rein. You'll experience Kristfina's journey while she explores the meaning of her life, and the relationship between she and her boss, also her best friend, Hanna Rein. You DO NOT play as a heroine, a liberator, but a mere somebody who tries to live in her own way out of this fallen land. Play the game whatever you want! Either peek and pick, gun and run, or just speedrun! Old school style gameplay! There are no regenerating health or arrows that point towards objectives, but well-placed hints and resources. Big, semi-open, handcrafted levels filled with secrets, where you can explore and have fun! Bloody hardcore! Just like games in the old-school era! The ability to replay levels! You can go back to previous levels to find secret you missed, collect resources or just replay for fun! 12 unique weapons range from real life guns to crazy chicken launcher , ancient magical spear and more! More than 15+ types of unique enemies and bosses, range from normal humanoids, dogs to unicorns, cute little puppies, (NOT!) Muhammad, and more! Simple, yet well-written story featuring round characters and meaningful message, there's neither good or bad, only people like you and me. Fair difficulty: There's no cheap instant death, you won't get killed by your own attack, your medkits automatically heal you when you are dying. This game makes sure that you lose not because of the bad design, but your own fault. Enemies make enough indications before attacking, ensuring that the AI doesn't feel like cheating and cheap. Mega Man-style boss fights! All boss fights are short but filled with action sequences instead of being boring bullet sponge. Extra 'boss rush' game mode after you finished the main story mode. 'Collection' selection which you can view data from the game, and know more about the backstory of Fancy Moon. 100% DRM FREE!!! *Spoiler* You f**k America instead of America f**k yeah. Because why not?","['English', 'Simplified Chinese', 'Traditional Chinese']",[],Unknown,https://shared.akamai.steamstatic.com/store_item_assets/steam/apps/712810/header.jpg?t=1511440064,https://www.facebook.com/Fallen-Times-778466619026426,a487561@gmail.com,True,False,False,0,Unknown,0,63,44,Unknown,0,0,Unknown,0,0,0,0,DaFu Studio,DaFu Studio,"Single-player,Steam Cloud,Family Sharing","Action,Adventure,Indie","Indie,Adventure,Action,Dark Humor,FPS,Memes,Illuminati,First-Person,Anime,Experimental,Female Protagonist,Singleplayer,Shooter,Story Rich,Difficult,Arena Shooter,Visual Novel,Arcade,Villain Protagonist,Fantasy","https://shared.akamai.steamstatic.com/store_item_assets/steam/apps/712810/ss_f6f649cf834406170f495268dc03199a046cdb15.1920x1080.jpg?t=1511440064,https://shared.akamai.steamstatic.com/store_item_assets/steam/apps/712810/ss_58216b6235d1ce5425eb2f3869bfb83c6f3e2632.1920x1080.jpg?t=1511440064,https://shared.akamai.steamstatic.com/store_item_assets/steam/apps/712810/ss_ba760932b3b95afbad8649e80443f8c5fe4d6e11.1920x1080.jpg?t=1511440064,https://shared.akamai.steamstatic.com/store_item_assets/steam/apps/712810/ss_71ee9fbc032243aa3635017e6162b9ec0a608ed3.1920x1080.jpg?t=1511440064,https://shared.akamai.steamstatic.com/store_item_assets/steam/apps/712810/ss_fd38b340f96ed8936b9e724ddd0bb9cb5bb36952.1920x1080.jpg?t=1511440064,https://shared.akamai.steamstatic.com/store_item_assets/steam/apps/712810/ss_a5c85c8cdb6e957a7b85ac282d5cfe82d99ec229.1920x1080.jpg?t=1511440064,https://shared.akamai.steamstatic.com/store_item_assets/steam/apps/712810/ss_57a2a5bdf21571dd15472abc8be089a83839ff0b.1920x1080.jpg?t=1511440064,https://shared.akamai.steamstatic.com/store_item_assets/steam/apps/712810/ss_df9c4fb824a9fcef151369bfe7b15034f25d13f8.1920x1080.jpg?t=1511440064,https://shared.akamai.steamstatic.com/store_item_assets/steam/apps/712810/ss_1a4fa200b69ceb6dbd37ee56f330ebd4304854c5.1920x1080.jpg?t=1511440064,https://shared.akamai.steamstatic.com/store_item_assets/steam/apps/712810/ss_8e08744ddf9674d0755ab8933c433ada6d0072b9.1920x1080.jpg?t=1511440064,https://shared.akamai.steamstatic.com/store_item_assets/steam/apps/712810/ss_1f74bb1f864da61b38994f9813fcf88ab207b3c3.1920x1080.jpg?t=1511440064,https://shared.akamai.steamstatic.com/store_item_assets/steam/apps/712810/ss_1fe11b206fa963217d20ab8c2b7557995eda6ad8.1920x1080.jpg?t=1511440064,https://shared.akamai.steamstatic.com/store_item_assets/steam/apps/712810/ss_33b368daacb519b0ee727441303ab13004feecf4.1920x1080.jpg?t=1511440064,https://shared.akamai.steamstatic.com/store_item_assets/steam/apps/712810/ss_b6d78606b40d189f2899b380e18b8cb0c27d91ec.1920x1080.jpg?t=1511440064",Steam,Paid
1403750,街机金蟾捕鱼2,"Oct 12, 2020",20000 - 50000,1,0,0.0,0,0,《街机金蟾捕鱼2》是一款经典的手机捕鱼游戏，游戏以神秘海底为背景，延续经典街机，又独创玩法，素以简单好玩而风靡网络；四大经典场，场场不一样；限时大赛，大奖赛，争夺超值弹头大奖，真人实时对战，异常激烈；夺宝奇兵，异域埃及，领略不一样的新奇玩法；古老部落弹头大战，海底兵家必争之地，绝对的超值。更有超高倍率大Boss一击必杀，让你瞬间暴富。神秘海洋，等你来探哦！ ◆礼包领取◆ 1、体验礼包（此档礼包添加客服QQ：53229667即可领取） 价值：20元（RMB） 期限：2021年12月31日前兑换 内容：金币*10000、冰冻*3、锁定*3 兑换：进入游戏—点击右上角菜单按钮—点击礼盒—在礼包码输入框内输入已获得的礼包码—点击兑换 2、任务宝箱（此档礼包添加客服QQ后，配合完成简单任务即可领取） 价值：180元（RMB） 期限：2021年12月31日前兑换 内容：金币*188888、冰冻*6、锁定*6 使用：进入游戏—点击右上角菜单按钮—点击礼盒—在礼包码输入框内输入已获得的礼包码—点击兑换,['Simplified Chinese'],['Simplified Chinese'],Unknown,https://shared.akamai.steamstatic.com/store_item_assets/steam/apps/1403750/header.jpg?t=1614844546,Unknown,baiyikeji@100etech.com,True,False,False,0,Unknown,0,29,41,Unknown,0,0,Unknown,93,0,93,0,郑州百易科技有限公司,郑州百易科技有限公司,"Single-player,Multi-player,PvP,Online PvP,In-App Purchases","Adventure,Casual,Free To Play,Massively Multiplayer,RPG,Simulation,Strategy","Casual,Arcade,2D,2D Platformer,Massively Multiplayer,Cartoon,Bullet Time,Free to Play,Multiplayer,Tabletop,RPG,Simulation,Strategy,Adventure","https://shared.akamai.steamstatic.com/store_item_assets/steam/apps/1403750/ss_84d60a3d20c705f1e2f51d30eedaf41464d42ac7.1920x1080.jpg?t=1614844546,https://shared.akamai.steamstatic.com/store_item_assets/steam/apps/1403750/ss_49d85e5054331ca298091a94304c84777e5aaf8c.1920x1080.jpg?t=1614844546,https://shared.akamai.steamstatic.com/store_item_assets/steam/apps/1403750/ss_52236112a1d09e1cf4e17bcdc7e55d6cab28cbbb.1920x1080.jpg?t=1614844546,https://shared.akamai.steamstatic.com/store_item_assets/steam/apps/1403750/ss_51e5137193b04ea4df791ba2ca00ba7772860f70.1920x1080.jpg?t=1614844546,https://shared.akamai.steamstatic.com/store_item_assets/steam/apps/1403750/ss_90dea824ec1b6c68a4688cc6a5e14df2cfa45fbe.1920x1080.jpg?t=1614844546",Steam,Free
1091580,GameDevVR,"May 14, 2020",0 - 20000,0,0,4.99,0,0,"Welcome to GameDevVR! Now you can finally experience the thrilling parts becoming a game developer! GameDevVR is a goofy and fun virtual reality simulation based in the 90's where you become a VR game developer. This game won’t restrict you, this means you can do whatever you want making the player feel free and letting them experience GameDevVR at their own pace. Eating, drinking and sleeping is a big part of this simulation so you will need to balance this with the rest of your tasks. Game Making System One of the main features in GameDevVR is having the player create a game. To make the Game Making experience as fun as possible for the player this simulation has cut out all of the boring and tedious work, leaving you only with the fun parts. GameDevVR's 'Game Making System' uses pre-made game stages so the player can test and experience the key points of the game's development up until the game is completed. Interaction System Every object in GameDevVR is intractable which makes the world a lot more immersive and keeps the player happy. Lots of fun is to be had interacting with all of the different objects in this world. Survival System GameDevVR uses a survival system to make sure you: Eat, Drink and Sleep. This system ensures that you always have to think about your health making the game more fast paced. Key Features - Game making system - Survival system (Eat, Drink and Sleep to survive) - Interaction system (Interact with different objects like toys, food and the computer) - Different Locomotion types (Zone Based, Smooth, Teleportation) - Snap turning - Realistic and immersive Day / Night cycle Future Proofing GameDevVR uses the SteamVR interaction system making the game compatible with every headset and controller that is supported by steamvr, this means that GameDevVR should always support future controllers and headsets as long as those controllers are supported by steam. This system also allows GameDevVR to have finger tracking when used with Valve Index Controllers or Oculus Touch, there is even basic finger tracking when using Vive Wands. WMR is currently not supported! If you are interested in GameDevVR consider buying it:)",['English'],['English'],Unknown,https://shared.akamai.steamstatic.com/store_item_assets/steam/apps/1091580/header.jpg?t=1589447819,https://www.youtube.com/channel/UCJh4KdY9dB8KLIMLqLEvjSw,frederik@fups.online,True,False,False,0,Unknown,0,10,6,Unknown,8,0,Unknown,0,0,0,0,Frederik Handberg,Fups,"Single-player,Steam Achievements,Tracked Controller Support,VR Only,Family Sharing","Casual,Indie,Simulation","Indie,Casual,Simulation,Early Access,VR","https://shared.akamai.steamstatic.com/store_item_assets/steam/apps/1091580/ss_6ad828010b79f0d5b17707bbc4845d5f94e33904.1920x1080.jpg?t=1589447819,https://shared.akamai.steamstatic.com/store_item_assets/steam/apps/1091580/ss_b8b30fca71b33a4fc2c2030e30b5c2e79c03c63d.1920x1080.jpg?t=1589447819,https://shared.akamai.steamstatic.com/store_item_assets/steam/apps/1091580/ss_bf7d01c09be5eede89c0a3a4aca38c9715ab706d.1920x1080.jpg?t=1589447819,https://shared.akamai.steamstatic.com/store_item_assets/steam/apps/1091580/ss_ad2fd751e8e26b4b661fbeafdc9c6678e55a385c.1920x1080.jpg?t=1589447819,https://shared.akamai.steamstatic.com/store_item_assets/steam/apps/1091580/ss_5eed292de85b89e02c7195a84f3ffae63ee49b44.1920x1080.jpg?t=1589447819,https://shared.akamai.steamstatic.com/store_item_assets/steam/apps/1091580/ss_8ecb9f91e975c8e0d603f44f72e17c8f4e13b917.1920x1080.jpg?t=1589447819,https://shared.akamai.steamstatic.com/store_item_assets/steam/apps/1091580/ss_5f518ca1b6d73584ca9578d954542d471d429f8a.1920x1080.jpg?t=1589447819,https://shared.akamai.steamstatic.com/store_item_assets/steam/apps/1091580/ss_500b8a9769b0b9b2e8467ca5598ac5ce3340561d.1920x1080.jpg?t=1589447819",Steam,Paid
3297630,Finnish Cottage 8,"Mar 6, 2025",0 - 20000,0,0,2.99,50,0,"Welcome to Finnish Cottage 8, a classic summer cottage in the woods so peaceful you’d never want to leave! Finnish Cottage 8 is a walking simulator set in a mökki (summer cottage), a beloved staple of Finnish summer life. Equipped with an obligatory sauna and a classic Finnish weather forecast radio program, this game will transport you to the tranquility of summer in the Land of A Thousand Lakes. But in this cottage, something sinister stirs where your eyes don't reach.  Observe carefully and you may find your way out.  How to play The bad news is, you are not the first to attempt an escape... The good news is, you are not the first to attempt an escape! A secret organisation has been investigating this cottage, and their efforts left behind certain convenient tools. This  laptop will help you identify which loop you are in. If you see an anomaly, leave through the back door  (marked with 'Anomalies' tape). If you don’t see an anomaly, leave through the front door . If you are right, the loop number goes up by 1 . If you are wrong, you’ll return to Loop 0 . Once the number reaches 8, the cottage may let you go.... Average Play time 30 - 60 minutes Languages The game includes audio in English and Finnish, but understanding of the latter is not required for playing the game. Subtitles are available in English, Finnish, Russian, Ukrainian, Japanese, Chinese (Simplified), Spanish.","['English', 'Finnish', 'Japanese', 'Russian', 'Simplified Chinese', 'Spanish - Latin America', 'Ukrainian']","['English', 'Ukrainian']","“‘Finnish Cottage 8’ Is Another Excellent Addition to the Anomaly Trend, With Great Visual Language and an Intriguing Premise” VICE “Finnish Cottage 8 is a fun anomaly-seeking horror game. [...] It’s the Goldilocks of horror. While it’s a shorter game, it’s still a lot of fun.” Comfy Cozy Gaming",https://shared.akamai.steamstatic.com/store_item_assets/steam/apps/3297630/header.jpg?t=1741990563,Unknown,savukivi8@gmail.com,True,False,False,0,Unknown,0,28,3,Unknown,5,0,"Depictions of blood, aftermath of violent acts, an instance of severed body part, implied death without graphical depiction.",0,0,0,0,Savukivi Games,Savukivi Games,"Single-player,Steam Achievements,Family Sharing","Adventure,Indie,Simulation","Psychological Horror,Walking Simulator,First-Person,Puzzle,Horror,Tutorial,Exploration,Adventure,3D,Linear,Simulation,Realistic,Thriller,Atmospheric,Immersive Sim,Mystery,Psychological,Dark,Supernatural,Singleplayer","https://shared.akamai.steamstatic.com/store_item_assets/steam/apps/3297630/ss_5a3a17b790c5b9ccc94a670ef802d8ab3fdaccd8.1920x1080.jpg?t=1741990563,https://shared.akamai.steamstatic.com/store_item_assets/steam/apps/3297630/b55b27bccddac7258039006dccf08865466aa6f1/ss_b55b27bccddac7258039006dccf08865466aa6f1.1920x1080.jpg?t=1741990563,https://shared.akamai.steamstatic.com/store_item_assets/steam/apps/3297630/29076be1de64426a63f4745ded5a39e6e1ad63c9/ss_29076be1de64426a63f4745ded5a39e6e1ad63c9.1920x1080.jpg?t=1741990563,https://shared.akamai.steamstatic.com/store_item_assets/steam/apps/3297630/8bfb9af22ac3db5b429dd2472f1500fa1539c8ba/ss_8bfb9af22ac3db5b429dd2472f1500fa1539c8ba.1920x1080.jpg?t=1741990563,https://shared.akamai.steamstatic.com/store_item_assets/steam/apps/3297630/ss_fb146d609d6774f6ed7dc13d9bd437689be3c905.1920x1080.jpg?t=1741990563",Steam,Paid
1228760,Smear FX,"Feb 5, 2020",0 - 20000,0,0,4.99,0,0,"WHAT IS SMEAR FX? Make your animations extra juicy by adding some smearing to them! Just a little touch of smear can add a lot of value to animations and makes them feel smoother. Do a jump animation, a weapon swing, item spawn, maybe a logo intro animation, the possibilities are endless! This tool is being developed by @CodeManu if you find it useful, have any doubt or just want to say hi, feel free to message me! FEATURES Add smearing to your images just by tweaking a couple values. Modify position, scale, angle, skew, trail, etc. Render the animation and get a .png spritesheet with the animation. Spritesheets are trimmed and optimized. Use different pre-made easings or do your own curve with the graph editor. Advanced mode for animations by using graphs. Supports animations and single frame images. Unlimited canvas size. Frameskip option to reduce final spritesheet size. Drag &amp; Drop images and project files directly into the app. LIMITATIONS Smear FX doesn't support alpha channel. Using semi-opaque images will lead to unexpected results.",['English'],['English'],Unknown,https://shared.akamai.steamstatic.com/store_item_assets/steam/apps/1228760/header.jpg?t=1685351987,Unknown,Unknown,True,False,False,0,Unknown,0,13,3,Unknown,0,0,Unknown,0,0,0,0,CodeManu,CodeManu,Unknown,"Animation & Modeling,Design & Illustration","Animation & Modeling,Design & Illustration,2D,Funny,Software","https://shared.akamai.steamstatic.com/store_item_assets/steam/apps/1228760/ss_362cfa02cd05985c656a1f241a660b21af8b6268.1920x1080.jpg?t=1685351987,https://shared.akamai.steamstatic.com/store_item_assets/steam/apps/1228760/ss_2ad5e6d00c790deef688fe6a2c44510040a85486.1920x1080.jpg?t=1685351987,https://shared.akamai.steamstatic.com/store_item_assets/steam/apps/1228760/ss_4a7680224bd1802921987f49f23a79e68ac9c5f2.1920x1080.jpg?t=1685351987,https://shared.akamai.steamstatic.com/store_item_assets/steam/apps/1228760/ss_42b97774ec8e7afcccf07dbdd36100e72fc03045.1920x1080.jpg?t=1685351987,https://shared.akamai.steamstatic.com/store_item_assets/steam/apps/1228760/ss_4b5fed32828d8e4c3b40647adb19c0383fb15d3a.1920x1080.jpg?t=1685351987",Steam,Paid
3281960,The Trio,"Dec 20, 2024",0 - 0,0,0,0.0,0,0,The trio is a survival PVE experience. Gather the resources of the ancient forest by day and with the help of your resident-lumberjack. Craft your defense and prepare for the monsters that will attack at nightfall as survival becomes a desperate fight against the skeletons that stalk the land. Break the curse and save the forest!,['English'],['English'],Unknown,https://shared.akamai.steamstatic.com/store_item_assets/steam/apps/3281960/header.jpg?t=1734718760,Unknown,danielsong2401@gmail.com,True,False,False,0,Unknown,0,0,0,Unknown,0,0,Unknown,0,0,0,0,Xichen Song,Xichen song,Single-player,"Adventure,Indie,Simulation,Free To Play",Unknown,"https://shared.akamai.steamstatic.com/store_item_assets/steam/apps/3281960/ss_a145292e0898254b68cf1863a7597d0d10d8d467.1920x1080.jpg?t=1734718760,https://shared.akamai.steamstatic.com/store_item_assets/steam/apps/3281960/ss_061c3d986972eefdfb3474d620316ac3597140fe.1920x1080.jpg?t=1734718760,https://shared.akamai.steamstatic.com/store_item_assets/steam/apps/3281960/ss_a31819bd3367f8159383a65ab8cf790d9813ac30.1920x1080.jpg?t=1734718760,https://shared.akamai.steamstatic.com/store_item_assets/steam/apps/3281960/ss_2182f57f293ded152ac2ec034f2ccf1c12f345b2.1920x1080.jpg?t=1734718760,https://shared.akamai.steamstatic.com/store_item_assets/steam/apps/3281960/ss_c5901ddcd65c208fbd3d8e804f378761ef85dd70.1920x1080.jpg?t=1734718760,https://shared.akamai.steamstatic.com/store_item_assets/steam/apps/3281960/ss_efbfceeae3c5b310d529261f90aee143861e0778.1920x1080.jpg?t=1734718760",Steam,Free
1592120,Paladin Dream,"Jul 12, 2021",0 - 20000,0,0,1.49,0,1,"Josiah the paladin has a recurring dream wherein he loses a duel to a mysterious gray knight. After leaving the abbey to confront his destiny, Josiah must soon cross swords with bandits, pass through the city of the wicked, and then scale a perilous mountain peak. As he prepares to face off with his mystical adversary, Josiah learns that his world is in catastrophic danger! Fantasy RPG with emphasis on narrative (100+ NPCs), exploration (100+ areas) and combat (50+ types of enemies). King Arthur inspired religious mythological setting and imagery. Numerous pieces of unique key art. Original custom music soundtrack. Original vocal hymns performed by Mioune.",['English'],[],"“Paladin Dream by HitherYon Games is a beautiful take on the RPG genre. From the music and art to the map design and menu options, everything here has a nice, artistic touch showing the copious amounts of love that has been poured into this project.” Beta Tested Game Reviewed “Sometimes, games don't have to be anything special so long as the journey is a pleasant one. The gameplay can merely be acceptable, but if the presentation is stellar, sometimes it can be worth it just for the presentation. Paladin Dream is living proof of this theory.” 80/100 – Christ Centered Gamer “What I appreciated most about Paladin Dream is its brevity. It doesn’t have long drawn-out cutscenes or a nonsensical story. It strives to tell its tale within its roughly six-hour runtime and actually appreciates you for reaching the end as well.” 8/10 – Last Word On Gaming",https://shared.akamai.steamstatic.com/store_item_assets/steam/apps/1592120/header.jpg?t=1726259609,https://s3.amazonaws.com/paladindream.com/index.html,Unknown,True,False,False,0,Unknown,0,8,2,Unknown,21,0,Unknown,0,0,0,0,HitherYon Games,HitherYon Games,"Single-player,Steam Achievements,Family Sharing","Adventure,Indie,RPG","Exploration,Turn-Based Tactics,Turn-Based,JRPG,Action RPG,Faith,Action-Adventure,Character Customization,RPG,2D,Top-Down,Isometric,Choices Matter,Controller,Story Rich,Turn-Based Combat,Action,Anime,Colorful,Hand-drawn","https://shared.akamai.steamstatic.com/store_item_assets/steam/apps/1592120/ss_ccdaccdc3676b092728dcc29dadb946b74029f75.1920x1080.jpg?t=1726259609,https://shared.akamai.steamstatic.com/store_item_assets/steam/apps/1592120/ss_20163044dc5b0d08c0bbe04684d3a6bfccc39a86.1920x1080.jpg?t=1726259609,https://shared.akamai.steamstatic.com/store_item_assets/steam/apps/1592120/ss_06db094f3ec205a2121d5a7b7c9d1b892af1e3b9.1920x1080.jpg?t=1726259609,https://shared.akamai.steamstatic.com/store_item_assets/steam/apps/1592120/ss_cd7a7558bbaa8a42fc8c4fb048a10f0b849d89b3.1920x1080.jpg?t=1726259609,https://shared.akamai.steamstatic.com/store_item_assets/steam/apps/1592120/ss_918bd61c9c0f7e75f5fad0a8eda78d5efa1b4491.1920x1080.jpg?t=1726259609,https://shared.akamai.steamstatic.com/store_item_assets/steam/apps/1592120/ss_d0ea78246af0c40abbd0d4cdc98df907bc969000.1920x1080.jpg?t=1726259609,https://shared.akamai.steamstatic.com/store_item_assets/steam/apps/1592120/ss_2a3dcbf5c30ab222eebfc2293205c5980ce411a9.1920x1080.jpg?t=1726259609,https://shared.akamai.steamstatic.com/store_item_assets/steam/apps/1592120/ss_2954e81da58a3ad8564aecb764a109c9ccb501d6.1920x1080.jpg?t=1726259609,https://shared.akamai.steamstatic.com/store_item_assets/steam/apps/1592120/ss_157947a9a16a071859a81abe2918c566d9c88334.1920x1080.jpg?t=1726259609,https://shared.akamai.steamstatic.com/store_item_assets/steam/apps/1592120/ss_d8f56e6b4f95cf22fd28192c7c861d37365b4d1a.1920x1080.jpg?t=1726259609",Steam,Paid
625470,The Red Stare,"Jul 31, 2017",100000 - 200000,0,0,0.0,0,0,"The Time to Enlist Is Now! In The Red Stare, you become a special agent in 1950s New York City on a stake out. The Reds have infiltrated the city, and you need to stop them before it's too late. During your stake out you will be observing your neighbours' every move to find out who of them is the communist spy. From within your apartment you'll be receiving information via your phone and fax machine, finding clues in case files, and taking pictures that you can fax to your handler - proving that your suspicions are right. It's all about observation and deduction. You’ll have to use a number of different ways to identify people varying from appearances, items that can be found in their rooms, and rules only specific members of the communist ranks follow. Good luck, agent! The nation depends on you.",['English'],['English'],Unknown,https://shared.akamai.steamstatic.com/store_item_assets/steam/apps/625470/header.jpg?t=1572544837,http://www.theredstare.com/,theredstarevr@gmail.com,True,False,False,0,Unknown,0,414,56,Unknown,17,0,"Depiction and use of tabacco Depiction and implication of violence (such as blood, death, killings, gunshot firing) Usage of mild profanity (such as Damn it)",114327,20083,35,20083,Play:D,"Play:D,NHTV Breda University of Applied Sciences","Single-player,Steam Achievements,Tracked Controller Support,VR Only","Action,Free To Play,Indie","Free to Play,Action,Indie,VR","https://shared.akamai.steamstatic.com/store_item_assets/steam/apps/625470/ss_01aae0748e943813210c3f4850186354979a7ba3.1920x1080.jpg?t=1572544837,https://shared.akamai.steamstatic.com/store_item_assets/steam/apps/625470/ss_58cc5a79e29a189a52fe65c8eb702ad8f7fe87f7.1920x1080.jpg?t=1572544837,https://shared.akamai.steamstatic.com/store_item_assets/steam/apps/625470/ss_60102661d566ae2ed10ff4eb0dd8d7afc397739b.1920x1080.jpg?t=1572544837,https://shared.akamai.steamstatic.com/store_item_assets/steam/apps/625470/ss_0444e72b35db74d6f70a6bd1ad1b6d0e002fe15a.1920x1080.jpg?t=1572544837,https://shared.akamai.steamstatic.com/store_item_assets/steam/apps/625470/ss_63c9a5c3177eaa9153a48b3d694870712c199329.1920x1080.jpg?t=1572544837,https://shared.akamai.steamstatic.com/store_item_assets/steam/apps/625470/ss_8bf182607627e078e2c37ee4ca0cfa40585bf0a9.1920x1080.jpg?t=1572544837,https://shared.akamai.steamstatic.com/store_item_assets/steam/apps/625470/ss_6d94c801848a91e8fafe56c5fa81a0f52f73475d.1920x1080.jpg?t=1572544837,https://shared.akamai.steamstatic.com/store_item_assets/steam/apps/625470/ss_ac22fef5544940bf8587e4a7901fe877f0ae81ff.1920x1080.jpg?t=1572544837,https://shared.akamai.steamstatic.com/store_item_assets/steam/apps/625470/ss_5b39ea5743c3d1bc5110a460531639c999f82630.1920x1080.jpg?t=1572544837,https://shared.akamai.steamstatic.com/store_item_assets/steam/apps/625470/ss_45991ed8a8f4bb0eadb3b713e39ebbf7572ae4f1.1920x1080.jpg?t=1572544837,https://shared.akamai.steamstatic.com/store_item_assets/steam/apps/625470/ss_a39847a49c1997535d36d0f1ec207e1d9eca8d90.1920x1080.jpg?t=1572544837,https://shared.akamai.steamstatic.com/store_item_assets/steam/apps/625470/ss_20af901a08299915b16141b2d62d145d3b284b4d.1920x1080.jpg?t=1572544837,https://shared.akamai.steamstatic.com/store_item_assets/steam/apps/625470/ss_d7e8a658b33fb280e97f81921badb52d6710ee26.1920x1080.jpg?t=1572544837",Steam,Free
300610,Pure Pool,"Jul 31, 2014",20000 - 50000,5,0,3.49,65,3,"Let the makers of Hustle Kings™ transport you to the slick and exciting world of Pure Pool. Experience a living, breathing, bustling Pool Hall from the convenience of your living room – all wrapped up in VooFoo Studios signature jaw-dropping visuals! Whether you prefer to spend your time playing solo or weighing up against the competition, connect and prepare to be blown away by the next best thing to real-life Pool. With 4 game modes from classic American 8 Ball Pool to Killer, 4 challenges from Perfect Potter to Royal Rumble and full live online Multiplayer, rack-up, hone your skills and compete against the best in online tournaments and matches for a place in the Global Leaderboards. Pure Pool also builds a DNA profile as you play creating an AI interpretation of yourself, your friends and your foes – which you can still play against, even when they’re not online.","['English', 'French', 'Italian', 'German', 'Spanish - Spain', 'Dutch', 'Portuguese - Portugal', 'Portuguese - Brazil', 'Russian']",[],"“It’s a pool simulator which does exactly what its name suggests and that’s simulate not only the game of pool but the culture that comes with it.” Mouse n Joypad “Those looking for a realistic, dare I say pure, rendition of pool will find a lot to love.” Technology Tell “It has FANTASTIC graphics, easily the best pool game I’ve ever seen.” RedThirst",https://shared.akamai.steamstatic.com/store_item_assets/steam/apps/300610/header.jpg?t=1764083659,http://www.ripstone.com/,support@ripstone.com,True,False,False,68,https://www.metacritic.com/game/pc/pure-pool?ftag=MCD-06-10aaa1f,0,407,293,Unknown,51,631,Unknown,428,0,509,0,VooFoo Studios,Ripstone,"Single-player,Multi-player,PvP,Online PvP,Shared/Split Screen PvP,Shared/Split Screen,Cross-Platform Multiplayer,Steam Achievements,Full controller support,Steam Trading Cards,Custom Volume Controls,Adjustable Difficulty,Playable without Timed Input,Steam Cloud,Remote Play on TV,Remote Play Together,Family Sharing","Casual,Simulation,Sports","Simulation,Sports,Pool,Casual,Multiplayer,Snooker","https://shared.akamai.steamstatic.com/store_item_assets/steam/apps/300610/ss_81dcdd8f6b4b056adbf53296dd6bcf1a04884355.1920x1080.jpg?t=1764083659,https://shared.akamai.steamstatic.com/store_item_assets/steam/apps/300610/ss_17f6b4a09c5913be37ce36808974ef9d88e25dbf.1920x1080.jpg?t=1764083659,https://shared.akamai.steamstatic.com/store_item_assets/steam/apps/300610/ss_bc3fac11cb6efb1f81a22649d19e760aad7901ff.1920x1080.jpg?t=1764083659,https://shared.akamai.steamstatic.com/store_item_assets/steam/apps/300610/ss_bacbd5fb3ff562e6ffac2ff79d6b16ee1d7241e8.1920x1080.jpg?t=1764083659,https://shared.akamai.steamstatic.com/store_item_assets/steam/apps/300610/ss_e57b9c9e02abb57ce775b5d102a27259e4aba9f2.1920x1080.jpg?t=1764083659,https://shared.akamai.steamstatic.com/store_item_assets/steam/apps/300610/ss_005c5d18f93fdf2fe6b24b00ac4e787945ee8033.1920x1080.jpg?t=1764083659,https://shared.akamai.steamstatic.com/store_item_assets/steam/apps/300610/ss_12024e04ec65f79e630f471023b6bc91999ad1cc.1920x1080.jpg?t=1764083659,https://shared.akamai.steamstatic.com/store_item_assets/steam/apps/300610/ss_e1e1554b02dfbb1a12057be5c68013daf87d1edd.1920x1080.jpg?t=1764083659,https://shared.akamai.steamstatic.com/store_item_assets/steam/apps/300610/ss_66854024ed0574a295b932c3218259410be6e17e.1920x1080.jpg?t=1764083659,https://shared.akamai.steamstatic.com/store_item_assets/steam/apps/300610/ss_7c09b144f95d74b2d9379f0306c90b67126aa8f5.1920x1080.jpg?t=1764083659,https://shared.akamai.steamstatic.com/store_item_assets/steam/apps/300610/ss_90e5e365a4cfef69b599a7ada400624c6a8685b1.1920x1080.jpg?t=1764083659",Steam,Paid
244710,Shelter,"Aug 28, 2013",200000 - 500000,0,0,2.24,0,1,"Experience the wild as a badger sheltering your cubs from harm. On your journey, you will be stalked by birds of prey, encounter perils of the night, cross fierce rivers, escape forest fires and face the looming threat of starvation. Food is to be found, but is there enough for everyone? Your cubs need food to survive and to become strong enough to overcome the challenges they face as they make their way through the world. Are you ready for a truly different adventure, something that might evoke feelings you've never felt in a game before? In the wild, all living creatures are put to the test. The question in the end is who will survive to live another day? Retro Family have composed a beautiful soundtrack to an original and graphically innovative game world. In the wilderness, shelter is your only hope and survival your only goal.","['English', 'French', 'Italian', 'German', 'Spanish - Spain']",[],"“Rarely has a game articulated loss in such clear and urgent terms” 8/10 – Eurogamer “...Shelter reminds us just how precious life is, and how apathetic the laws of nature are to our pleas for mercy” 7/10 – Gamespot “Damn it feels good to be a badger.” Rock, Paper, Shotgun",https://shared.akamai.steamstatic.com/store_item_assets/steam/apps/244710/header.jpg?t=1737643204,https://www.mightanddelight.com/,contact@mightanddelight.com,True,True,False,0,Unknown,0,3123,544,Unknown,0,2646,Unknown,151,0,89,0,Might and Delight,Might and Delight,"Single-player,Steam Trading Cards,Partial Controller Support,Family Sharing","Adventure,Indie","Adventure,Survival,Nature,Exploration,Open World,Simulation,Singleplayer,Cute,Family Friendly,Atmospheric,Emotional,Female Protagonist,Casual,Walking Simulator,Stylized,Third Person,Life Sim,Indie,Perma Death,Psychedelic","https://shared.akamai.steamstatic.com/store_item_assets/steam/apps/244710/ss_c2c29404107f14e5729714d71f53310324aaacc7.1920x1080.jpg?t=1737643204,https://shared.akamai.steamstatic.com/store_item_assets/steam/apps/244710/ss_b07b10878fb222ae90d4b9a69cc113a5c90de7ad.1920x1080.jpg?t=1737643204,https://shared.akamai.steamstatic.com/store_item_assets/steam/apps/244710/ss_de38f74058f986f9f9dfa68efd78f0890490b08e.1920x1080.jpg?t=1737643204,https://shared.akamai.steamstatic.com/store_item_assets/steam/apps/244710/ss_4995befc987a3ddf25b812dce39b825977d5fd3c.1920x1080.jpg?t=1737643204,https://shared.akamai.steamstatic.com/store_item_assets/steam/apps/244710/ss_54cccf13ff9f3a32f9508bf9c40f28340c5fbeae.1920x1080.jpg?t=1737643204,https://shared.akamai.steamstatic.com/store_item_assets/steam/apps/244710/ss_a0dd6345ca39f2f51fcd26af3fc81d0c36022315.1920x1080.jpg?t=1737643204,https://shared.akamai.steamstatic.com/store_item_assets/steam/apps/244710/ss_2a4ee624f1e9700e32f7b87364feb18e8d30f00d.1920x1080.jpg?t=1737643204,https://shared.akamai.steamstatic.com/store_item_assets/steam/apps/244710/ss_bf5382448f788714551fd3b4a2cf757a4ad83b51.1920x1080.jpg?t=1737643204,https://shared.akamai.steamstatic.com/store_item_assets/steam/apps/244710/ss_fca1cf556ddc1958cb0645d82dd2137e24f7aa58.1920x1080.jpg?t=1737643204,https://shared.akamai.steamstatic.com/store_item_assets/steam/apps/244710/ss_a77909561b9b46770bf9590d47afb1aa822b6c4e.1920x1080.jpg?t=1737643204,https://shared.akamai.steamstatic.com/store_item_assets/steam/apps/244710/ss_6852423c148c0aebb5b0021a96fc02943a49e450.1920x1080.jpg?t=1737643204,https://shared.akamai.steamstatic.com/store_item_assets/steam/apps/244710/ss_6852423c148c0aebb5b0021a96fc02943a49e450.1920x1080.jpg?t=1737643204,https://shared.akamai.steamstatic.com/store_item_assets/steam/apps/244710/ss_5cf0d2e91cf7cef1f119bce22aa0fb413a3ecbad.1920x1080.jpg?t=1737643204,https://shared.akamai.steamstatic.com/store_item_assets/steam/apps/244710/ss_403f8ef8a6b7039fe59cb700a4da0729cda0994c.1920x1080.jpg?t=1737643204,https://shared.akamai.steamstatic.com/store_item_assets/steam/apps/244710/ss_993d590dc73828d5e6bae08fc525565cd3874c27.1920x1080.jpg?t=1737643204",Steam,Paid
2218300,Menhera Girls Ensemble - Needy Girlfriends -,"Jan 24, 2023",0 - 20000,0,0,9.99,50,0,"A small kindness leads to befriending and being loved by mental girls. If you want to be loved to death by someone. If or want to experience this at least once, this visual novel makes your wish will come true. This Bishojo Game released in 2017 under the 'Noirsoft' brand has been reworked for the 'PandaShojo' platform for players of all ages worldwide to enjoy. ◆Introduction The kind-hearted protagonist is desired by various girls, but all of them are mental. As each obsession overlaps, it becomes a tougher relationship. It's nice to have girls fighting over you... or is it? ◆Synopsis Valentine's Day. Shoya Ichijo meets Shizuka Tojo by chance. She was rejected and couldn't give her chocolate to her crush. To comfort her, Shoya receives those chocolates instead. Since they became close friends... but Shizuka's love became more and more excessive. With the two mental girls, a childhood friend with freaky love and a geeky girl who does not doubt that Shoya is the one for her, their relationship goes downhill. Shoya's life had changed drastically, from the moment he received the chocolate... ◆Characters Shizuka Tojo --A female student who shows too much love to Shoya-- She is single-minded and quiet. Therefore, she becomes very obsessed. She has difficulty expressing her feelings and is often misunderstood. Her interest in Shoya started after Valentine's Day...... Ryoko Mizuhara --A two-faced childhood friend-- A devoted childhood friend who loves Shoya. She is a very ordinary girl, but when it is about Shoya, her personality changes drastically and reveals her mentalness. She also has a tendency to stalk Shoya and is constantly seeking his tastes and preferences. Mitsuki Shimano --Gothic Lolita girl who receives signals of love-- She is a geeky girl with a strong sense of self-doubt who loves gothic lolita clothes. Thinking that Shoya is her soul mate, she behaves in an outlandish behavior. In her mind, they are already in a relationship.... Shoya Ichijo The protagonist. He cannot leave people in need. This led to his encounter with Shizuka and others. His indecisiveness, leads to a deteriorating relationship with the girls.","['English', 'French', 'Italian', 'German', 'Spanish - Spain', 'Dutch', 'Swedish', 'Norwegian', 'Finnish', 'Bulgarian', 'Vietnamese', 'Portuguese - Portugal', 'Simplified Chinese', 'Traditional Chinese', 'Japanese', 'Korean']","['Japanese', 'Korean']",Unknown,https://shared.akamai.steamstatic.com/store_item_assets/steam/apps/2218300/header.jpg?t=1674622965,Unknown,info-game-support@cyberstep.com,True,False,False,0,Unknown,0,0,1,Unknown,0,0,"Some scenes in the game contain mild sexuality and strong language and may not be suitable for minors or all ages. Scenes that may cause psychological terror, such as house arrest, and scenes involving self-harm are also included. It also contains depictions that may suggest suicide.",0,0,0,0,"CyberStep, Inc.,Rideon Works Co. Ltd,","CyberStep, Inc.","Single-player,Family Sharing","Adventure,Simulation","Choose Your Own Adventure,Visual Novel,Romance,Dating Sim,Simulation,2D,Adventure,Cute,Text-Based,Multiple Endings,Story Rich,Choices Matter,Violent,Sexual Content,Atmospheric,Dark,Singleplayer","https://shared.akamai.steamstatic.com/store_item_assets/steam/apps/2218300/ss_d5b28622f742721c807f4b8d150ddc9bca4ce8e8.1920x1080.jpg?t=1674622965,https://shared.akamai.steamstatic.com/store_item_assets/steam/apps/2218300/ss_e879bf1f38568e1b15f84889aac71f05c9303907.1920x1080.jpg?t=1674622965,https://shared.akamai.steamstatic.com/store_item_assets/steam/apps/2218300/ss_69241dfaa17f628068bc2deb5885c000baadc1f2.1920x1080.jpg?t=1674622965,https://shared.akamai.steamstatic.com/store_item_assets/steam/apps/2218300/ss_ef83eeb53f02462a4fd9585fa9eb5c911b5487b9.1920x1080.jpg?t=1674622965,https://shared.akamai.steamstatic.com/store_item_assets/steam/apps/2218300/ss_7555f0025bc191fae243f8cd72fde3557fd8ae19.1920x1080.jpg?t=1674622965,https://shared.akamai.steamstatic.com/store_item_assets/steam/apps/2218300/ss_937f84fd6150c07bc7971c3b80a61196e97a9ba1.1920x1080.jpg?t=1674622965,https://shared.akamai.steamstatic.com/store_item_assets/steam/apps/2218300/ss_6ac7f9896dc3c7589ad413555dad793ecdccb060.1920x1080.jpg?t=1674622965,https://shared.akamai.steamstatic.com/store_item_assets/steam/apps/2218300/ss_aecfcb7b90138d65244581021cf0ba455e171e16.1920x1080.jpg?t=1674622965,https://shared.akamai.steamstatic.com/store_item_assets/steam/apps/2218300/ss_cb44be850416a4f9704e49af49b89f5779274103.1920x1080.jpg?t=1674622965",Steam,Paid
2082580,Come Together,"Nov 3, 2023",0 - 20000,0,0,0.99,80,0,"Dive into the adventure of 2 squares! Help Blue and Pink find each other in the world of Come Together. Find the right path or solve the puzzle and make players meet! Keep track of each square and don't let things get out of control. Features 5 unique Stages and 40 hand-crafted levels are available to you in Early Access: explore a vast variety of atmospheric locations and overcome different challenges. Lots of game mechanics: unlock new ones as you progress, use your knowledge to lead your way to success. Collectable items and valuables: make new Inventory entries and put them to a good use. NPCs and side quests: meet new friends, trade for resources and help locals to get cool rewards. 3 game modes are available to you in Early Access: it's not just about changing the playfield, it's the complete overhaul of your playstyle. Co-op: grab a friend and enjoy the game together. Control two players as a united force. Level Editor &amp; Custom Levels: build your own levels and play community-made ones. It's not just about solving puzzle levels. The game is filled with dialogues, interactions and other listed features, including different challenges and difficult mechanics that will put your skills and precision to the test. Who said that all the game modes have to be based around one specific rule or theme? New game mode = new game! Just imagine a situation where you’ve been playing a simple puzzle level with 4-directional movement, and the next second you are in the Platformer with big constructions and moving platforms, or even in a remake of a popular mobile title.","['English', 'Russian']",[],Unknown,https://shared.akamai.steamstatic.com/store_item_assets/steam/apps/2082580/header.jpg?t=1760204337,https://thatsnot.games/games/come-together/,contact@thatsnot.games,True,False,True,0,Unknown,0,18,0,Unknown,6,0,Unknown,0,0,0,0,Expected Predicament,ThatsNotGames,"Single-player,Multi-player,Co-op,Shared/Split Screen Co-op,Shared/Split Screen,Steam Achievements,Steam Workshop,Partial Controller Support,Steam Cloud,Includes level editor,Remote Play Together,Family Sharing","Adventure,Casual,Indie,Strategy,Early Access","Turn-Based,Puzzle,Sokoban,Minimalist,Strategy,Turn-Based Strategy,Grid-Based Movement,Action,Adventure,Exploration,2D,Top-Down,Atmospheric,Cute,Funny,Action-Adventure,Singleplayer,Co-op,Controller,Early Access","https://shared.akamai.steamstatic.com/store_item_assets/steam/apps/2082580/ss_82fbf7981da7b43a32159e32a8503242fbcf128e.1920x1080.jpg?t=1760204337,https://shared.akamai.steamstatic.com/store_item_assets/steam/apps/2082580/ss_30337b2eb378deed8ffb28c545477637bff677c2.1920x1080.jpg?t=1760204337,https://shared.akamai.steamstatic.com/store_item_assets/steam/apps/2082580/ss_1244f0a4d0d85f9409141139f3efbdd6b1a8211f.1920x1080.jpg?t=1760204337,https://shared.akamai.steamstatic.com/store_item_assets/steam/apps/2082580/ss_f88b0d608d66d3b385cfbb68170558fa8493755a.1920x1080.jpg?t=1760204337,https://shared.akamai.steamstatic.com/store_item_assets/steam/apps/2082580/ss_4c0ca0f74dc7025f9e34f1b2ff5d4f69e910fa29.1920x1080.jpg?t=1760204337,https://shared.akamai.steamstatic.com/store_item_assets/steam/apps/2082580/ss_8fb8df48b4a8dc8d6c2018796a404cc607d4ec49.1920x1080.jpg?t=1760204337,https://shared.akamai.steamstatic.com/store_item_assets/steam/apps/2082580/ss_ca458959972457329579dbe2b85a910aff9f862b.1920x1080.jpg?t=1760204337,https://shared.akamai.steamstatic.com/store_item_assets/steam/apps/2082580/ss_19813b2bdb08a51857800c4fd4706152fd852b6c.1920x1080.jpg?t=1760204337,https://shared.akamai.steamstatic.com/store_item_assets/steam/apps/2082580/ss_d8973a516a280b796f9a285e04ddf3c83a73a3ff.1920x1080.jpg?t=1760204337,https://shared.akamai.steamstatic.com/store_item_assets/steam/apps/2082580/ss_d94ed3093f882e3f7d987ecaebe944fd52734e2f.1920x1080.jpg?t=1760204337,https://shared.akamai.steamstatic.com/store_item_assets/steam/apps/2082580/ss_ccb77faa340ca3b62a594ede5040a0c4a49af800.1920x1080.jpg?t=1760204337",Steam,Paid
1045340,PUSSY 2,"Mar 22, 2019",0 - 20000,0,0,0.49,51,1,"Hentai is not just 2D girls, this is a whole art. And in this art units understand. The game 'Pussy 2' is a hentai puzzle in which you need to move the elements vertically or horizontally to get the finished image. The game has hot levels, as well as a gallery, after completing a level, you can review your victories here. Hentai girls, this is a whole era of art.",['English'],[],Unknown,https://shared.akamai.steamstatic.com/store_item_assets/steam/apps/1045340/header.jpg?t=1736592778,Unknown,cyberkeksstudio@gmail.com,True,False,False,0,Unknown,0,0,0,Unknown,10,132,This game have Nudity and Sexual Content.,0,0,0,0,Cyber Keks,Cyber Keks,"Single-player,Steam Achievements,Family Sharing","Casual,Indie,Sports",Unknown,"https://shared.akamai.steamstatic.com/store_item_assets/steam/apps/1045340/ss_2684806c2fa4289bdf4880e2383c57c051c463e9.1920x1080.jpg?t=1736592778,https://shared.akamai.steamstatic.com/store_item_assets/steam/apps/1045340/ss_17e0080a1561fc28af92506d96284ebd072ca162.1920x1080.jpg?t=1736592778,https://shared.akamai.steamstatic.com/store_item_assets/steam/apps/1045340/ss_e6d6d3a26f39e7de7d1530552ae2e6899a8f02ba.1920x1080.jpg?t=1736592778,https://shared.akamai.steamstatic.com/store_item_assets/steam/apps/1045340/ss_2ca04f47073e25be06c871d864a4962d4bcc88ba.1920x1080.jpg?t=1736592778,https://shared.akamai.steamstatic.com/store_item_assets/steam/apps/1045340/ss_531debf95424a05f4bb72d51935a061ca1c894fd.1920x1080.jpg?t=1736592778",Steam,Paid
2780270,Dead end Exit 8,"Feb 17, 2024",20000 - 50000,0,0,1.99,50,0,"Ghost hits the wall Have you heard of this term? Or have you experienced it yourself? You are trapped in an infinite loop from which you may never escape. Hospital! Synonymous with a scary place. There are all kinds of equipment and medicines, and nurses keep appearing. Check everything in the scene carefully to see if it is the same as in your memory. Once you find something is wrong, turn back immediately! Maybe it's not too late. After reaching the eighth floor, you will be able to leave this terrible place Maybe. . . . This is a game that is very suitable for interacting with fans and barrages Maybe your fans are better than your eyes? When the number of positive reviews reaches 200, we will update the second scene, which is also centered around the nightmare scene in our hearts. The game supports VR mode. Press ESC on the main interface and select VR mode to enter. Before selecting, please make sure you have and connected the VR device. Before choosing, please make sure you have the possibility to take off your VR device. After selecting, you may not be able to take off the VR device. Infinite loop couples hotel is coming! Are you ready for the challenge? You receive an invitation on a 'special' dating app. After being excited about the appointment, you get involved in an infinite loop in a couple's hotel. No matter facing ambiguity or horror, you must carefully observe all the anomalies. The answer of the mystery will be waiting for you on the 30th floor! Who is the real invitee and what is her purpose? Can you solve these mysteries?","['English', 'Simplified Chinese', 'French', 'Italian', 'German', 'Spanish - Spain', 'Russian', 'Turkish', 'Japanese', 'Polish', 'Portuguese - Brazil', 'Portuguese - Portugal', 'Spanish - Latin America', 'Korean']","['English', 'Korean']",Unknown,https://shared.akamai.steamstatic.com/store_item_assets/steam/apps/2780270/header.jpg?t=1720085680,Unknown,special@xrlinkup.com,True,False,False,0,Unknown,0,93,27,Unknown,0,102,Unknown,80,0,83,0,Linkup,Linkup,"Single-player,VR Supported,Family Sharing","Adventure,Indie,Simulation","Exploration,Psychological Horror,Immersive Sim,Horror,VR,Puzzle,Mystery,Dungeon Crawler,Simulation,Walking Simulator,Psychological,First-Person,Adventure,Investigation,Surreal,Hidden Object,Linear,Realistic,Controller,Atmospheric","https://shared.akamai.steamstatic.com/store_item_assets/steam/apps/2780270/ss_1b822cbdb2192c86c9b68cf4db2410e9c3b53058.1920x1080.jpg?t=1720085680,https://shared.akamai.steamstatic.com/store_item_assets/steam/apps/2780270/ss_517976d2f9c8e1ba99af37372719064119f2ec61.1920x1080.jpg?t=1720085680,https://shared.akamai.steamstatic.com/store_item_assets/steam/apps/2780270/ss_c6514d50d6e33f1b0e2167091268647682888b7c.1920x1080.jpg?t=1720085680,https://shared.akamai.steamstatic.com/store_item_assets/steam/apps/2780270/ss_037397037c5bdcee67922ba8b7d21e33dd7901fc.1920x1080.jpg?t=1720085680,https://shared.akamai.steamstatic.com/store_item_assets/steam/apps/2780270/ss_f5d11f83253eadceaac28b25e33b156b012b666f.1920x1080.jpg?t=1720085680,https://shared.akamai.steamstatic.com/store_item_assets/steam/apps/2780270/ss_0b49a6b3c4232ad319027edff3286cc128573470.1920x1080.jpg?t=1720085680,https://shared.akamai.steamstatic.com/store_item_assets/steam/apps/2780270/ss_f07941c231ac7b7e74b42b146cf7350b55bc9dfd.1920x1080.jpg?t=1720085680,https://shared.akamai.steamstatic.com/store_item_assets/steam/apps/2780270/ss_e5ff3978df2f677ea244230be76d7c6efbfb3211.1920x1080.jpg?t=1720085680,https://shared.akamai.steamstatic.com/store_item_assets/steam/apps/2780270/ss_ff3ad64cedc010f3d2373cc8eed955302a02bdd6.1920x1080.jpg?t=1720085680,https://shared.akamai.steamstatic.com/store_item_assets/steam/apps/2780270/ss_471b30db1dd364ffb92263bed095f5341197b8aa.1920x1080.jpg?t=1720085680,https://shared.akamai.steamstatic.com/store_item_assets/steam/apps/2780270/ss_7ff1bf82fa303ba3012b9c47b4b5ee1555bac190.1920x1080.jpg?t=1720085680,https://shared.akamai.steamstatic.com/store_item_assets/steam/apps/2780270/ss_f75c02b1310c85cdc2c151f455846baeabed7373.1920x1080.jpg?t=1720085680,https://shared.akamai.steamstatic.com/store_item_assets/steam/apps/2780270/ss_8eb1714d48e30494c584fc74e9eb4ef7e6bdb884.1920x1080.jpg?t=1720085680",Steam,Paid
799410,The Outbreak Story,"Sep 8, 2023",0 - 20000,0,0,0.0,0,0,"Join Noah as he follows in his deceased father's footsteps: becoming an agent of the Special Paranormal Defense Forces, a secret organisation that protects people from the paranormal. The organisation has its hands full, however, as a strange disease is turning people into unrecognisable monsters. Along the way, Noah and his teammates (James Thorpe and Marie Belle) gain various allies, such as fellow SPDF agents Alexia Birmingham and Shelby Rose, their superior Prof. Steffi Cartwright and others, all of whom have their own personal tragedies that led to them joining the SPDF to begin with. Their fight against the sickness is made more difficult as their unresolved issues catch up to them in ways they do not expect. Will they be able to overcome the trials that lay ahead?​ Features: Action-packed combat. A dramatic story with complex characters and existentialist themes. Music that sets the mood of the story, featuring original compositions by Cocoshii as well as tracks by NemesisTheory and DJGenericName. Lots of side-quests, NPCs and lore to be discovered. RPG elements.",['English'],[],Unknown,https://shared.akamai.steamstatic.com/store_item_assets/steam/apps/799410/header.jpg?t=1734691243,http://www.bas-makes-games.com,bas-makes-games@outlook.com,True,False,True,0,Unknown,0,7,7,Unknown,0,0,Unknown,0,0,0,0,Jules-Makes-Games,Jules-Makes-Games,"Single-player,Partial Controller Support","Action,Indie,RPG,Free To Play","Action,Free to Play,RPG,Indie,Gore,Violent,Pixel Graphics,LGBTQ+,Fantasy,2D,Dark,Dark Fantasy","https://shared.akamai.steamstatic.com/store_item_assets/steam/apps/799410/ss_89c1340aea75cbe9689475fd83012ed641046dea.1920x1080.jpg?t=1734691243,https://shared.akamai.steamstatic.com/store_item_assets/steam/apps/799410/ss_84502efd162d1b0a72c0189ec6ca2500fd73704d.1920x1080.jpg?t=1734691243,https://shared.akamai.steamstatic.com/store_item_assets/steam/apps/799410/ss_4ae7ff00fb71d6b77c9a20f15cc6d988b77b28c2.1920x1080.jpg?t=1734691243,https://shared.akamai.steamstatic.com/store_item_assets/steam/apps/799410/ss_24f72e2eb741df02296b2baa65bea999b305203d.1920x1080.jpg?t=1734691243,https://shared.akamai.steamstatic.com/store_item_assets/steam/apps/799410/ss_cae10f213e9aff263c9511aec66b996d6fe147b3.1920x1080.jpg?t=1734691243,https://shared.akamai.steamstatic.com/store_item_assets/steam/apps/799410/ss_ea12099d118e9e9678149417d35b3d1b0a1fc792.1920x1080.jpg?t=1734691243,https://shared.akamai.steamstatic.com/store_item_assets/steam/apps/799410/ss_b38ae5b3dc5a2d85c143e72cbe6591c60f55ac3c.1920x1080.jpg?t=1734691243,https://shared.akamai.steamstatic.com/store_item_assets/steam/apps/799410/ss_11ce75f112c4c84c874892fc07ac00a7901687a4.1920x1080.jpg?t=1734691243,https://shared.akamai.steamstatic.com/store_item_assets/steam/apps/799410/ss_7864ecdd3fa17ee97aa8e016d2b7fee72b6f2c0b.1920x1080.jpg?t=1734691243",Steam,Free
2403370,|][-@I7 in vitro #デッド・インヴィトロ,"Jun 13, 2023",0 - 20000,0,0,1.99,0,0,"■Outline Target Age All ages Game Genre Bullet Hell Shooter Duration 30 min. ■Controls From INPUT, you can switch to the setting for external adjustment key assignment. [keyboard]. Z : OK X : Back Cross key : Movement of the unit (8 directions) Z : Shot / Lock shot(press and hold to Lock Shot) X : Mystery(Bomb) C : Full auto shot esc : Force quit [Controller (PS4 Controller)] Joystick button 0 (0 button): OK Joystick button 1 (X button): Back L stick : Move your ship (8 directions) Joystick button 2 (0): Shot / Lock shot (press and hold for lock shot) Joystick button 5 (R1 button): Mystery(Bomb) Joystick button 3 (△ button): Full auto shot Joystick button 9 (Option button): Forced exit ■Game Rules [Basic rules] Defeat the boss that appears at the end of the stage so that your LIFE does not reach 0. If you are hit by enemy bullets, your LIFE will decrease by 1, and when your LIFE reaches 0, the game is over. [Rank System] The RANK changes depending on your actions during the game, and the difficulty level changes significantly. The higher the RANK, the higher the score. The game also changes when certain other conditions are met. Mystery activation: +1 Mystery triggered while Mystery is triggered: +1 Mystery ends: -1 Mystery hit: -1 Acknowledgments The following software and materials were used in the production of this work. 0Software Unity 2021.3.16f1 BGM Kazuchi ISAo Light Canvas MAKOOTO MoppySound PeriTune SE OSA Company SHIKUMI DESIGN Inc. Sound Effect Labo. Producers Circle name Cupro Laboratory Member Cupro ■Precautions 1) The creator shall not be held liable for any damage or obstacle caused by this work. 2) Unauthorized reproduction or unauthorized commercial use of this work is prohibited. 3) Uploading of play videos and publication of derivative works are allowed within the bounds of common sense. Please contact us in case of commercial use. ■Production Time 12 months","['English', 'Japanese']",[],Unknown,https://shared.akamai.steamstatic.com/store_item_assets/steam/apps/2403370/header.jpg?t=1686641168,Unknown,i.k.39.168.207.2020@outlook.jp,True,False,False,0,Unknown,0,14,0,Unknown,8,0,Unknown,0,0,0,0,きゅぷら研究室,きゅぷら研究室,"Single-player,Family Sharing","Action,Casual","Casual,Bullet Hell,Shooter,2D,Action,Singleplayer,Score Attack,Controller,Cyberpunk,Colorful,Psychedelic,Zombies,Shoot 'Em Up","https://shared.akamai.steamstatic.com/store_item_assets/steam/apps/2403370/ss_a4cd730c20c38031b7b540a2c768ffce5d9bfc0f.1920x1080.jpg?t=1686641168,https://shared.akamai.steamstatic.com/store_item_assets/steam/apps/2403370/ss_581e694023e0ddb17140c14b1e8ee34085bfde1e.1920x1080.jpg?t=1686641168,https://shared.akamai.steamstatic.com/store_item_assets/steam/apps/2403370/ss_aef24b8e5180cfa983679ff8d557ff618cb456f2.1920x1080.jpg?t=1686641168,https://shared.akamai.steamstatic.com/store_item_assets/steam/apps/2403370/ss_0acccf8924f02d1b9d13b926c57678ac19d01231.1920x1080.jpg?t=1686641168,https://shared.akamai.steamstatic.com/store_item_assets/steam/apps/2403370/ss_3142153216ed0ec9efb4d6d3efa26fca72198504.1920x1080.jpg?t=1686641168,https://shared.akamai.steamstatic.com/store_item_assets/steam/apps/2403370/ss_4ecfd5db28594807c6f51941a718f3e0b971f8ba.1920x1080.jpg?t=1686641168,https://shared.akamai.steamstatic.com/store_item_assets/steam/apps/2403370/ss_7ae77cfd490a574412e53c6a33c88fff3bc5ce36.1920x1080.jpg?t=1686641168,https://shared.akamai.steamstatic.com/store_item_assets/steam/apps/2403370/ss_c01c275a5325163f7c58ae4e10643b0d1a0fc10f.1920x1080.jpg?t=1686641168,https://shared.akamai.steamstatic.com/store_item_assets/steam/apps/2403370/ss_c5f06bcb0ddc1dc796dfbb7d8777ef9f54b099e4.1920x1080.jpg?t=1686641168,https://shared.akamai.steamstatic.com/store_item_assets/steam/apps/2403370/ss_f951af15f96faa8c3d648f250e3a4506080d347a.1920x1080.jpg?t=1686641168,https://shared.akamai.steamstatic.com/store_item_assets/steam/apps/2403370/ss_aafb1b94ee1d4b1d70dacb8e46b4639adcfcbb3f.1920x1080.jpg?t=1686641168,https://shared.akamai.steamstatic.com/store_item_assets/steam/apps/2403370/ss_2e2d527da7e08aa1a723d111fbf0b79206f4b701.1920x1080.jpg?t=1686641168,https://shared.akamai.steamstatic.com/store_item_assets/steam/apps/2403370/ss_c52eb06bcefc4d2d0a132490258837211e5c7a57.1920x1080.jpg?t=1686641168,https://shared.akamai.steamstatic.com/store_item_assets/steam/apps/2403370/ss_e7826df740455b0221665ce57046616c2510a719.1920x1080.jpg?t=1686641168,https://shared.akamai.steamstatic.com/store_item_assets/steam/apps/2403370/ss_1830598e44fdbc0d76d45807df1d3b8961d5456c.1920x1080.jpg?t=1686641168",Steam,Paid
2462150,The Richmond Rut (In Search of Fenton),"Jun 23, 2023",0 - 20000,0,0,0.0,0,0,"Fenton is still lost... The time has come! Retain good faith as you traverse the wild in Richmond Park, in search of your beloved dog who ran after deer, into the wilderness and out of sight. The disruption has taken it's toll on the local flora and fauna, it's not looking good! Fenton is out there still live and well. It's down to you to bring him home safely. This is a challenging, short, dark, horror survival themed first person shooter based in the district of Richmond-upon-Thames within Greater London. The main objective is to search for your lost dog 'Fenton', collecting whatever you may find to help you find Fenton on the way and to ultimately bring him back home safe and sound. Weapons found in the game include Shotgun, M4 assault rifle, Grenade Launcher and Nuke Launcher. Defeat enemies such as Rabid Foxes, Stags, Killer Bees and more. Respect the deer and remember once you're in the park always check your surroundings.",['English'],['English'],Unknown,https://shared.akamai.steamstatic.com/store_item_assets/steam/apps/2462150/header.jpg?t=1707246261,Unknown,Hellhives@gmail.com,True,False,False,0,Unknown,0,6,2,Unknown,0,0,Unknown,0,0,0,0,Adam Bradley,Adam Bradley,Single-player,"Action,Adventure,Casual,Indie,Simulation,Free To Play","Action,Simulation,Action RPG,Shooter,Adventure,3D Platformer,Casual,Exploration,3D,First-Person,Alternate History,Free to Play,Modern,Indie,Perma Death,Singleplayer","https://shared.akamai.steamstatic.com/store_item_assets/steam/apps/2462150/ss_f05123ae783f81819f2209cae13d83bc4807618a.1920x1080.jpg?t=1707246261,https://shared.akamai.steamstatic.com/store_item_assets/steam/apps/2462150/ss_6a9fc3d46826fd8cf316f1a13713209e2825518e.1920x1080.jpg?t=1707246261,https://shared.akamai.steamstatic.com/store_item_assets/steam/apps/2462150/ss_248e212ea9fd6471c2319ef3edabf121ff4029ce.1920x1080.jpg?t=1707246261,https://shared.akamai.steamstatic.com/store_item_assets/steam/apps/2462150/ss_e4ff1ea04c93a0e13d3a595918b5ebb20bb3d1fd.1920x1080.jpg?t=1707246261,https://shared.akamai.steamstatic.com/store_item_assets/steam/apps/2462150/ss_9ad8c04e5199216f8c1eca90cb9e37065a00c4b9.1920x1080.jpg?t=1707246261",Steam,Free
778050,Revenge of the Headless,"Apr 3, 2018",0 - 20000,0,0,0.99,0,0,"game introduction It's a game of adventure. All you have to do is take your head, kill a blood trail in the old castle, and finally take your throne. Unlike ordinary brick games, breaking the barrel is not our goal. What we need to do is more important and great, and that is to eliminate all the enemies that stand in our way. Please note that they are more dangerous than barrels! But it doesn't matter, though you are the Headless, but you still have your head to fight for you! game content: a headless and his head wizard guide attendant who gives you a reward. 90+ different levels 30+ different monsters 50+ different props. a more difficult pattern than ordinary bricks. special events that are randomly triggered in the game special small game the final BOSS is determined according to the behavior of the player. about us This is the first work of our team. I hope to bring you a different experience. Since we are making this game for the first time, time and money are not sufficient, so if there are some places that are not ideal, we hope you can understand. Finally, have a good time. About Localization The English translation is not professional, If you are interested at helping us, you can contact following email to see more information about custom localization.","['English', 'Russian', 'Simplified Chinese', 'Traditional Chinese', 'Japanese', 'German']",[],Unknown,https://shared.akamai.steamstatic.com/store_item_assets/steam/apps/778050/header.jpg?t=1544412780,Unknown,songofcrossbow@qq.com,True,False,False,0,Unknown,0,43,12,Unknown,17,0,Unknown,0,0,0,0,Sloth Studio,Sloth Studio,"Single-player,Steam Achievements,Steam Cloud,Stats,Steam Leaderboards,Family Sharing","Action,Adventure,Casual,Indie","Action,Adventure,Indie,Casual,Difficult,Rogue-like,Pixel Graphics","https://shared.akamai.steamstatic.com/store_item_assets/steam/apps/778050/ss_8ac898880ab324846e1e06ce4b7234cd0b27f8f3.1920x1080.jpg?t=1544412780,https://shared.akamai.steamstatic.com/store_item_assets/steam/apps/778050/ss_efa592139421f46b9368601ddf3f81888d1641d4.1920x1080.jpg?t=1544412780,https://shared.akamai.steamstatic.com/store_item_assets/steam/apps/778050/ss_dfe76295bb99e164f2df2709e404ae661342b425.1920x1080.jpg?t=1544412780,https://shared.akamai.steamstatic.com/store_item_assets/steam/apps/778050/ss_ce570be5bea22b4fa5f95e58067ed6f67a55567a.1920x1080.jpg?t=1544412780,https://shared.akamai.steamstatic.com/store_item_assets/steam/apps/778050/ss_aa2fc761ba3055bb8da9ee8c41cf8258b177c93d.1920x1080.jpg?t=1544412780,https://shared.akamai.steamstatic.com/store_item_assets/steam/apps/778050/ss_9a42ad0a00ba61bf3602d5c61b56f3f003878978.1920x1080.jpg?t=1544412780",Steam,Paid
313630,The Solus Project,"Jun 7, 2016",200000 - 500000,2,0,19.99,0,1,"A single player exploration driven adventure with survival elements, set on a mysterious and seemingly uninhabited alien planet. Survive through exploration, and unlock the mysteries of Gliese-6143-C. From the creators of 'Unmechanical' and successor to 'The Ball'. Earth has been destroyed and mankind lingers on in a small fleet of ships near Pluto. As humanity's last hope, you are sent to scout a distant planet as a potential location for a colony. After years of space travel disaster strikes however, and your ship is destroyed when approaching the planet... With your team members dead and your equipment gone you have no way of communicating or receiving help from anyone... you are completely and utterly alone... Desperately you look for a way of phoning home, but as you explore the seemingly desolate planet, you uncover the dark secrets buried within the depths. In this otherworldly odyssey you uncover mystery upon mystery as you try to survive the harsh climate. FEATURES Explore - Unlock the depths of the uncharted planet, and discover the secrets buried deep below. Delve into huge cave systems and tombs and uncover over 200 secrets. Handcrafted - 10 large entirely handcrafted levels to explore. Explore and puzzle your way through 5 islands and 5 large tombs/caves. Atmosphere - Atmosphere rich environment that is fully dynamic. An alien day and night cycle and a dynamic weather system that calculates everything from temperature, wind, humidity, cloud coverage impact on the climate and so on. It handles ocean tides. Plants respond to the climate. Storms form. Earthquakes happen. Survive - Survive the extreme climate, tornadoes, storms, meteors, lightning, and not least the dark secrets buried beneath the surface. VR - Supports Vive and Oculus, including room space and motion controllers. Explore the huge world start to end in VR! (*Some VR features are still in development - see notes at the bottom for info) FEATURES CONTINUED Depth - Plants grow and rot. Ocean tide based on the moon. Your body responds to everything from getting wet to lack of sleep to walking uphill to the humidity. Hundreds of upgrades to be found. Secret areas within secret areas within secret areas. Savior - Your death means the end of mankind. Save us and rebuild a communication device to phone home, by scavenging useful items. Adventure - Be a pioneer, an archaeologist, and an astronaut to explore a mysterious alien planet. The adventure has a beginning and an end, but it is a harsh world. A mistake will cost you your life. GAMEPLAY Linear - The game has a start and end. It is a singleplayer adventure with 10 large levels. Your Time - Scale the game as you wish. Go from a super hardcore experience to a relaxing stroll on an alien planet. In fact you can cheat old school console style even. It is your time, your experience. Just You - Little hand holding. No obvious enemies. It is just you. All alone by yourself. Old school - Fond memories of games from 10, 20 years ago? So do we. Complex level layouts. Dozens of secret areas. Keys to unlock doors. Underground environments. A ~ key to open the game console. Exploration - There are hundreds and hundreds of things to find hidden away in the world. Secret areas the size of modern 'next gen levels'. Just how deep does the rabbit hole go? Puzzles - Puzzle your way through environmental puzzles left by an alien civilization, like our titles Unmechanical and The Ball. THE PLANET World - Gliese-6143-C is a harsh and barren planet, covered by a vast ocean. Days are over 45C/113F, and nights under -30C/F. Archipelago - 5 islands, with a shallow sea between them and connected through a system of caves. To travel from one island to the next you must traverse these dark caverns. Wreckage - The spaceship in which you arrived crashed on arrival, and its debris is scattered across the world. Find and locate debris sites to find additional resources. Tombs - Megalithic tombs are all over. Clearly you were not the first intelligent being to have set foot on this planet. Who was here before? Where did they go? What happened? VR Vive/Oculus - Works on both. Supports Xbox controller on Oculus, and either the Xbox controller or motion controllers on Vive. Supports room scale for Vive. Keyboard and mouse is supported as well. Movement - Supports regular locomotion walking and teleporting. For rotating you can pick between room scale rotation, snapped rotation (45 degree steps), smooth rotation, or enable strafing. Movement speed can also be scaled freely. High end and huge - This is not a small VR demo or game. It is a massive 16 hour experiences with miles and miles worth of world to explore, and provided you have a powerful machine (980 and up) you can experience it with some of the most ambitious high end graphics tried in VR to date. TSP is not a pure VR game. It was designed for non-VR gameplay and thus a VR headset is in no way required to play the game. If you do have one, it is an awesome (but different) experience! VR is work in progress - Currently not implemented: VR Loading screens and Oculus Touch. The intro tutorial is also a bit rough. Everything else works solidly. TSP received a major VR patch July 20 2016 adding VR inventory and crafting among many other fixes, and another one on December 4 2016 adding the Explorer Diary and a range of fixes. ABOUT US The Solus Project is the brainchild of Sjoerd 'Hourences' De Jong. As a one-man army he crafted the vision for the game and a large part of the game's looks. Sjoerd has over 12 years of experience in the industry and has worked for a range of large and small studios such as Starbreeze, Epic Games, Guerrilla Games, Digital Extremes, and many more. The game has been in production since July 2013, and has a team of 5 to 10 people working on it. Teotl is a small indie studio that was founded in 2010 and is located in Sweden. It released The Ball on PC in 2010 and followed up with Unmechanical Unmechanical on PC and iOS/Android in 2012. The studio focuses on creating high quality and immersive single player experiences. The Ball won the PC Gamer USA Action / Adventure Game of the Year 2010 award. Grip Digital is a privately owned developer and publisher of games for consoles and high-end portable devices, based in Prague, Czech Republic. The company was started by industry veterans who worked on games across all major platforms. Grip Games is working with the top independent developers to bring their games to console platforms.","['English', 'Danish', 'Swedish', 'French', 'German', 'Spanish - Spain', 'Russian', 'Italian', 'Polish', 'Czech']","['English', 'Czech']","“The Solus Project is absolutely incredible” Rock Paper Shotgun “The Solus Project is a breath of fresh air, boasting ingenuity and creativity” 8/10 – Don't hate the geek “If you are looking for a true survival experience with balanced difficulty and good story line then this game is an absolute must for you.” The Tech 52",https://shared.akamai.steamstatic.com/store_item_assets/steam/apps/313630/header.jpg?t=1480876448,http://www.TheSolusProject.com,support@thesolusproject.com,True,False,False,68,https://www.metacritic.com/game/pc/the-solus-project?ftag=MCD-06-10aaa1f,0,2072,521,Unknown,43,2451,Unknown,370,0,135,0,"Hourences,Grip Games",Teotl Studios,"Single-player,Steam Achievements,Full controller support,Tracked Controller Support,VR Supported,Steam Trading Cards,Captions available,VR Support,Remote Play on TV,Family Sharing","Adventure,Indie,Simulation","Survival,Adventure,Exploration,Sci-fi,VR,Survival Horror,Singleplayer,First-Person,Atmospheric,Space,Horror,Story Rich,Simulation,Walking Simulator,Indie,Open World,Mystery,Crafting,Psychological Horror,Sandbox","https://shared.akamai.steamstatic.com/store_item_assets/steam/apps/313630/ss_8d4cb82f736634e5074704c2c1bb5e5eebb14e8a.1920x1080.jpg?t=1480876448,https://shared.akamai.steamstatic.com/store_item_assets/steam/apps/313630/ss_3115a59833ec755a639adbdad13d33947ba4a335.1920x1080.jpg?t=1480876448,https://shared.akamai.steamstatic.com/store_item_assets/steam/apps/313630/ss_a9f8ab5b343ffd25a993952c4bf82e3859c02c86.1920x1080.jpg?t=1480876448,https://shared.akamai.steamstatic.com/store_item_assets/steam/apps/313630/ss_f19a592953cb9aa3df34895eda66853eacf9c77c.1920x1080.jpg?t=1480876448,https://shared.akamai.steamstatic.com/store_item_assets/steam/apps/313630/ss_503d356c1c28813647ee50fc9e91f70fcd06f892.1920x1080.jpg?t=1480876448,https://shared.akamai.steamstatic.com/store_item_assets/steam/apps/313630/ss_a0a4c7d1ac1df220726c3023f46348c5fbdb1cb8.1920x1080.jpg?t=1480876448,https://shared.akamai.steamstatic.com/store_item_assets/steam/apps/313630/ss_9f02f4ec322bfdf77287cfa045e87d45ea7c344c.1920x1080.jpg?t=1480876448",Steam,Paid
842560,War Hunter,"Apr 24, 2018",0 - 20000,0,0,2.99,0,0,"War Hunter War Hunter is a first person shooter where you take control of the special agents and must fight your way through a cold and mean scenery and find the arms dealer Talib. The world public is panic-stricken. A well-known arms dealer, Talib, stole a nuclear device from the Russian government. The media is buzzing about the imminent extermination of all of humanity. The US government has sent a special unit to neutralize the enemy. The Russians, in turn, send the best agent of the FSB. Will they be able to save the whole world together? Everything depends on you! You have the classic FPS controls, with WASD and arrows to move your character and mouse to point and shoot. FEATURES : - Great graphics and special effects. - Immersive soundtrack. - Hard challenge. - Intense action",['English'],[],Unknown,https://shared.akamai.steamstatic.com/store_item_assets/steam/apps/842560/header.jpg?t=1564767143,Unknown,Unknown,True,False,False,0,Unknown,0,8,35,Unknown,0,0,Unknown,0,0,0,0,Falco Software,Unknown,"Single-player,Family Sharing","Action,Casual,Indie","Action,Indie,Casual,Shooter,Singleplayer,FPS,War,Atmospheric,Difficult","https://shared.akamai.steamstatic.com/store_item_assets/steam/apps/842560/ss_99e9313c03914bbeb72c3786de8634ebcaa9f971.1920x1080.jpg?t=1564767143,https://shared.akamai.steamstatic.com/store_item_assets/steam/apps/842560/ss_95a8aadc513465e30d37618aee233051313725e5.1920x1080.jpg?t=1564767143,https://shared.akamai.steamstatic.com/store_item_assets/steam/apps/842560/ss_2b032ba609dfd4a81c08d9d1270331c883d68441.1920x1080.jpg?t=1564767143,https://shared.akamai.steamstatic.com/store_item_assets/steam/apps/842560/ss_442b90e530c7fb8bf617645d65bb34ed0854ec1b.1920x1080.jpg?t=1564767143,https://shared.akamai.steamstatic.com/store_item_assets/steam/apps/842560/ss_1997fc22e62e2d215e91d7cc6c672a817c0735d2.1920x1080.jpg?t=1564767143,https://shared.akamai.steamstatic.com/store_item_assets/steam/apps/842560/ss_c8783a8b8b981288fcf98e547a303178c52a19a0.1920x1080.jpg?t=1564767143,https://shared.akamai.steamstatic.com/store_item_assets/steam/apps/842560/ss_dab71f0132712e352a10768c8dddb287bd9ec816.1920x1080.jpg?t=1564767143,https://shared.akamai.steamstatic.com/store_item_assets/steam/apps/842560/ss_59177335c6c35288a4435343df214b24746c7124.1920x1080.jpg?t=1564767143,https://shared.akamai.steamstatic.com/store_item_assets/steam/apps/842560/ss_d5d7d79295bddadd591b95faef8a9fa786860b59.1920x1080.jpg?t=1564767143,https://shared.akamai.steamstatic.com/store_item_assets/steam/apps/842560/ss_554edbeff8867669287b9d2042a4bc54b06242fd.1920x1080.jpg?t=1564767143,https://shared.akamai.steamstatic.com/store_item_assets/steam/apps/842560/ss_27cc717315a2223724548d936a5a0678237561b6.1920x1080.jpg?t=1564767143",Steam,Paid
2219280,The Infernal Masquerade,"Oct 26, 2023",0 - 20000,0,0,4.99,0,0,"The Infernal Masquerade is a gothic horror PS2 -inspired take on the classic minesweeper game, along with additional hints on the hidden undead, that make it more up to the player's skill to find the vampires behind the venetian masks. The adventure starts in 1868, aboard a ship sailing towards London, as a vampire hunter searching for the undead menace hidden among the masqued partygoers traveling. Armed with roses, infused with the sunlight that made them grow, you mark the suspected vampires by placing the roses on their chests and finally release their energy to scorch the bloodsuckers to smoldering husks. You will be helped by the humans among the vampires, whom are too afraid to all but hint whom in their surroundings is a vampire. You will move from different locations to clear often several groups of people from the infected.",['English'],['English'],Unknown,https://shared.akamai.steamstatic.com/store_item_assets/steam/apps/2219280/header.jpg?t=1698990720,Unknown,esaonase@gmail.com,True,False,False,0,Unknown,0,6,0,Unknown,7,0,Unknown,0,0,0,0,Aarre Entertainment,Aarre Entertainment,"Single-player,Steam Achievements,Partial Controller Support,Steam Cloud,Family Sharing","Casual,Indie,Strategy","Casual,Strategy,Puzzle,FPS,Sokoban,3D,Stylized,Historical,Horror,Logic,Dark,Vampire,Old School,Story Rich,Procedural Generation,Resource Management,Choices Matter,Singleplayer,Indie","https://shared.akamai.steamstatic.com/store_item_assets/steam/apps/2219280/ss_bc069fd831ce35771201a792ff0870287fc59099.1920x1080.jpg?t=1698990720,https://shared.akamai.steamstatic.com/store_item_assets/steam/apps/2219280/ss_312cf5c1671b9d3f4f772c0ef6ed6d1e99bdb4c0.1920x1080.jpg?t=1698990720,https://shared.akamai.steamstatic.com/store_item_assets/steam/apps/2219280/ss_afbe91a61695bb025a755f275b588d1198bcaf13.1920x1080.jpg?t=1698990720,https://shared.akamai.steamstatic.com/store_item_assets/steam/apps/2219280/ss_2e38cb89ae36de0d687f078cebc5078dde118db6.1920x1080.jpg?t=1698990720,https://shared.akamai.steamstatic.com/store_item_assets/steam/apps/2219280/ss_957bf4f40fd56cd9ca330f80a04d9a3bc908e28e.1920x1080.jpg?t=1698990720",Steam,Paid
1216880,Risen Kingdom,"Feb 28, 2020",50000 - 100000,3,0,0.59,80,0,"Risen Kingdom is a real-time strategy game with building and settlement management mechanics. The game is set in a medieval fantasy world years after a great Kingdom has been overrun by hordes of the undead. Now, the bravest warriors are going on a campaign to claim back the land once lost by their ancestors and bring the Kingdom back to its former glory. Build your Settlement Build mills and houses to provide your people with food and a place to live. Obtain natural resources, expand your settlement and develop new technologies. Build markets and banks to ensure the settlement’s economic stability. Carefully manage resources, research new tech and lead your settlement to prosperity! Defend your Settlement Train and hire warriors to defend your settlement. Each unit has unique skills and upgrades. Build defensive structures such as stakewalls, lookout posts, cannons and towers. Make use of strategic possibilities and landscape features. Survive! Prepare for the night and try to survive the onslaught of enemies!","['English', 'Russian']",[],Unknown,https://shared.akamai.steamstatic.com/store_item_assets/steam/apps/1216880/header.jpg?t=1706545574,Unknown,Tazdraperm.dev@gmail.com,True,False,False,0,Unknown,0,317,87,Unknown,38,407,Unknown,276,0,349,0,"MyDreamForever,Tazdraperm",MyDreamForever,"Single-player,Steam Achievements,Steam Trading Cards,Steam Cloud,Stats,Family Sharing","Indie,Strategy","Strategy,Indie,Tower Defense,RTS,Base-Building,Zombies,2D,Singleplayer,Casual,Fantasy,Colony Sim,GameMaker,Economy","https://shared.akamai.steamstatic.com/store_item_assets/steam/apps/1216880/ss_01fc91e2465e2aa0d1c56cff8b50becef58de757.1920x1080.jpg?t=1706545574,https://shared.akamai.steamstatic.com/store_item_assets/steam/apps/1216880/ss_cb2032cf7bf11e8db8de3d4ac4aea75e70d17424.1920x1080.jpg?t=1706545574,https://shared.akamai.steamstatic.com/store_item_assets/steam/apps/1216880/ss_6f5a32d0e2d174da982d28fdaa025ee49551718b.1920x1080.jpg?t=1706545574,https://shared.akamai.steamstatic.com/store_item_assets/steam/apps/1216880/ss_f13d04fe789c5bad9bf4937bbae74720868c21b7.1920x1080.jpg?t=1706545574,https://shared.akamai.steamstatic.com/store_item_assets/steam/apps/1216880/ss_80db86827bea2413b7378c7e6673f33eec05601a.1920x1080.jpg?t=1706545574,https://shared.akamai.steamstatic.com/store_item_assets/steam/apps/1216880/ss_ad151616b9a6194cc196132ebb72dccbde851b4e.1920x1080.jpg?t=1706545574,https://shared.akamai.steamstatic.com/store_item_assets/steam/apps/1216880/ss_9743473cf8a9e8c2b3c8bc4eca371009004dfef8.1920x1080.jpg?t=1706545574,https://shared.akamai.steamstatic.com/store_item_assets/steam/apps/1216880/ss_71f2c7bee76436d24fedc22e013e07b3bca0e9a8.1920x1080.jpg?t=1706545574,https://shared.akamai.steamstatic.com/store_item_assets/steam/apps/1216880/ss_d4d949172cab6bb115e6a1983025d2f4be8b9958.1920x1080.jpg?t=1706545574,https://shared.akamai.steamstatic.com/store_item_assets/steam/apps/1216880/ss_1fc47d062d15254600cc8effcbd65a2cd9bf77e8.1920x1080.jpg?t=1706545574",Steam,Paid
551580,Goblin and Coins,"Nov 8, 2016",20000 - 50000,0,0,0.67,0,0,"Run and jump, collect coins, confront enemies and avoid traps, open gates and find secret stashes. It's a simple 2D platformer with a twist: You're not a hero from the castle about to slay an evil dragon, you're a goblin cook working for the dragon! It starts slowly but things get more and more complicated as you go. Story Your master has been robbed by a pesky rogue, and it's kind of your fault. Follow them through 5 different settings, from the dragon's lair in the Fiery temple of Doom, all the way to the Castle Keep, and return the stolen treasure! But beware, the closer you get to civilization, the more dangerous it becomes for a defenseless goblin. Features Over 35 levels filled with enemies, traps and secrets. Unique game mechanics for every world. Two difficulty settings (casual &amp; old school). Ability to save &amp; continue later, for casual players. Keyboard (You can rebind the keys) and gamepad support. Cool music by Kevin MacLeod Legend: Find out more about the world, unlock recipes, check achievements!","['English', 'Spanish - Spain', 'Russian', 'Simplified Chinese', 'German', 'French']","['English', 'French']",Unknown,https://shared.akamai.steamstatic.com/store_item_assets/steam/apps/551580/header.jpg?t=1745387906,http://goblin.nikolabulj.com,Unknown,True,False,True,0,Unknown,0,90,12,Unknown,10,0,Unknown,0,0,0,0,Nikola Bulj,Nikola Bulj,"Single-player,Steam Achievements,Full controller support,Steam Trading Cards,Adjustable Difficulty,Playable without Timed Input,Steam Cloud,Steam Leaderboards,Remote Play on TV,Family Sharing","Action,Casual,Indie","Side Scroller,2D Platformer,Perma Death,Difficult,Platformer,Villain Protagonist,2D,Cute,Cooking,Controller,Linear,Action,Cartoony,Pixel Graphics,1980s,Family Friendly,Fantasy,Medieval,Singleplayer,Adventure","https://shared.akamai.steamstatic.com/store_item_assets/steam/apps/551580/ss_6d7ac143c9286b2c18fd7a77be6d7b2b77f1fd48.1920x1080.jpg?t=1745387906,https://shared.akamai.steamstatic.com/store_item_assets/steam/apps/551580/ss_2bae79568493aad6f08f1f48f9847e64616a2139.1920x1080.jpg?t=1745387906,https://shared.akamai.steamstatic.com/store_item_assets/steam/apps/551580/ss_f836c2c9f266891b818b45d906da64822752b983.1920x1080.jpg?t=1745387906,https://shared.akamai.steamstatic.com/store_item_assets/steam/apps/551580/ss_c7350db3ca62cf516d0f90f751a34389a7156406.1920x1080.jpg?t=1745387906,https://shared.akamai.steamstatic.com/store_item_assets/steam/apps/551580/ss_fbda785bbfb9935e7ae611fc5c6d9655bf194e7e.1920x1080.jpg?t=1745387906,https://shared.akamai.steamstatic.com/store_item_assets/steam/apps/551580/ss_c5cb1fe91c8b6be8e7a2a080516d0ede5e1e74a9.1920x1080.jpg?t=1745387906,https://shared.akamai.steamstatic.com/store_item_assets/steam/apps/551580/ss_fb0394b7d3b88b08000adb418624ea5906f297e0.1920x1080.jpg?t=1745387906,https://shared.akamai.steamstatic.com/store_item_assets/steam/apps/551580/ss_4cbd8a851fe8e8b5e4d30e7cc1662af325a82a19.1920x1080.jpg?t=1745387906",Steam,Paid
746580,HARDCORE MECHA,"Jun 26, 2019",200000 - 500000,1,0,5.99,70,8,"Exciting, Fast-paced Mecha Battle, HARDCORE MECHA Well-polished Vivid Mecha World The campaign mode includes 8 chapters and 18 levels in total. As the story develops, you will encounter more than 50 types of enemy mechas with various designs and details in all kinds of scenes like mineshaft, underwater, urban, and space. Some levels even allow you to exit the mecha and infiltrate behind enemy line. Of course, you won't just have one single personal ride, you may develop and customize various new gears and focus accessory in between the missions. Seamless Story Immersion The unique animations with the seamless transition between the 2D platform game scenes have a total duration of 40 minutes, the full-length voice acting provides a unique immersive storytelling experience. Stunning Highly Polished 2D Animations The detailed skeletal animation with a unique impression of power will fully showcase the characteristics of each mecha. The smooth and natural movements have also laid a good foundation for the fine handling experience. Natural 2D rotating animation, the use of visual deception like dislocation and timely switched elements have brought out a visual effect like 3D artwork. Survive, Breakthrough, Challenge Yourself Face endless enemies in these everchanging battlefields, acquire simulation points and gear chests.As the enemy waves goes up, there are even bosses coming in! Let them see what you are truly made of! Develop, Reinforce, Equip Freely Enhance every attribute of your beloved mechas using simulation points acquired in the battle. Enhance specific attributes to a certain level unlocks new mechas! Equip primary weapons and mods acquired in the battle, push your mechas beyond the enhancement limit. (Some special mechas can only equip mods but not primary weapons) Research, Unlock, Rich Choices Unlock and drive in total of 42 mechas with different designs by enhancing prior mechas or reaching certain waves. Try out their unique combat tactics! You ready? ACE pilots, come push yourself and your beloved mechas to the limit! Various Mechas American style, Japanese style, Super style, Realistic style, there are dozens of mechas of all kinds of styles available. Each mecha has its own unique tactical value, only the player who has completely grasped the features of each mecha can fully bring out their maximum combat effectiveness. What type of Mecha is the best? Prove it with your hands in PVP mode! Challenge against Mecha with Mortal Flesh The pilot can be controlled to eject from the mecha and work alone in critical moment with proper strategy, it will absolutely be a force on the battlefield that cannot be underestimated. 4 Times Fun Apart from online PVP battles, this game also enables users to play against each other with local split-screen. Single purchase, 4 times of fun! Story","['English', 'Simplified Chinese', 'Japanese', 'Traditional Chinese', 'Korean', 'French', 'Russian']","['Simplified Chinese', 'Japanese', 'Traditional Chinese', 'Russian']","“Quality of animations in this game is surprisingly high while level design is also brilliant. Levels full of details and always brings surprises, which makes people feel the great efforts of development team. Excellent story and adequate contents provides players an charming experience as the protagonist of robot anime.” 8.8/10 – IGN JP “Levels full of changes, coupled with rapid storyline, the playing time is very pleasant. Diverse side missions are also fun: stealth, special rescue, fixed-point defense... Besides, pilots can jump out of mecha to explore and interact. Mecha could be equipped by collecting additional weapons in the hidden areas. As a mecha game, it has a solid quality.” 33/40 – Famitsu",https://shared.akamai.steamstatic.com/store_item_assets/steam/apps/746580/header.jpg?t=1661221178,http://www.rocketpunchgames.com/,player@rocketpunch.cn,True,False,False,0,Unknown,0,2168,445,Unknown,36,2303,"Mild 2D cartoon violence, minimal depiction of blood, human injury, death and mistreatment in some of the non-interactive cutscenes and gameplay.",180,0,133,0,RocketPunch Games,"RocketPunch Games,Lightning Games","Single-player,Multi-player,PvP,Online PvP,Shared/Split Screen PvP,Shared/Split Screen,Steam Achievements,Full controller support,Steam Trading Cards,Steam Cloud,Remote Play Together,Family Sharing","Action,Indie","Action,Indie,Mechs,Anime,Sci-fi,2D,Shooter,Platformer,Singleplayer,Multiplayer,Military,Crowdfunded,Story Rich,Fighting,4 Player Local,Online Co-Op,Local Multiplayer,Kickstarter,Cinematic,Local Co-Op","https://shared.akamai.steamstatic.com/store_item_assets/steam/apps/746580/ss_7bb96001b47b526052a7195f2ad88585e22a1cc6.1920x1080.jpg?t=1661221178,https://shared.akamai.steamstatic.com/store_item_assets/steam/apps/746580/ss_a463c401a9b7c67adb718239e540d3ab02b8b99c.1920x1080.jpg?t=1661221178,https://shared.akamai.steamstatic.com/store_item_assets/steam/apps/746580/ss_159bd5517cf1a34fad206f0ae4020c9769326d43.1920x1080.jpg?t=1661221178,https://shared.akamai.steamstatic.com/store_item_assets/steam/apps/746580/ss_6e1e781363176c497308b1cc7bbf601b72781971.1920x1080.jpg?t=1661221178,https://shared.akamai.steamstatic.com/store_item_assets/steam/apps/746580/ss_eb45b3fae979929b5fab4fb33d510c7da82013c8.1920x1080.jpg?t=1661221178,https://shared.akamai.steamstatic.com/store_item_assets/steam/apps/746580/ss_b4bb96340718db614ae7c7f0201369cc9babe122.1920x1080.jpg?t=1661221178,https://shared.akamai.steamstatic.com/store_item_assets/steam/apps/746580/ss_921466a426897dbeac56a9d149eec0d9f0524fab.1920x1080.jpg?t=1661221178",Steam,Paid
3388140,Master of Stealth,"Dec 27, 2024",0 - 20000,0,0,0.89,0,0,"'Master of Stealth' is a riddle action game in more than one perspective! You need to avoid guards, solve puzzles and overcome special guards to clear it all!  3 modes 33 various levels 8 skills Customizable character and more...","['English', 'German']",[],Unknown,https://shared.akamai.steamstatic.com/store_item_assets/steam/apps/3388140/header.jpg?t=1735315670,Unknown,starstreetwanderer@gmail.com,True,False,False,0,Unknown,0,0,0,Unknown,0,0,Unknown,0,0,0,0,Star Street Wanderer,Star Street Wanderer,"Single-player,Partial Controller Support,Family Sharing","Casual,Indie,Strategy",Unknown,"https://shared.akamai.steamstatic.com/store_item_assets/steam/apps/3388140/ss_bd0a3d7984abb622837d14cbec10ef6d0533d598.1920x1080.jpg?t=1735315670,https://shared.akamai.steamstatic.com/store_item_assets/steam/apps/3388140/ss_4e72b68105379d88583416d2e0c55c2ad7dabc4e.1920x1080.jpg?t=1735315670,https://shared.akamai.steamstatic.com/store_item_assets/steam/apps/3388140/ss_c2cb89de8c23e4dce380098ce18bc400b94e2f52.1920x1080.jpg?t=1735315670,https://shared.akamai.steamstatic.com/store_item_assets/steam/apps/3388140/ss_9ff91146731a88e123e1199714edc86f297d8ecc.1920x1080.jpg?t=1735315670,https://shared.akamai.steamstatic.com/store_item_assets/steam/apps/3388140/ss_099d751b16881941e45e01b19b8c7b1618452f26.1920x1080.jpg?t=1735315670,https://shared.akamai.steamstatic.com/store_item_assets/steam/apps/3388140/ss_025434bdef3e818b3f42c6f9bb5e0b4dd646c486.1920x1080.jpg?t=1735315670,https://shared.akamai.steamstatic.com/store_item_assets/steam/apps/3388140/ss_a9f99eb39c11e02a46ef41115f91aa219318e3c8.1920x1080.jpg?t=1735315670,https://shared.akamai.steamstatic.com/store_item_assets/steam/apps/3388140/ss_fa5394df2085610b3e410e3f093a4132ff4a9025.1920x1080.jpg?t=1735315670",Steam,Paid
3897740,Gingerbread Wonderland,"Nov 2, 2025",0 - 20000,0,0,2.09,30,0,"Decorate your own cookies. Decorate by drawing icing on gingerbread cookies, you can change the color of the icing, and you can also change the color of the cookie. Make up your own scene. Create your own story by placing decorated cookies. You can move, rotate, and set cookies to large or small. Set your decorated scene as your main title scene and set it as your own game background.",['English'],[],Unknown,https://shared.akamai.steamstatic.com/store_item_assets/steam/apps/3897740/b6acf44967bba07ddea5b84e9e72205d8871fb38/header.jpg?t=1763376703,Unknown,lghna@naver.com,True,False,False,0,Unknown,0,0,0,Unknown,6,0,Unknown,0,0,0,0,LeeGaHeung,LeeGaHeung,"Single-player,Steam Achievements,Mouse Only Option,Playable without Timed Input,Save Anytime,Family Sharing","Casual,Indie,Simulation,Early Access",Unknown,"https://shared.akamai.steamstatic.com/store_item_assets/steam/apps/3897740/cc8dd5ca79fecc3595bb2f70d18547af067b58bf/ss_cc8dd5ca79fecc3595bb2f70d18547af067b58bf.1920x1080.jpg?t=1763376703,https://shared.akamai.steamstatic.com/store_item_assets/steam/apps/3897740/45456b227ae9e8032296791cbc14efe91a882f8f/ss_45456b227ae9e8032296791cbc14efe91a882f8f.1920x1080.jpg?t=1763376703,https://shared.akamai.steamstatic.com/store_item_assets/steam/apps/3897740/aba04c0947a65bb037689c608bd3d6bcfd60826d/ss_aba04c0947a65bb037689c608bd3d6bcfd60826d.1920x1080.jpg?t=1763376703,https://shared.akamai.steamstatic.com/store_item_assets/steam/apps/3897740/3b0520656d6e801205e7a37cfe322157eee12607/ss_3b0520656d6e801205e7a37cfe322157eee12607.1920x1080.jpg?t=1763376703,https://shared.akamai.steamstatic.com/store_item_assets/steam/apps/3897740/cfdba96c7a1a05a3f06286c72f6e86a6d3986a67/ss_cfdba96c7a1a05a3f06286c72f6e86a6d3986a67.1920x1080.jpg?t=1763376703,https://shared.akamai.steamstatic.com/store_item_assets/steam/apps/3897740/a9e9339aab31efc38eaff5c43aa1cda268020889/ss_a9e9339aab31efc38eaff5c43aa1cda268020889.1920x1080.jpg?t=1763376703,https://shared.akamai.steamstatic.com/store_item_assets/steam/apps/3897740/8700ed7d4b57751bd02c31ad1cd2358bd0336ac2/ss_8700ed7d4b57751bd02c31ad1cd2358bd0336ac2.1920x1080.jpg?t=1763376703",Steam,Paid
1742690,Requiem,"Feb 9, 2022",0 - 20000,0,0,19.99,0,0,"Requiem is a 3rd-Person storybook adventure. Play as one of five adventurers entering into the Dream; a spirit-world wrought with peril, and close the rifts to save the Waking World from the spirit-wraiths.",['English'],['English'],Unknown,https://shared.akamai.steamstatic.com/store_item_assets/steam/apps/1742690/header.jpg?t=1648216664,http://www.forgefathergames.com/,http://www.forgefathergames.com/contact.html,True,False,False,0,Unknown,0,19,4,Unknown,0,0,Unknown,0,0,0,0,"Forge Father Games, Inc.","Forge Father Games, Inc.","Single-player,Family Sharing","Action,Adventure,Indie,RPG,Early Access","Action,Adventure,RPG,Action RPG,Action-Adventure,Third Person,Dark Fantasy,Fantasy,Magic,Medieval,Character Customization,Hack and Slash,Multiple Endings,Open World,Story Rich,Singleplayer,Early Access,Souls-like,3D,Dark","https://shared.akamai.steamstatic.com/store_item_assets/steam/apps/1742690/ss_f33120b9da82dba9b22cb5f1cacba3b78d3fc06a.1920x1080.jpg?t=1648216664,https://shared.akamai.steamstatic.com/store_item_assets/steam/apps/1742690/ss_f65d92ac00cf4b08d201ca548cd12621de5d5066.1920x1080.jpg?t=1648216664,https://shared.akamai.steamstatic.com/store_item_assets/steam/apps/1742690/ss_84812666683060de2a5c50edc95da9cc2b490662.1920x1080.jpg?t=1648216664,https://shared.akamai.steamstatic.com/store_item_assets/steam/apps/1742690/ss_85a92f310dd1e54cd6fa555caf41046a5d2b4722.1920x1080.jpg?t=1648216664,https://shared.akamai.steamstatic.com/store_item_assets/steam/apps/1742690/ss_b4a6c2e59189ddf1a90da53e2011ef925e0dc2a0.1920x1080.jpg?t=1648216664",Steam,Paid
1587190,Puzzletronics Digital Infinite,"Apr 20, 2021",0 - 20000,0,0,0.59,0,0,"Puzzletronics Digital Infinite is a minimalist puzzle in the style of jigsaw. The player must move pieces to form logical circuits while listening to a calm and relaxing soundtrack. Challenge yourself through 133 different levels and with varying levels of difficulty, knowing the behavior of logic gates and digital logic. Characteristics: More than 130 Different levels and with random pieces arrangement. Calm and relaxing soundtrack. Minimalist and colorful environment. Lots of different pieces.","['English', 'Simplified Chinese', 'Portuguese - Brazil', 'Russian', 'French', 'Spanish - Latin America']",['Spanish - Latin America'],Unknown,https://shared.akamai.steamstatic.com/store_item_assets/steam/apps/1587190/header.jpg?t=1651966358,Unknown,naokagamestudio@gmail.com,True,False,False,0,Unknown,0,43,9,Unknown,13,0,Unknown,0,0,0,0,Naoka Games,Naoka Games,"Single-player,Steam Achievements,Family Sharing","Casual,Indie,Strategy","Casual,Strategy,Point & Click,Puzzle,Sandbox,3D,Board Game,Colorful,Clicker,Top-Down,Minimalist,Cute,Logic,Building,Relaxing,Tabletop,Nonlinear,Singleplayer,Indie,Isometric","https://shared.akamai.steamstatic.com/store_item_assets/steam/apps/1587190/ss_7272d4f7a1ebb1505d3c58cd8edb7e79788ce0f9.1920x1080.jpg?t=1651966358,https://shared.akamai.steamstatic.com/store_item_assets/steam/apps/1587190/ss_bd0397becdc480586040047e1acca54586dc29c5.1920x1080.jpg?t=1651966358,https://shared.akamai.steamstatic.com/store_item_assets/steam/apps/1587190/ss_8968d65cb87b15433d006b94e39bf16e745669d9.1920x1080.jpg?t=1651966358,https://shared.akamai.steamstatic.com/store_item_assets/steam/apps/1587190/ss_8b795109a08c5d0debb5919f9af251aa331bcfc3.1920x1080.jpg?t=1651966358,https://shared.akamai.steamstatic.com/store_item_assets/steam/apps/1587190/ss_33dea997fccabbbfe365556024a5d0dda8d112ef.1920x1080.jpg?t=1651966358,https://shared.akamai.steamstatic.com/store_item_assets/steam/apps/1587190/ss_31f6da3218b49a49963d06e8e15697fe46f564dc.1920x1080.jpg?t=1651966358,https://shared.akamai.steamstatic.com/store_item_assets/steam/apps/1587190/ss_abf17c41eb4167a98f1b4c884eb6630a1a82fd48.1920x1080.jpg?t=1651966358",Steam,Paid
1150610,City Gangs War in Miami,"Sep 12, 2019",0 - 20000,0,0,2.99,0,0,"Join City Gangs Miami in 30 action well packed missions in his never-ending quest to defeat The BigBoss. City Gangs Miami is a third person shooter where you have to eliminate all opponents, use grenades, rifles, rocket launchers, tanks, helicopter to defeat the enemy. FEATURES - 30 missions - Controllable vehicles, like cars,tanks, helicopters, air fighters and turrets! - Multiple weapons - Extra Explosives - Achievements - lots of enemies to defeat - A shop with awesome ingame features like GodMode, Golden Gun and a Jetpack!!",['English'],['English'],Unknown,https://shared.akamai.steamstatic.com/store_item_assets/steam/apps/1150610/header.jpg?t=1637797401,Unknown,ap301805@gmail.com,True,False,False,0,Unknown,0,5,0,Unknown,0,0,Unknown,0,0,0,0,Polantronic,Polantronic,"Single-player,Family Sharing","Action,Adventure,Casual,Indie,Simulation","Action,Indie,Casual,Adventure,Simulation","https://shared.akamai.steamstatic.com/store_item_assets/steam/apps/1150610/ss_1ab7cb9a80be5fc81e8db855e87f20411d857dc8.1920x1080.jpg?t=1637797401,https://shared.akamai.steamstatic.com/store_item_assets/steam/apps/1150610/ss_3417179cbd4c1b83cab05c4487cdcf3b581d7c79.1920x1080.jpg?t=1637797401,https://shared.akamai.steamstatic.com/store_item_assets/steam/apps/1150610/ss_21c0884ad8e9ce5a35957ad7d36fbc7dad87bbcd.1920x1080.jpg?t=1637797401,https://shared.akamai.steamstatic.com/store_item_assets/steam/apps/1150610/ss_2cad22e891cae02e5dacec91ddc0de727ef53890.1920x1080.jpg?t=1637797401,https://shared.akamai.steamstatic.com/store_item_assets/steam/apps/1150610/ss_94364f3e3d6692ebb1b49bfd95ce5c6e8179258a.1920x1080.jpg?t=1637797401,https://shared.akamai.steamstatic.com/store_item_assets/steam/apps/1150610/ss_d9a8bfaaa6855017ac9e7666b2daa0f6df07fefd.1920x1080.jpg?t=1637797401,https://shared.akamai.steamstatic.com/store_item_assets/steam/apps/1150610/ss_827cc40fa3411d9aa01e8bdcd338d40eaf6d8bf0.1920x1080.jpg?t=1637797401,https://shared.akamai.steamstatic.com/store_item_assets/steam/apps/1150610/ss_37648841f5aa14a79527650c778929cfaa28773b.1920x1080.jpg?t=1637797401,https://shared.akamai.steamstatic.com/store_item_assets/steam/apps/1150610/ss_460f53aabaca4faf6138adde2327197b89e756d9.1920x1080.jpg?t=1637797401",Steam,Paid
446050,Operation KREEP,"Jun 10, 2016",0 - 20000,0,0,2.99,0,0,"In space no one can hear you KREEP... Operation KREEP is a two-dimensional top-down couch co-op multiplayer action game. An extraterrestrial organism threatens deep space exploration missions! Only trained personnel working as a team can eliminate these infestations. But, the corporation financing the space endeavor has a private mail for you: Cold hard cash for the alien alive! Which side will you choose? Features: Engage in a frantic local multiplayer action game (offline 1-4) Play single player matches against AI agents Fight in a dozen of arenas and pick from multiple player skins Try out various game rule mutators to take part in hilarious matches Decide, with or against your friends?! Both keyboard and controller support",['English'],[],"“I'm a sucker for games that look a bit retro, and when it comes to ' Operation KREEP ' it has that and much much more! ... So expect a lot of bloody good fun in Operation KREEP that will last you right through the evening.” Indie Retro News",https://shared.akamai.steamstatic.com/store_item_assets/steam/apps/446050/header.jpg?t=1693946588,https://magicitemtech.wordpress.com/games/#section-kreep,spidi@magicitemtech.com,True,False,False,0,Unknown,0,15,5,Unknown,15,0,Unknown,173,0,198,0,Magic Item Tech,Magic Item Tech,"Single-player,Multi-player,PvP,Shared/Split Screen PvP,Co-op,Shared/Split Screen Co-op,Shared/Split Screen,Steam Achievements,Full controller support,Steam Trading Cards,Steam Cloud,Remote Play Together,Family Sharing","Action,Indie","Action,Indie","https://shared.akamai.steamstatic.com/store_item_assets/steam/apps/446050/ss_3221e7f5bfbab3e6a0ed628f7249b2a5fefe6b7e.1920x1080.jpg?t=1693946588,https://shared.akamai.steamstatic.com/store_item_assets/steam/apps/446050/ss_433dbedd864c2fd079ae4e6ba456d1d9628191f4.1920x1080.jpg?t=1693946588,https://shared.akamai.steamstatic.com/store_item_assets/steam/apps/446050/ss_4e79c410bfb0e8b4e2a99464c4ae0b2dcede7b5d.1920x1080.jpg?t=1693946588,https://shared.akamai.steamstatic.com/store_item_assets/steam/apps/446050/ss_0357b4acf75f254fd218ecc743b2cba28efb151f.1920x1080.jpg?t=1693946588,https://shared.akamai.steamstatic.com/store_item_assets/steam/apps/446050/ss_52684509c37dc9e3de473ecff45ac26480b7b435.1920x1080.jpg?t=1693946588,https://shared.akamai.steamstatic.com/store_item_assets/steam/apps/446050/ss_68226084b1017fd5c8178cc03f75374369542c06.1920x1080.jpg?t=1693946588,https://shared.akamai.steamstatic.com/store_item_assets/steam/apps/446050/ss_26b553fd9079a8098a6cf2ed763565fb797035cd.1920x1080.jpg?t=1693946588,https://shared.akamai.steamstatic.com/store_item_assets/steam/apps/446050/ss_b2d7e09f438f17c4480029baf4e9f8a8edfc3c54.1920x1080.jpg?t=1693946588,https://shared.akamai.steamstatic.com/store_item_assets/steam/apps/446050/ss_efae2c5792bd38590060e4e6e8d68bf2799e475a.1920x1080.jpg?t=1693946588",Steam,Paid
220820,Zombie Driver HD,"Oct 17, 2012",200000 - 500000,5,18,1.99,80,5,"Insane mix of cars, speed, explosions, blood and zombies! Fight through an epic narrative campaign or test yourself in the Slaughter and Blood Race modes. Engage huge bosses, save survivors, drive crazy vehicles such as a bulldozer, fire truck or even a tank and smash everything in your way. Take part in the Blood Race tournament - chase other cars and take them down without mercy on brutal racing tracks. Jump into the Slaughter mode and survive as long as possible on specially crafted arenas. Story mode with 31 missions, sub quests and bonus objectives in a huge, free roaming city, including: Epic Boss fights with enormous mutated zombies Defending key targets against huge waves of zombies Racing against time to rescue survivors Transporting dangerous cargo Spraying anti-zombie repellent around town 13 different vehicles to drive including a firetruck, bulldozer or even a tank Blood Race mode with 30 unique events offering the best arcade racing experience in 3 distinct game types: Race - classic racing spiced up with guns and loads of zombies. Eliminator - take down as many vehicles as you can before the time runs out. Endurance - there is a bomb on your car and its ticking. Race through checkpoints to extend your time. Slaughter mode with 7 survival arenas featuring enormous killing sprees and a dynamic upgrade system: Fight through endless waves of zombies. Upgrade your car on the fly. Compete with friends on Leaderboards. Kill thousands of zombies. 9 different upgrades which can transform even an innocent Taxi into a Chariot of Death. Miniguns, flamethrowers, rocket launchers or dual railguns. Vicious zombie types including even zombie dogs. Advanced, dynamic combo system with tricks and hordes of zombies to try it on. PhysX by NVIDIA. Featuring, Steam exclusive L4D Crash Course rescue van drivable in-game.","['English', 'French', 'German', 'Italian', 'Polish', 'Spanish - Spain']","['English', 'Spanish - Spain']","“It's at its best when your vehicle is heavily upgraded, able to slam through one enormous horde while mowing down the next one with a rocket launcher or railgun. Every kill earns cash, so as well as the sick thrill of the massive red blood pool your passage leaves behind, you'll be excited about the new toys you can buy.” PC Gamer “You'll face hundreds of zombies at a time, and the act of dispatching them is exactly as satisfying as it oughtta be.” Destructoid “The furious hunt for rotten meat is painting a big smile on the faces of the hardcore zombie lovers, cause the simple is working fine.” Eurogamer.de",https://shared.akamai.steamstatic.com/store_item_assets/steam/apps/220820/header.jpg?t=1760696100,http://www.zombiedriver.com,support@zombiedriver.com,True,False,False,0,Unknown,0,3280,653,Unknown,103,2720,Unknown,126,0,70,0,Exor Studios,Exor Studios,"Single-player,Steam Achievements,Full controller support,Steam Trading Cards,Steam Cloud,Stats,Steam Leaderboards,Remote Play on TV,Family Sharing","Action,Indie,Racing","Zombies,Racing,Top-Down,Gore,Violent,Open World,Top-Down Shooter,Controller,Singleplayer,Score Attack,Atmospheric,Replay Value,Isometric,Addictive,Exploration,Post-apocalyptic,Shooter,Adventure,Survival,Horror","https://shared.akamai.steamstatic.com/store_item_assets/steam/apps/220820/ss_a107c55012b4eab0841046a8dfeab08d07fc3069.1920x1080.jpg?t=1760696100,https://shared.akamai.steamstatic.com/store_item_assets/steam/apps/220820/ss_d18fb6c84c7f0dcedccc1e97aa7c624ae634f99e.1920x1080.jpg?t=1760696100,https://shared.akamai.steamstatic.com/store_item_assets/steam/apps/220820/ss_5ddcc0ed020f73e1a5b3615b0286cc0d6f8945bf.1920x1080.jpg?t=1760696100,https://shared.akamai.steamstatic.com/store_item_assets/steam/apps/220820/ss_64dfc1b7bdeac333e9daad5fa7c9df72668dff4d.1920x1080.jpg?t=1760696100,https://shared.akamai.steamstatic.com/store_item_assets/steam/apps/220820/ss_d4147c207916b443041dd873b77ae31c5b4b9bbc.1920x1080.jpg?t=1760696100,https://shared.akamai.steamstatic.com/store_item_assets/steam/apps/220820/ss_623ebf167593c9f85652c37178ead87e5fd92443.1920x1080.jpg?t=1760696100,https://shared.akamai.steamstatic.com/store_item_assets/steam/apps/220820/ss_6c7e9c30978368fb166ab8a7868f6e6458fd0959.1920x1080.jpg?t=1760696100,https://shared.akamai.steamstatic.com/store_item_assets/steam/apps/220820/ss_57b8c27ba8b3b83ba2b3eece50cd39d1b6f0668b.1920x1080.jpg?t=1760696100,https://shared.akamai.steamstatic.com/store_item_assets/steam/apps/220820/ss_a8cc2d1ff77db231abdcfb3b0fccb4700c800d23.1920x1080.jpg?t=1760696100,https://shared.akamai.steamstatic.com/store_item_assets/steam/apps/220820/ss_ad25c261c86ebf739b2c0703527e318fd9550ac8.1920x1080.jpg?t=1760696100,https://shared.akamai.steamstatic.com/store_item_assets/steam/apps/220820/ss_6d8a36cda02f77bb63b65cec81e26ca944eb9143.1920x1080.jpg?t=1760696100,https://shared.akamai.steamstatic.com/store_item_assets/steam/apps/220820/ss_120097ba79c60249cf5724c6040e7e34b1fc39f8.1920x1080.jpg?t=1760696100,https://shared.akamai.steamstatic.com/store_item_assets/steam/apps/220820/ss_a5c0d8e9a3d40fe715d93810fdd7171a8b17627c.1920x1080.jpg?t=1760696100,https://shared.akamai.steamstatic.com/store_item_assets/steam/apps/220820/ss_39cd6242dd7652bb451d49e54290ce391b1a1ee9.1920x1080.jpg?t=1760696100,https://shared.akamai.steamstatic.com/store_item_assets/steam/apps/220820/ss_47b514f19018ff13d75628256af2e629820c19ae.1920x1080.jpg?t=1760696100,https://shared.akamai.steamstatic.com/store_item_assets/steam/apps/220820/ss_9c7e9f4299d9881590755ae250c939556f795e46.1920x1080.jpg?t=1760696100,https://shared.akamai.steamstatic.com/store_item_assets/steam/apps/220820/ss_e4bfc0b7533f27f508e0899468a2f9a42bcc02a1.1920x1080.jpg?t=1760696100,https://shared.akamai.steamstatic.com/store_item_assets/steam/apps/220820/ss_ee69000ca346f649ae5185d648ee87ce2c5e4e48.1920x1080.jpg?t=1760696100,https://shared.akamai.steamstatic.com/store_item_assets/steam/apps/220820/ss_470a2830353a7af2d6679600fe799b9439850b69.1920x1080.jpg?t=1760696100,https://shared.akamai.steamstatic.com/store_item_assets/steam/apps/220820/ss_48e9da49f88281155bdde03dd74c748d6b1700d6.1920x1080.jpg?t=1760696100,https://shared.akamai.steamstatic.com/store_item_assets/steam/apps/220820/ss_5abf2bf4ef44447bc4b581b75390393ef0bc45d4.1920x1080.jpg?t=1760696100,https://shared.akamai.steamstatic.com/store_item_assets/steam/apps/220820/ss_a4b08f27c4217cb4ec8041f417412ecec7f17ed0.1920x1080.jpg?t=1760696100,https://shared.akamai.steamstatic.com/store_item_assets/steam/apps/220820/ss_c431b2f30226d981a22f5285646021effedab518.1920x1080.jpg?t=1760696100,https://shared.akamai.steamstatic.com/store_item_assets/steam/apps/220820/ss_4929e8626cb6eaafd7b378312fb260bd7db657ae.1920x1080.jpg?t=1760696100,https://shared.akamai.steamstatic.com/store_item_assets/steam/apps/220820/ss_1e2295267b6628359af33fb0cc4d620aa03d2fb4.1920x1080.jpg?t=1760696100,https://shared.akamai.steamstatic.com/store_item_assets/steam/apps/220820/ss_43d80a7cac92c7836134b0ed23ed4094a0c53b42.1920x1080.jpg?t=1760696100,https://shared.akamai.steamstatic.com/store_item_assets/steam/apps/220820/ss_07ce03bae3489f3757c45468544b7613e05656a0.1920x1080.jpg?t=1760696100",Steam,Paid
263740,FootLOL: Epic Soccer League,"Apr 16, 2014",100000 - 200000,0,0,1.99,80,0,"We all love soccer – but how badly do you want to win? FootLOL is the craziest soccer management game you have ever played! Use mines, aliens, cows, guns and other crazy cheats to decimate the opposing team and protect your players. Play against your friends or AI opponents! As the manager, you’ll take your team through a few training matches on Earth before being unleashed on new planets. During you trip to the stars, you’ll unlock new gadgets, improve your players’ performance, as well as buy new kits and hats for them to wear. Opponents often use the same tricks you do, so it’s not as simple as knocking the ball in the back of the net. You’ll also need to fulfil the various head-scratching conditions for each level! Thankfully, non-stop action, funny characters and the best arsenal seen in a football game ever are at your service. Once you’ve finished FootLOL’s tournament mode, you can play against the computer or go online for gripping multiplayer matches. Game Features: Four planets, each with several types of playing field Multiplayer Hilarious soccer chaos Highly customizable characters and teams Sixty levels Crazy abilities and tools","['English', 'French', 'German', 'Spanish - Spain', 'Russian']",[],"“It has little in common with actual foot-to-ball, being more concerned with landmines and comedic chaos. It’s quite good.” Rock, Paper, Shotgun “This game is absolutely fantastic.” Greenlit Gaming “It’s chaotic, it’s flashy, and it seems like quite a lot of fun.” Gaming Trend",https://shared.akamai.steamstatic.com/store_item_assets/steam/apps/263740/header.jpg?t=1729030007,http://footlol.herocraft.com/?lang=en,support@herocraft.com,True,True,True,0,Unknown,0,905,182,Unknown,15,681,Unknown,192,0,174,0,HeroCraft,HeroCraft PC,"Single-player,Multi-player,Steam Achievements,Steam Trading Cards,Family Sharing","Action,Indie,RPG,Sports","Sports,Indie,Action,Football (Soccer),RPG,Comedy,Fast-Paced,God Game,Replay Value,Multiplayer,Memes,Funny,Casual,Simulation,Singleplayer,Co-op,Online Co-Op,Top-Down,Atmospheric,Spectacle fighter","https://shared.akamai.steamstatic.com/store_item_assets/steam/apps/263740/ss_2c0e5a1a0e06fbd47977c1fccef41490b2f820ba.1920x1080.jpg?t=1729030007,https://shared.akamai.steamstatic.com/store_item_assets/steam/apps/263740/ss_df54539d4c155732520d57783bf27c7a89f44b19.1920x1080.jpg?t=1729030007,https://shared.akamai.steamstatic.com/store_item_assets/steam/apps/263740/ss_93635387ab96099873d97abe3b2b514d075101db.1920x1080.jpg?t=1729030007,https://shared.akamai.steamstatic.com/store_item_assets/steam/apps/263740/ss_7ef2a5d4bb050884a2331d85cd767b2015fc9b54.1920x1080.jpg?t=1729030007,https://shared.akamai.steamstatic.com/store_item_assets/steam/apps/263740/ss_47f7f6e7482d84c57640b8a28785523c0cf12940.1920x1080.jpg?t=1729030007,https://shared.akamai.steamstatic.com/store_item_assets/steam/apps/263740/ss_00f31eae1a4e93b8f3e58f06705b0f9eff3fcf0a.1920x1080.jpg?t=1729030007,https://shared.akamai.steamstatic.com/store_item_assets/steam/apps/263740/ss_e7dbd8adafb1e27317dade8e5d6f86a8546bc9b1.1920x1080.jpg?t=1729030007,https://shared.akamai.steamstatic.com/store_item_assets/steam/apps/263740/ss_292278bf3672152c7729062357836bf59d36c815.1920x1080.jpg?t=1729030007,https://shared.akamai.steamstatic.com/store_item_assets/steam/apps/263740/ss_65ec27d6ee912191b10d013bccd3d57b886ab6c7.1920x1080.jpg?t=1729030007",Steam,Paid
2105660,I live under your house.,"Oct 31, 2022",20000 - 50000,1,0,1.39,0,2,"Point and Click visual novel about a creature living underground. No one knows where you came from or why, it's dark and dirty all around, you crawl through the tunnels you've dug and enjoy your solitude. Yesterday you killed a mouse, you enjoyed it, and yet something was missing... It is a story of madness, loneliness, cruelty and love. In this game you will be in the role of a creature living underground. What does it live on, where does it come from, and what does it want? Collect items, move around, and explore different locations inside the underground shelter. A short horror story.",['English'],['English'],Unknown,https://shared.akamai.steamstatic.com/store_item_assets/steam/apps/2105660/header.jpg?t=1715065179,Unknown,Unknown,True,False,True,0,Unknown,0,229,42,Unknown,13,284,Unknown,86,0,126,0,SpoocleMacBoogle,SpoocleMacBoogle,"Single-player,Steam Achievements,Steam Trading Cards,Captions available,Family Sharing","Adventure,Indie,RPG","Horror,Exploration,CRPG,Hidden Object,Visual Novel,Point & Click,Interactive Fiction,Word Game,Life Sim,RPG,2D,Noir,First-Person,3D,Underground,Psychological Horror,Multiple Endings,Story Rich,Choices Matter,Casual","https://shared.akamai.steamstatic.com/store_item_assets/steam/apps/2105660/ss_201ba711cbb9b9668c68933d355249598f7b25a8.1920x1080.jpg?t=1715065179,https://shared.akamai.steamstatic.com/store_item_assets/steam/apps/2105660/ss_4ae8754e4a280a121f8a1607984f8a6f2d6d7e1d.1920x1080.jpg?t=1715065179,https://shared.akamai.steamstatic.com/store_item_assets/steam/apps/2105660/ss_d10ce1cf8e311cf4b4e21e01a7f1fa79c3db2200.1920x1080.jpg?t=1715065179,https://shared.akamai.steamstatic.com/store_item_assets/steam/apps/2105660/ss_d5b1b107f1954ab10359e860e97bbea4128603f5.1920x1080.jpg?t=1715065179,https://shared.akamai.steamstatic.com/store_item_assets/steam/apps/2105660/ss_2803db1f305f224782cbca3ee46fad4ebb653fe1.1920x1080.jpg?t=1715065179",Steam,Paid
3481130,Apokerlypse Playtest,"Apr 29, 2025",0 - 0,0,0,0.0,0,0,Unknown,[],[],Unknown,https://shared.akamai.steamstatic.com/store_item_assets/steam/apps/3481130/a322f96b39516e4d899596ebab8e828cc2ab31a5/header.jpg?t=1748101406,Unknown,Unknown,True,False,False,0,Unknown,0,0,0,Unknown,0,0,Unknown,0,0,0,0,Unknown,Unknown,Unknown,Unknown,Unknown,Unknown,Steam,Free
455100,Gerty,"Dec 19, 2019",0 - 20000,0,0,14.99,0,1,"You are a member of an elite mercenary group. A mining colony of critical importance has become under attack by a hostile alien force. Armed to the teeth and equipped with your trusty laser-diggers, you must fight your way to the depths of the planet, find the source of the alien threat and eliminate it. Will you make it out alive? Gerty is a top-down rogue-lite twin-stick shooter with fully destructible environment. Carve your own path through replayable procedurally generated levels and create tactically advantageous situations to eliminate the alien threat in intense, tough but fair, action packed gameplay. Mine Juice crystals to upgrade your gear, discover alien structures, and eliminate the source of the alien threat in singleplayer or local co-op mode. Features: Test your mettle in skill based combat and try to avoid clutches of permanent death. Adjust the level of challenge to your liking with 5 difficulty levels and advanced settings. Choose between 4 different characters all with unique skills and style of play. Further customize your character during your run with perks and purchasable gear. Explore collapsed Juice mines that are teeming with alien life and structures. Interact with abandoned infrastructure, alien runes and altars. Unlock new gear and characters with each tightly packed run. Ramp up the difficulty and brave the dangers once again! If you still aren't convinced, don't listen to me, go watch the trailer, download the demo and see for yourself!","['English', 'Finnish', 'Portuguese - Brazil']","['English', 'Portuguese - Brazil']","“A very promising game that takes many pre-existing concepts in the roguelite genre, and puts it’s own unique spin on them to produce something truly different.” Save or Quit “Well differentiated enemies, lots of unlockable upgrades, challenges, and a few different character classes round out a highly playable, polished, and strangely refreshing shooter.” Rock Paper Shotgun “It's actually pretty damn good” GamingOnLinux",https://shared.akamai.steamstatic.com/store_item_assets/steam/apps/455100/header.jpg?t=1664450215,Unknown,info@spawnpoint.fi,True,True,True,0,Unknown,0,38,7,Unknown,27,0,Unknown,488,0,488,0,Spawn Point OSK,Resistance Games,"Single-player,Multi-player,Co-op,Shared/Split Screen Co-op,Shared/Split Screen,Steam Achievements,Full controller support,Steam Trading Cards,Steam Cloud,Remote Play Together,Family Sharing","Action,Indie,RPG","Action Roguelike,Indie,Action,Rogue-lite,RPG,4 Player Local,Twin Stick Shooter,Top-Down Shooter,Top-Down,Sci-fi,Replay Value,Action RPG,Perma Death,Shooter,Singleplayer,Great Soundtrack,Violent,Rogue-like","https://shared.akamai.steamstatic.com/store_item_assets/steam/apps/455100/ss_4a77bbd72f2302ec9ce19bdca638664e5bb6a8ca.1920x1080.jpg?t=1664450215,https://shared.akamai.steamstatic.com/store_item_assets/steam/apps/455100/ss_cd41e41d3eb80b51d75958b3572cc47165c6eafa.1920x1080.jpg?t=1664450215,https://shared.akamai.steamstatic.com/store_item_assets/steam/apps/455100/ss_e1e76dd32b867ef3b3058a5cd5b4df6135c9906c.1920x1080.jpg?t=1664450215,https://shared.akamai.steamstatic.com/store_item_assets/steam/apps/455100/ss_33a05425078688f3a651e834b7e14298c3f3a063.1920x1080.jpg?t=1664450215,https://shared.akamai.steamstatic.com/store_item_assets/steam/apps/455100/ss_13346f5a4e908ec92759af5ab48af7ba3de81f50.1920x1080.jpg?t=1664450215,https://shared.akamai.steamstatic.com/store_item_assets/steam/apps/455100/ss_6a6d98c8a6e7753f777756180cfc0e0e6717ac6e.1920x1080.jpg?t=1664450215,https://shared.akamai.steamstatic.com/store_item_assets/steam/apps/455100/ss_5b44e3075a0a8b405831439c1cf25a8d8f4c324e.1920x1080.jpg?t=1664450215,https://shared.akamai.steamstatic.com/store_item_assets/steam/apps/455100/ss_c82bcfae2cad224cf65fc1ecee52832325a86fb7.1920x1080.jpg?t=1664450215,https://shared.akamai.steamstatic.com/store_item_assets/steam/apps/455100/ss_bc27829bba2113c5ebf32b37c0bfe6a5474fb3b7.1920x1080.jpg?t=1664450215,https://shared.akamai.steamstatic.com/store_item_assets/steam/apps/455100/ss_0c59150c0303e84607cf9a2bd509537a9a4078bf.1920x1080.jpg?t=1664450215",Steam,Paid
4142820,Novarith,"Nov 27, 2025",0 - 0,0,0,0.99,0,0,"Novarith is an atmospheric third-person survival horror game. Gloomy corridors and lifelike visuals build tension, keeping you on edge with every step. You awaken in an unfamiliar room, realizing that the only way out is to explore the mysterious building filled with secrets and hidden mechanisms. Interactive objects are crucial for survival — from locked doors to concealed devices. Game Features: * Dark and realistic survival horror atmosphere * Third-person camera with detailed environments * Interactive items and puzzles that affect progression",['English'],[],Unknown,https://shared.akamai.steamstatic.com/store_item_assets/steam/apps/4142820/4efea52d14ffd0efdb3cf45369800c169e67f95a/header.jpg?t=1764257630,Unknown,smogamesstudio@gmail.com,True,False,False,0,Unknown,0,0,0,Unknown,0,0,Unknown,0,0,0,0,SmoGames Studio,SmoGames Studio,"Single-player,Family Sharing","Action,Adventure,Indie",Unknown,"https://shared.akamai.steamstatic.com/store_item_assets/steam/apps/4142820/ca66892cd61ae7e0f7c6293f0f1b887e40b4130c/ss_ca66892cd61ae7e0f7c6293f0f1b887e40b4130c.1920x1080.jpg?t=1764257630,https://shared.akamai.steamstatic.com/store_item_assets/steam/apps/4142820/c6a7470e3dc86d53e8ea18265d2b56dcae773ea3/ss_c6a7470e3dc86d53e8ea18265d2b56dcae773ea3.1920x1080.jpg?t=1764257630,https://shared.akamai.steamstatic.com/store_item_assets/steam/apps/4142820/03c234b7cee86d6bbd3f6beb8c3c4e1e12ed6f58/ss_03c234b7cee86d6bbd3f6beb8c3c4e1e12ed6f58.1920x1080.jpg?t=1764257630,https://shared.akamai.steamstatic.com/store_item_assets/steam/apps/4142820/9ab324ecfffc97acdd6ab281e4bfe2b7ba145a41/ss_9ab324ecfffc97acdd6ab281e4bfe2b7ba145a41.1920x1080.jpg?t=1764257630,https://shared.akamai.steamstatic.com/store_item_assets/steam/apps/4142820/f1a3dacfcdd0649ba24c9e1e7f09c830e5b55f00/ss_f1a3dacfcdd0649ba24c9e1e7f09c830e5b55f00.1920x1080.jpg?t=1764257630,https://shared.akamai.steamstatic.com/store_item_assets/steam/apps/4142820/172565e073926712e00ba16b1b1be42ea91d1778/ss_172565e073926712e00ba16b1b1be42ea91d1778.1920x1080.jpg?t=1764257630,https://shared.akamai.steamstatic.com/store_item_assets/steam/apps/4142820/37f377409d1a8e39a48c1f7008ae69d7b31e3580/ss_37f377409d1a8e39a48c1f7008ae69d7b31e3580.1920x1080.jpg?t=1764257630",Steam,Paid
628890,NOBUNAGA'S AMBITION: Taishi,"Nov 29, 2017",20000 - 50000,133,0,59.99,0,24,"'Nobunaga's Ambition: Taishi' is the 15th entry in the historical simulation game series Nobunaga's Ambition. Where a warrior's resolve exceeds their ambition. We offer the grandest warring states experience to all the fans out there! (Resolve System) Each clan is set apart due to their various 'Resolves.' We will shine a light on the Resolve of each officer, bringing out diversity in the game play and strategies. The simulation AI has evolved, allowing players a greater sense of immersion in fighting more humanlike Daimyo. (New Strategy) The Civil &amp; Diplomatic systems have been revamped. With a variety of elements new to the series, the player's eye for strategy will be tested. The new evolved Civil &amp; Diplomatic systems show greater depths. (Final Battles) Clash during the 'Order/Advance phase,' where players try to anticipate their enemies' movements. We use a simultaneous plot system to show the fun of anticipating your opponent and real, high tension battles. (Volume) Lots of officers. Over 2,000 officers appearing and a single high definition 3D map. (Historical Drama) We shine a light on the lives of the officers in this best of all historical dramas. We have included many events showing historical events, stories, and even regional folklore.","['Japanese', 'Traditional Chinese', 'English']","['Japanese', 'English']",Unknown,https://shared.akamai.steamstatic.com/store_item_assets/steam/apps/628890/header.jpg?t=1760591992,http://www.gamecity.ne.jp/taishi/index.html,Unknown,True,False,False,0,Unknown,0,475,489,Unknown,37,787,Unknown,918,0,1280,0,"KOEI TECMO GAMES CO., LTD.","KOEI TECMO GAMES CO., LTD.","Single-player,Steam Achievements,Steam Trading Cards,Steam Cloud,Family Sharing",Simulation,"Wargame,Immersive Sim,Real Time Tactics,War,Military,Diplomacy,RTS,Grand Strategy,Character Customization,Strategy,3D,Historical,Alternate History,Simulation,Tactical,Resource Management,Replay Value,Addictive,Great Soundtrack","https://shared.akamai.steamstatic.com/store_item_assets/steam/apps/628890/ss_b8923d352e4e194e537dad3fb46703db576b8cbe.1920x1080.jpg?t=1760591992,https://shared.akamai.steamstatic.com/store_item_assets/steam/apps/628890/ss_a25dfbea3dc1f8af326cd77e79172ba873ca2324.1920x1080.jpg?t=1760591992,https://shared.akamai.steamstatic.com/store_item_assets/steam/apps/628890/ss_cd8517e15932161d891a3154d180d0ed80145a5c.1920x1080.jpg?t=1760591992,https://shared.akamai.steamstatic.com/store_item_assets/steam/apps/628890/ss_247f7fae111da676331d80b572d508cb659195e2.1920x1080.jpg?t=1760591992,https://shared.akamai.steamstatic.com/store_item_assets/steam/apps/628890/ss_b7fb16f9585800d0769deba51c1957506ca31363.1920x1080.jpg?t=1760591992,https://shared.akamai.steamstatic.com/store_item_assets/steam/apps/628890/ss_2dabca8bda30bfe2b47ac19b3ff6ca0b2d2e80ba.1920x1080.jpg?t=1760591992,https://shared.akamai.steamstatic.com/store_item_assets/steam/apps/628890/ss_24aab98dfabec93dd5806fb130b310b898ba341d.1920x1080.jpg?t=1760591992",Steam,Paid
3585060,Barber Shop Simulator,"Nov 17, 2025",0 - 0,0,0,8.49,0,0,"Barber Shop Simulator – A Hands-On First-Person Hair Cutting Experience Step into the buzzing world of high-stakes grooming in Barber Shop Simulator , a first-person simulation game where every cut counts and style is everything. From simple trims to full-on makeovers, you’ll take control of your own barber shop and rise through the ranks by mastering the art of hair. Grab your scissors and get ready to shape the perfect look—just don’t slip, because your reputation is on the line. Cut, Style, and Shave Welcome your clients, listen to their requests, and transform their appearance with precision tools and skilled hands. Use scissors, razors, clippers, and combs to achieve the look they’re after—or surprise them with your own creative touch. From trendy fades to classic beard styles, no two jobs are the same, and perfection takes practice. The better you do, the more customers will line up for your chair. Reputation is Everything Every client that walks through your door has expectations. Deliver high-quality haircuts and flawless shaves to earn tips, positive reviews, and a growing clientele. But mess up a trim or take too long, and word will spread fast. Balance speed, precision, and creativity to build your reputation and become the most trusted name in the neighborhood. Upgrade Your Shop and Tools Start with basic gear and a humble shop, then reinvest your profits into better tools, stylish interiors, and advanced equipment. Improve your workstation with high-end clippers, specialty razors, and professional-grade chairs to make your work easier—and your results sharper. Impress your clients not just with your cuts, but with your environment. Master Advanced Techniques As you level up, you’ll unlock more complex hairstyles, beards, and grooming requests. Learn to blend seamlessly, apply shaving cream like a pro, and even carve artistic designs into hair. Practice makes perfect, and mastering advanced techniques will set you apart from your competition. Build Your Barber Empire Expand your shop, hire assistants, and take on more clients as your fame spreads. Compete in local barber challenges, win grooming awards, and climb the ranks of the barbering world. From a street corner buzz-cutter to a city-renowned stylist, your journey is yours to shape—literally. Are you ready to pick up the clippers and change lives one haircut at a time? Barber Shop Simulator puts you in the chair behind the chair. Precision, style, and hustle—this is more than just a haircut, it's an experience.","['English', 'French', 'Italian', 'German', 'Spanish - Spain', 'Simplified Chinese', 'Dutch', 'Traditional Chinese', 'Japanese', 'Korean', 'Polish', 'Portuguese - Portugal', 'Russian', 'Turkish', 'Swedish', 'Norwegian']",[],Unknown,https://shared.akamai.steamstatic.com/store_item_assets/steam/apps/3585060/8fb32c078f712510e579b708a4a9c957be4969b9/header.jpg?t=1764663206,https://barbershopsimulator.vercel.app/,alper.ertugrul.46.123@gmail.com,True,False,False,0,Unknown,0,0,0,Unknown,0,0,In game there is some nudity at strip club. Characters are cartoon.,0,0,0,0,"Vixy Games,Alper Ertuğrul","Vixy Games,Alper Ertuğrul","Single-player,Steam Achievements,Family Sharing","Casual,Indie,Simulation",Unknown,"https://shared.akamai.steamstatic.com/store_item_assets/steam/apps/3585060/00d81bfde9b3b05b1417b6b6c61706e78f8f321e/ss_00d81bfde9b3b05b1417b6b6c61706e78f8f321e.1920x1080.jpg?t=1764663206,https://shared.akamai.steamstatic.com/store_item_assets/steam/apps/3585060/3634acfe294b8a939c47f8979f264eeb0f484860/ss_3634acfe294b8a939c47f8979f264eeb0f484860.1920x1080.jpg?t=1764663206,https://shared.akamai.steamstatic.com/store_item_assets/steam/apps/3585060/5270fdb1df2a8fdbe15d2ea9705d01b83c8a8041/ss_5270fdb1df2a8fdbe15d2ea9705d01b83c8a8041.1920x1080.jpg?t=1764663206,https://shared.akamai.steamstatic.com/store_item_assets/steam/apps/3585060/2f8ab0d62b6e230dd8fc99ffc11cb41f1740cf6c/ss_2f8ab0d62b6e230dd8fc99ffc11cb41f1740cf6c.1920x1080.jpg?t=1764663206,https://shared.akamai.steamstatic.com/store_item_assets/steam/apps/3585060/060fd97d4ee7e11b46b85cf793486fc7c53b1978/ss_060fd97d4ee7e11b46b85cf793486fc7c53b1978.1920x1080.jpg?t=1764663206,https://shared.akamai.steamstatic.com/store_item_assets/steam/apps/3585060/748b71a083b2fd583939a3ef2f5ce29988d2a446/ss_748b71a083b2fd583939a3ef2f5ce29988d2a446.1920x1080.jpg?t=1764663206,https://shared.akamai.steamstatic.com/store_item_assets/steam/apps/3585060/306fd219f985218ef15d0f826a8cd95e458bafee/ss_306fd219f985218ef15d0f826a8cd95e458bafee.1920x1080.jpg?t=1764663206,https://shared.akamai.steamstatic.com/store_item_assets/steam/apps/3585060/102b22803349e36e477f39e9d23c97f381c63ce1/ss_102b22803349e36e477f39e9d23c97f381c63ce1.1920x1080.jpg?t=1764663206,https://shared.akamai.steamstatic.com/store_item_assets/steam/apps/3585060/86cd6037abd3b23f870428da02c6e066ee9a9bfb/ss_86cd6037abd3b23f870428da02c6e066ee9a9bfb.1920x1080.jpg?t=1764663206,https://shared.akamai.steamstatic.com/store_item_assets/steam/apps/3585060/45d49e34d4e6ced4165a879bf64901f75022fe49/ss_45d49e34d4e6ced4165a879bf64901f75022fe49.1920x1080.jpg?t=1764663206,https://shared.akamai.steamstatic.com/store_item_assets/steam/apps/3585060/4abd82658ecca706fafe644ce469d1ce628d2dd2/ss_4abd82658ecca706fafe644ce469d1ce628d2dd2.1920x1080.jpg?t=1764663206,https://shared.akamai.steamstatic.com/store_item_assets/steam/apps/3585060/487965aa13fbee50338c1acc6b74bb1fbb87249c/ss_487965aa13fbee50338c1acc6b74bb1fbb87249c.1920x1080.jpg?t=1764663206",Steam,Paid
768060,The Warrior Of Treasures,"Jan 3, 2018",0 - 20000,0,0,0.49,51,0,"Introduction: Indie medieval game, where player is an medieval knight. Player has to defeat skeleton army and be aware of different traps like fire, lava pulses, lasers, cold water and etc. Gameplay: Game contains 11 different worlds where a golden treasure is hidden, that player has to find. Only weapon player has, is a sword. Skeleton army also has a sword and other weapons. After player does reach the golden treasure, level is completed and player can choose to play any of the other levels. Player has a health system, but game does not have an health pick-ups at all. When player's health goes to zero, player will be dead. Also be aware of different kind of traps, because one hit to the trap like fire or some other trap, will kill player immediately. Also falling down from high places will kill player. Features: - 11 different levels - Sword weapon - Lots of different traps - Skeleton enemies",['English'],['English'],Unknown,https://shared.akamai.steamstatic.com/store_item_assets/steam/apps/768060/header.jpg?t=1749548222,Unknown,bf3origin3@gmail.com,True,False,False,0,Unknown,0,31,16,Unknown,0,0,Unknown,0,0,0,0,VS Resolution,My Way Games,"Single-player,Family Sharing","Action,Adventure,Indie","Action,Adventure,Indie","https://shared.akamai.steamstatic.com/store_item_assets/steam/apps/768060/ss_b3d4ab576895f397e8b1794b0f88424d9263fcf0.1920x1080.jpg?t=1749548222,https://shared.akamai.steamstatic.com/store_item_assets/steam/apps/768060/ss_61093a85d8281672a8202f7a91ea7be73b95d906.1920x1080.jpg?t=1749548222,https://shared.akamai.steamstatic.com/store_item_assets/steam/apps/768060/ss_83eeeb74c13dcd99fd161e2892a26d5f4f5fd1ae.1920x1080.jpg?t=1749548222,https://shared.akamai.steamstatic.com/store_item_assets/steam/apps/768060/ss_1c8bec3a1579651e50e69d42a0890ab0f726db13.1920x1080.jpg?t=1749548222,https://shared.akamai.steamstatic.com/store_item_assets/steam/apps/768060/ss_e32d405e38347bea2b67614378a257407b126f2f.1920x1080.jpg?t=1749548222,https://shared.akamai.steamstatic.com/store_item_assets/steam/apps/768060/ss_a2758bcfd874a2734e3a1a24e1e1ce5602ff7bf7.1920x1080.jpg?t=1749548222",Steam,Paid
2454900,Vocabulary Galaxy Orrery,"Jun 30, 2023",0 - 20000,0,0,5.99,0,0,"Vocabulary Galaxy Orrery is a game which helps learners to memorize 300 basic words in Simplified Chinese, Japanese, German, French, Russian, Spanish, English or Brazilian Portuguese. Vocabulary Galaxy Orrery is a complementary casual tool that can be used as a part of a lesson. The idea of the game is similar to oldschool hangman game. You will need to type the right word in order to unleash a magic attack against a funky robot-alien, however every time you fail, the alien will attack you. The 300 words used in this game can be found inside a PDF file which can be share to the students before they play the game. The students can found the answer of every question of the game inside the PDF file. The vocabulary include nouns which refers to animals, colors, family members, food, professions, places, fruits, house, etc",['English'],[],Unknown,https://shared.akamai.steamstatic.com/store_item_assets/steam/apps/2454900/header.jpg?t=1688145012,https://verbundnetzhaushalt.blogspot.com/,stockvorstelkraft@gmail.com,True,False,False,0,Unknown,0,0,0,Unknown,0,0,Characters throw weapons,0,0,0,0,Roberto Joaquin Garay Medrano,Roberto Joaquin Garay Medrano,"Single-player,Family Sharing",Casual,Unknown,"https://shared.akamai.steamstatic.com/store_item_assets/steam/apps/2454900/ss_15aceb896111b9fc3f0f9dd8fe2ea88b95a8586e.1920x1080.jpg?t=1688145012,https://shared.akamai.steamstatic.com/store_item_assets/steam/apps/2454900/ss_9a74f95e6ca1bf66e51206da5ce01c0280116bf2.1920x1080.jpg?t=1688145012,https://shared.akamai.steamstatic.com/store_item_assets/steam/apps/2454900/ss_bb30454a61f59933ad3770f10e852acee44eb8dd.1920x1080.jpg?t=1688145012,https://shared.akamai.steamstatic.com/store_item_assets/steam/apps/2454900/ss_cc2749ab39644394dedc7d3616b1546cc8a17e90.1920x1080.jpg?t=1688145012,https://shared.akamai.steamstatic.com/store_item_assets/steam/apps/2454900/ss_b04361849e71da3ac98cb30e44edda88c06b39cc.1920x1080.jpg?t=1688145012",Steam,Paid
2783040,EXILIUM Playtest,"Jan 16, 2024",0 - 0,0,0,0.0,0,0,Unknown,[],[],Unknown,https://shared.akamai.steamstatic.com/store_item_assets/steam/apps/2783040/header.jpg?t=1705440040,Unknown,Unknown,True,False,False,0,Unknown,0,0,0,Unknown,0,0,Unknown,0,0,0,0,Unknown,Unknown,Unknown,Unknown,Unknown,Unknown,Steam,Free
1416240,夜永 Eternal Love,"Nov 18, 2020",20000 - 50000,0,0,1.99,0,0,在前作（千面 Melancholy Love）的剧情发生半年之后的聆花女子学院里，关于破茧而出的少女们的故事。 story 秋意渐浓，昙花紧闭 作茧自缠的少女 在等待着一个唤醒自己的亲吻 夜永厌厌，独候韦陀 转瞬亦可成为永恒 只需牢记她双唇的触感 和她幽碧的明眸 feature 甜蜜温馨的百合恋情 丝丝入扣的全员语音 动人心弦的华美音乐 精致细腻的CG画面 真实考究的剧情细节 不同选择的多个结局 staff 【企划】 白露社（White Dew Game） 【配音】 一心不乱 月夜桥 蓝豆娘就是豆豆 XY大甘蔗 风簌 林簌SUSU 她放慢步调 桂圆翊宝 【人设】 whiisky 【CG】 whiisky 【色彩】 永恒的旋律 彩虹老湿 【背景】 海胆 【音乐】 SaulRobinson 【UI】 匣中猫 【PV】 匣中猫 铭铭子 【剧本】 Hの天平 【演出】 盖娅的大锤 胡萝卜桑,['Simplified Chinese'],['Simplified Chinese'],Unknown,https://shared.akamai.steamstatic.com/store_item_assets/steam/apps/1416240/header.jpg?t=1605772362,Unknown,periscopegame@gmail.com,True,True,False,0,Unknown,0,910,88,Unknown,13,941,Unknown,143,0,283,0,白露社,PeriScope Game,"Single-player,Steam Achievements,Steam Cloud,Family Sharing","Adventure,Casual,Indie,RPG,Simulation","Casual,Simulation,RPG,Visual Novel,LGBTQ+,Word Game,Dating Sim,Female Protagonist,Anime,Emotional,Drama,Indie,Story Rich,Multiple Endings,Adventure,Singleplayer","https://shared.akamai.steamstatic.com/store_item_assets/steam/apps/1416240/ss_f11daf5e95c79915043c920bf0a85e3f56e1a266.1920x1080.jpg?t=1605772362,https://shared.akamai.steamstatic.com/store_item_assets/steam/apps/1416240/ss_cb4bccd57bfa25a9135c2cf9d08c128049e59714.1920x1080.jpg?t=1605772362,https://shared.akamai.steamstatic.com/store_item_assets/steam/apps/1416240/ss_ea53c243ef9e30dafa8c936efc210d8f28feabca.1920x1080.jpg?t=1605772362,https://shared.akamai.steamstatic.com/store_item_assets/steam/apps/1416240/ss_c59ecee91a00341341bcfaf9f81d5a50bb80189b.1920x1080.jpg?t=1605772362,https://shared.akamai.steamstatic.com/store_item_assets/steam/apps/1416240/ss_fada07a0e443d45c37377b5bf9692105d7aa1ad4.1920x1080.jpg?t=1605772362,https://shared.akamai.steamstatic.com/store_item_assets/steam/apps/1416240/ss_52a0c3b8b71c2709a44a8a22de579f6ea187eea6.1920x1080.jpg?t=1605772362,https://shared.akamai.steamstatic.com/store_item_assets/steam/apps/1416240/ss_6c8929bcd9b2cd639ea1ff95070dced2a77a6c5b.1920x1080.jpg?t=1605772362,https://shared.akamai.steamstatic.com/store_item_assets/steam/apps/1416240/ss_b405fc9051f1c585a3c068a6cf444c6ae564604a.1920x1080.jpg?t=1605772362",Steam,Paid
2692640,Room,"Dec 13, 2023",0 - 20000,0,0,3.49,30,0,"Room is a psychological horror game. THE SUBJECT OF THE GAME In Room players find themselves trapped in an unnerving and ever-shifting nightmare where escaping one room only leads to the discovery of another, each more sinister than the last. Confronted by an ever-evolving environment, players must navigate through a series of intricately designed rooms, each harboring its own unique set of challenges and horrors. What to do in Room There are a lot of rooms and you try to escape. If you escape one room, another one comes. Find keys and other objects and escape. WARNING: This Game Contains Intense Horror Elements Enter at your own risk! This game is not for the faint of heart. Prepare to be immersed in a world of spine-chilling terror, where every step could be your last. Be warned, the darkness holds unspeakable horrors that will test your courage and resilience. Brace yourself for a nerve-wracking experience that will keep you on the edge of your seat. Sudden jolts, eerie sounds, and unsettling visuals will push your senses to the limit. Dare to explore, but beware! The atmosphere grows increasingly tense, enveloping you in a suffocating dread. Your every decision carries weight, and the consequences of your actions may haunt you. Only the bravest souls will triumph in this twisted realm. Do you have what it takes to survive? Proceed with caution, for this game will plunge you into a realm of fear that lingers long after you've put down the keyboard and mouse. Remember, this game is designed to invoke discomfort and fear. If you have a history of anxiety, heart conditions, or are sensitive to disturbing content, we strongly advise against playing. You have been warned.",['English'],['English'],Unknown,https://shared.akamai.steamstatic.com/store_item_assets/steam/apps/2692640/header.jpg?t=1702487121,Unknown,humeystudios24@gmail.com,True,False,False,0,Unknown,0,4,3,Unknown,0,0,Unknown,0,0,0,0,HUMEY Studios,HUMEY Studios,"Single-player,Family Sharing","Action,Adventure,Indie","Horror,Psychological Horror,Realistic,Action,First-Person,Adventure,Psychological,Puzzle,Action-Adventure,3D Platformer,Puzzle-Platformer,Hidden Object,3D,Mystery,Dark,Thriller,Singleplayer,Indie","https://shared.akamai.steamstatic.com/store_item_assets/steam/apps/2692640/ss_ef2255f8534cdff7d9d6f299c954ab063d2a6539.1920x1080.jpg?t=1702487121,https://shared.akamai.steamstatic.com/store_item_assets/steam/apps/2692640/ss_b22bd2903f404a52bddad5c6e6a2ef9e418d2f53.1920x1080.jpg?t=1702487121,https://shared.akamai.steamstatic.com/store_item_assets/steam/apps/2692640/ss_e035013fa9507aed4413f63e5ea6f0a1090c886b.1920x1080.jpg?t=1702487121,https://shared.akamai.steamstatic.com/store_item_assets/steam/apps/2692640/ss_44b3a70a3813a34d553ee0ff9cfc4c395a7d01b9.1920x1080.jpg?t=1702487121,https://shared.akamai.steamstatic.com/store_item_assets/steam/apps/2692640/ss_1e1d87a2f1be1b2b28734c20c34629440c1ca20b.1920x1080.jpg?t=1702487121",Steam,Paid
1346270,Hentai Jazz,"Jul 22, 2020",0 - 20000,0,0,0.99,0,0,"Hentai Jazz is a simple puzzle game whose goal is to arrange the tiles in the right order. Upon reaching the goal, you will see an image with a girl. The game contains 9 levels of varying difficulty. Features Unique atmosphere Musical accompaniment Graphic execution Achievement All characters are over the age of 18.",['English'],['English'],Unknown,https://shared.akamai.steamstatic.com/store_item_assets/steam/apps/1346270/header.jpg?t=1609701297,Unknown,lightscama@gmail.com,True,False,False,0,Unknown,0,0,0,Unknown,20,0,Adult only! This game contains sexual content All characters are over the age of 18,0,0,0,0,Lights! Camera! Action!,Lights! Camera! Action!,"Single-player,Steam Achievements,Family Sharing","Casual,Indie,RPG,Simulation",Unknown,"https://shared.akamai.steamstatic.com/store_item_assets/steam/apps/1346270/ss_752fa0c673cec1dc20fb2ecdf853152c513c4d7d.1920x1080.jpg?t=1609701297,https://shared.akamai.steamstatic.com/store_item_assets/steam/apps/1346270/ss_574b841bb271b210ef203ba3accbf7629cb92532.1920x1080.jpg?t=1609701297,https://shared.akamai.steamstatic.com/store_item_assets/steam/apps/1346270/ss_83451012f2d7e63f9699a65fba8add1378a340c0.1920x1080.jpg?t=1609701297,https://shared.akamai.steamstatic.com/store_item_assets/steam/apps/1346270/ss_a3a4b9d1e9f112ec83403545ab7721d97d083b2a.1920x1080.jpg?t=1609701297,https://shared.akamai.steamstatic.com/store_item_assets/steam/apps/1346270/ss_1092a5752c9bce2f6c14949cddb2fa155c9b3b68.1920x1080.jpg?t=1609701297",Steam,Paid
1715470,Chronicles of Sarval: Bridges of Koni,"Nov 12, 2021",0 - 20000,0,0,2.99,0,0,"Chronicles of Sarval: Bridges of Koni is a puzzle game based on graph theory, with beautiful 2D pixel art, immersive soundtrack and a complex narrative with a surprising plot twister. Solve the puzzles, find the key to the castle and help the wizard Helm in the problem of bridges in the kingdom of Koni How Does Puzzle Work? In each level the player must find the path that passes through each bridge only once. The puzzle is based on graph theory, especially in its origin, where mathematician Leonard Euller used graphs to solve the problem of Konisbergh bridges. The game has 5 distinct regions and more than 30 levels. In addition to the puzzle challenge, the player also encounters several enemies A level map purchase system that helps you solve puzzles And a world full of unique challenges, environments and characters The game contains More than 30 unique puzzles 5 regions Interactive characters Map purchase system Different types of enemies Immersive soundtrack Beautifuli pixel art","['English', 'Portuguese - Brazil']",[],Unknown,https://shared.akamai.steamstatic.com/store_item_assets/steam/apps/1715470/header.jpg?t=1646252759,Unknown,contactshidogs@gmail.com,True,False,False,0,Unknown,0,14,1,Unknown,37,0,Unknown,0,0,0,0,Shido Game Studio,Shido Game Studio,"Single-player,Full controller support,Family Sharing","Action,Adventure,Indie,Strategy","Adventure,Fantasy,Puzzle,Exploration,Pixel Graphics,Story Rich,Relaxing,Logic,Alternate History,Action-Adventure,2D,Colorful,Magic,Conversation,Choose Your Own Adventure,Strategy,Singleplayer,Action,Quick-Time Events,Atmospheric","https://shared.akamai.steamstatic.com/store_item_assets/steam/apps/1715470/ss_5ebd22eec1d20fb732d58a9785dabcf91753f8e9.1920x1080.jpg?t=1646252759,https://shared.akamai.steamstatic.com/store_item_assets/steam/apps/1715470/ss_c07d9f4b899971da9614b469434d0d7f02c183a8.1920x1080.jpg?t=1646252759,https://shared.akamai.steamstatic.com/store_item_assets/steam/apps/1715470/ss_17e0fddde9dbb455e2b7457a120b2e63551b0ec9.1920x1080.jpg?t=1646252759,https://shared.akamai.steamstatic.com/store_item_assets/steam/apps/1715470/ss_1df479ba20a7c3c97ad4e2ae8c9a123e9922d1ff.1920x1080.jpg?t=1646252759,https://shared.akamai.steamstatic.com/store_item_assets/steam/apps/1715470/ss_6da702f3dde73858b65ab6e3c01ee9759c25ac85.1920x1080.jpg?t=1646252759,https://shared.akamai.steamstatic.com/store_item_assets/steam/apps/1715470/ss_9b091af88a9d690cba86820ce04d8e4927f4b65b.1920x1080.jpg?t=1646252759",Steam,Paid
4000330,AURAWEAVER Playtest,"Sep 5, 2025",0 - 0,0,0,0.0,0,0,Unknown,[],[],Unknown,https://shared.akamai.steamstatic.com/store_item_assets/steam/apps/4000330/3ecf170fcf61183711c348149c016d8977f76ffb/header.jpg?t=1757070689,Unknown,Unknown,True,False,False,0,Unknown,0,0,0,Unknown,0,0,Unknown,0,0,0,0,Unknown,Unknown,Unknown,Unknown,Unknown,Unknown,Steam,Free
2430760,Family Arcade,"Dec 1, 2023",0 - 20000,0,0,0.0,0,0,"'Tis the season to be gaming 🎄 Looking for a way to make your next game night or family gathering even more fun? Look no further than Family Arcade. Our jam-packed collection is the ultimate stress reliever, guaranteed to bring out your inner child and have you laughing all night long. Make your holiday season unforgettable with our selection of games that are sure to get everyone into the Christmas spirit 🎅 Our games are perfect for all ages and skill levels, so everyone can join in on the fun. From classic party games to the latest hits, Family Arcade has something for everyone: 🎲 Scavenger Hunt is tailored for young minds. 🎲 Pop the Pumpkin is a great game for teens who are looking for a fun and more challenging experience. 🎲 Hyperdrive is crafted for mature players seeking an adrenaline-fueled experience. 🎲 Wordsmith is designed to appeal to seniors who are looking for a fun and mentally stimulating activity. In addition to our wide selection of Christmas games, our Home screen also features over an hour of Christmas songs to get everyone in the holiday mood! Perfect for family game nights or solo holiday cheer, this pack will bring hours of fun and nostalgia to your home!",['English'],['English'],Unknown,https://shared.akamai.steamstatic.com/store_item_assets/steam/apps/2430760/header.jpg?t=1701425801,https://familyarcade.gumroad.com/,mathias@unchaineduniverse.com,True,True,False,0,Unknown,0,0,0,Unknown,0,0,Unknown,0,0,0,0,Family Nights,Family Nights,Single-player,"Casual,Indie",Unknown,"https://shared.akamai.steamstatic.com/store_item_assets/steam/apps/2430760/ss_43401440bc5737cb3edcabbad14e45a8c76d8472.1920x1080.jpg?t=1701425801,https://shared.akamai.steamstatic.com/store_item_assets/steam/apps/2430760/ss_6bb4128848fc714d7567697e3e3ef2333a238793.1920x1080.jpg?t=1701425801,https://shared.akamai.steamstatic.com/store_item_assets/steam/apps/2430760/ss_59e13eec16b7ba225efbfa18b2bf973f7d65cff2.1920x1080.jpg?t=1701425801,https://shared.akamai.steamstatic.com/store_item_assets/steam/apps/2430760/ss_efdbc0524a605bc93f1c5e2c54e055d19adac8ee.1920x1080.jpg?t=1701425801,https://shared.akamai.steamstatic.com/store_item_assets/steam/apps/2430760/ss_e630c074b7963e53f5a80973a8fe9b4130f0fce1.1920x1080.jpg?t=1701425801",Steam,Free
2876200,eXoSpace Combat Engineer,"Sep 14, 2025",0 - 0,0,0,12.74,0,0,"eXoSpace Combat Engineer is inspired by Reassembly, FTL, Cosmoteer, Nova Drift, Starsector, Avorion and more. It fills a unique niche as a mission-based, gridless spaceship-designing roguelite. Easily snap modules into place  and quickly build your gunship or juggernaut. Improve your design using newly discovered modules. Balance thrusters, armor, weapons, shields, energy systems and even rotators and pistons to prepare for your next fight. Gridless building and loads of modules allow your destructive creativity to run wild! Pilot your ship through explosive, physics-driven battles . Each mission starts with a fresh ship and a handful of blueprints, and your unlocked modules force you to adapt every run. Survive the unknown , push deeper into eXoSpace, and brave unpredictable encounters. Make friends and mortal enemies. Explode heroically, improve your design and try again. To succeed, you must defeat one of many brutal bosses. Progress through the ranks to access better starting ships, train your crew to improve your ship's performance, and unlock game-changing modifiers that change the game's rules. No two missions are the same : randomized maps, enemies, events, and outcomes. Rank up  by completing missions to access new starting ships and increase your starting resources. Unlock game-changing modifiers and train your crew  using the bounties you collect. Sandbox mode lets you freely build ships and command massive space battles. Hundreds of modules to discover, including pistons, rotators, and powerful unique parts. Extensive modding support for ship modules, encounters, and more. Seamless Steam Workshop integration for sharing and downloading designs and mods. Optional Permadeath Mode for those who want the ultimate challenge where death is permanent. eXoSpace is a passion project by Fantastimaker, an independent game studio consisting of just Bas, its developer, marketeer and designer.","['English', 'Dutch']",[],Unknown,https://shared.akamai.steamstatic.com/store_item_assets/steam/apps/2876200/8a8f9a6293c9d25b0929a9a4a1df6d7ca8af7d6c/header.jpg?t=1766066979,https://exospace-combat-engineer.com/,Unknown,True,False,False,0,Unknown,0,0,0,Unknown,0,0,Unknown,0,0,0,0,Fantastimaker,Fantastimaker,"Single-player,Steam Workshop,Partial Controller Support,Family Sharing","Action,Adventure,Indie,Simulation,Strategy,Early Access",Unknown,"https://shared.akamai.steamstatic.com/store_item_assets/steam/apps/2876200/bbe9f5ec82aa8f7273d4c397a3c56df456d7c8f7/ss_bbe9f5ec82aa8f7273d4c397a3c56df456d7c8f7.1920x1080.jpg?t=1766066979,https://shared.akamai.steamstatic.com/store_item_assets/steam/apps/2876200/5d3b243e0125078b7e38f0ea00d1654bc66cea7f/ss_5d3b243e0125078b7e38f0ea00d1654bc66cea7f.1920x1080.jpg?t=1766066979,https://shared.akamai.steamstatic.com/store_item_assets/steam/apps/2876200/01317099e3d1d180f7c64cd7413b5fb3d766af1f/ss_01317099e3d1d180f7c64cd7413b5fb3d766af1f.1920x1080.jpg?t=1766066979,https://shared.akamai.steamstatic.com/store_item_assets/steam/apps/2876200/e914a93af55e353ec187a27ccaeb6036d5498404/ss_e914a93af55e353ec187a27ccaeb6036d5498404.1920x1080.jpg?t=1766066979,https://shared.akamai.steamstatic.com/store_item_assets/steam/apps/2876200/3469aec51fd3507677cdafe3e553bdce3cf0746e/ss_3469aec51fd3507677cdafe3e553bdce3cf0746e.1920x1080.jpg?t=1766066979,https://shared.akamai.steamstatic.com/store_item_assets/steam/apps/2876200/ac69093b9bc3ab0a19f609e2b18f7e38421301ce/ss_ac69093b9bc3ab0a19f609e2b18f7e38421301ce.1920x1080.jpg?t=1766066979,https://shared.akamai.steamstatic.com/store_item_assets/steam/apps/2876200/527aaa021f34be772f08bd30009e2a1aef6bdeae/ss_527aaa021f34be772f08bd30009e2a1aef6bdeae.1920x1080.jpg?t=1766066979,https://shared.akamai.steamstatic.com/store_item_assets/steam/apps/2876200/b085c34d77a3d68bdd536d9258f7ba7a13ef6329/ss_b085c34d77a3d68bdd536d9258f7ba7a13ef6329.1920x1080.jpg?t=1766066979,https://shared.akamai.steamstatic.com/store_item_assets/steam/apps/2876200/49288807115582d07a7263e6d9df28a5f8b5921f/ss_49288807115582d07a7263e6d9df28a5f8b5921f.1920x1080.jpg?t=1766066979,https://shared.akamai.steamstatic.com/store_item_assets/steam/apps/2876200/8c120fcfaba4ab739b77f0bea659debc2109f01b/ss_8c120fcfaba4ab739b77f0bea659debc2109f01b.1920x1080.jpg?t=1766066979,https://shared.akamai.steamstatic.com/store_item_assets/steam/apps/2876200/7b02d0bc8294fc70787ea1adcfc0beabc00664ec/ss_7b02d0bc8294fc70787ea1adcfc0beabc00664ec.1920x1080.jpg?t=1766066979,https://shared.akamai.steamstatic.com/store_item_assets/steam/apps/2876200/0936064c7dc245a6f401bdcd497c104a1fbfac52/ss_0936064c7dc245a6f401bdcd497c104a1fbfac52.1920x1080.jpg?t=1766066979,https://shared.akamai.steamstatic.com/store_item_assets/steam/apps/2876200/a91de8e009d039431b217586d859c88136f95f7b/ss_a91de8e009d039431b217586d859c88136f95f7b.1920x1080.jpg?t=1766066979,https://shared.akamai.steamstatic.com/store_item_assets/steam/apps/2876200/c984f3ffc9ee9c8940c308d1c12c9ca2ff2326b2/ss_c984f3ffc9ee9c8940c308d1c12c9ca2ff2326b2.1920x1080.jpg?t=1766066979,https://shared.akamai.steamstatic.com/store_item_assets/steam/apps/2876200/d92ca365bd2d565cc9c2c5bbffb4dc6dd688064c/ss_d92ca365bd2d565cc9c2c5bbffb4dc6dd688064c.1920x1080.jpg?t=1766066979",Steam,Paid
2490930,富甲天下W,"Dec 21, 2023",20000 - 50000,4,0,3.19,60,0,經典再創新 「富甲天下W」將全球玩家拉在一起 結合城池建設、武將升級的三國英雄大富翁系列，由原富甲天下團隊參與製作及監修，「富甲天下W」專為連線模式設計了新玩法！全新的錦囊及建築圖、還有任務及成就系統，將為富甲天下系列的玩家創造全新的互動樂趣！ 讓大富翁遊戲的等待時間變得熱鬧無比 等待其它玩家操作的時間，若其它玩家進入單挑、野戰及攻城戰時，沒參戰的主公也可使用計謀錦囊幫人或害人！同時我方也會啟動「等待寶箱」的開啟倒數計時，時間到就可以獲取武將、建築圖、錦囊、士兵或銀兩！此外，玩家也可以查詢自己的城池及武將訊息，隨時利用錦囊妙計調整經營策略！ 蒐集卡牌升級武將、建築及計謀錦囊！ 武將、建築及計謀錦囊，可透過蒐集卡牌來升級，升級效果將直接呈現於戰鬥中的等級，並隨玩家一路冒險。完成任務、成就及勝利寶箱都可獲得元寶，在商城使用元寶換「武將寶箱」、「建築圖寶箱」或「錦囊寶箱」取得想要的升級元素，集滿卡牌後再用金幣來進行升級！ 首次登入送1000元寶，老玩家再加碼！ 新手登入有八個三折寶箱，遊戲無額外付費機制，遊戲每天也會定時刷新每日特價商城，包含免費商品，玩家別忘了定時上來領取喔！曾經購買富甲天下STEAM版本2、3、4、5 的玩家，每套遊戲都額外贈送「1000元寶」，在遊戲中的「信件」中即可領取。 率先開放三種戰鬥模式，真人網路對戰或合作打魔王 「對戰模式」讓玩家 1 vs 1 對戰，「協同模式」讓兩個玩家一起挑戰魔王，「三國模式」讓三位玩家各成一國展開混戰，三種戰鬥模式都有「隨機撮合」及「開房約戰」兩種撮合方式！,"['Traditional Chinese', 'Simplified Chinese']","['Traditional Chinese', 'Simplified Chinese']",Unknown,https://shared.akamai.steamstatic.com/store_item_assets/steam/apps/2490930/header.jpg?t=1706153143,Unknown,service@ttime.com.tw,True,False,False,0,Unknown,0,57,55,Unknown,0,102,Unknown,1,0,1,0,"T-Time Technology CO., LTD.","T-Time Technology CO., LTD.","Single-player,Multi-player,PvP,Online PvP,Co-op,Online Co-op,Family Sharing","RPG,Strategy","Strategy,RPG,Card Game,Turn-Based Strategy,MOBA,Tabletop,Strategy RPG,Card Battler,Turn-Based Tactics,Tactical RPG,Cute,Isometric,Colorful,Artificial Intelligence,Drama,Funny,Comedy,Historical,PvP,PvE","https://shared.akamai.steamstatic.com/store_item_assets/steam/apps/2490930/ss_19ac09eb29601fa7b890938a767c49519cba9c2d.1920x1080.jpg?t=1706153143,https://shared.akamai.steamstatic.com/store_item_assets/steam/apps/2490930/ss_22e3e44ab8431080068a1700b1a7927d82b1019f.1920x1080.jpg?t=1706153143,https://shared.akamai.steamstatic.com/store_item_assets/steam/apps/2490930/ss_d32887b6e7e042eeed20aed573e80990d9830fe3.1920x1080.jpg?t=1706153143,https://shared.akamai.steamstatic.com/store_item_assets/steam/apps/2490930/ss_261d79027bc4d7c3988762f4402d38f6e39b8bcf.1920x1080.jpg?t=1706153143,https://shared.akamai.steamstatic.com/store_item_assets/steam/apps/2490930/ss_a95aa4a21265b9154e7af9cac45be38928bae180.1920x1080.jpg?t=1706153143,https://shared.akamai.steamstatic.com/store_item_assets/steam/apps/2490930/ss_5bd32428da49cdaf2118af0c3d9b7070e16f7924.1920x1080.jpg?t=1706153143,https://shared.akamai.steamstatic.com/store_item_assets/steam/apps/2490930/ss_67f14dfadf75a4f48850f2512ac15fcd9b37f7f5.1920x1080.jpg?t=1706153143,https://shared.akamai.steamstatic.com/store_item_assets/steam/apps/2490930/ss_3bc08d592cf796d005374947bbbee678406262f6.1920x1080.jpg?t=1706153143,https://shared.akamai.steamstatic.com/store_item_assets/steam/apps/2490930/ss_9e5c3047807f997d90003b9cfe41cc5bc4879225.1920x1080.jpg?t=1706153143,https://shared.akamai.steamstatic.com/store_item_assets/steam/apps/2490930/ss_7e6358d5282453571db4f924376e0115d360a741.1920x1080.jpg?t=1706153143,https://shared.akamai.steamstatic.com/store_item_assets/steam/apps/2490930/ss_65355342625e7d861b340738e65e1ff89430563c.1920x1080.jpg?t=1706153143,https://shared.akamai.steamstatic.com/store_item_assets/steam/apps/2490930/ss_92e4a6b32fb7687acc09d31e3e49af96d4c681ba.1920x1080.jpg?t=1706153143",Steam,Paid
3477680,scratched!,"Feb 11, 2025",0 - 20000,0,0,3.99,0,0,"inspired by games like Getting Over It or A Difficult Game About Climbing . you think you know the right way to hit a cue ball? get bent. you are going hit that [expletive deleted] ball with a sideways cue and you are going to like it. now hit that 8 ball in its sly eyes... its sly mother[expletive deleted] eyes. climb up and fall down. in scratched! you slowly but surely push your cue ball of a series of platforms using a cue. platforms that the ball can very easily roll down on, all the way to the bottom. there are no checkpoints. success in scratched! requires learning how to handle your ball and your cue to push at the exact right position at the exact right time. in other words, it's time to put the work in.",['English'],[],Unknown,https://shared.akamai.steamstatic.com/store_item_assets/steam/apps/3477680/header.jpg?t=1739328645,Unknown,secondrowsoftware@gmail.com,True,False,True,0,Unknown,0,0,0,Unknown,1,0,Unknown,0,0,0,0,Second Row Software,Second Row Software,"Single-player,Steam Achievements,Steam Cloud,Family Sharing",Indie,Unknown,"https://shared.akamai.steamstatic.com/store_item_assets/steam/apps/3477680/ss_2f10358befcc6e75773f7611f24855875f862178.1920x1080.jpg?t=1739328645,https://shared.akamai.steamstatic.com/store_item_assets/steam/apps/3477680/ss_995b9c9e52e84d0e52721b91da7d48f6ac01279d.1920x1080.jpg?t=1739328645,https://shared.akamai.steamstatic.com/store_item_assets/steam/apps/3477680/ss_bb9f8cf27ef315203312aa29615cdd771b124ad7.1920x1080.jpg?t=1739328645,https://shared.akamai.steamstatic.com/store_item_assets/steam/apps/3477680/ss_3d9b6af24f71f2b5c5660fc5d64c45aff50472ee.1920x1080.jpg?t=1739328645,https://shared.akamai.steamstatic.com/store_item_assets/steam/apps/3477680/ss_f11025baa9a588fb6578d0b3e62948f83bf513b5.1920x1080.jpg?t=1739328645",Steam,Paid
3870210,Gray Goo,"Jul 26, 2025",0 - 0,0,0,1.99,0,0,"Goo is going to destroy the world. Travel through space, collect resourses, buy upgrades and save the universe.",['English'],['English'],Unknown,https://shared.akamai.steamstatic.com/store_item_assets/steam/apps/3870210/8646ac42a3b0ac2f0190fb2ef5b843e6a2431178/header.jpg?t=1753529476,Unknown,darktanker95@gmail.com,True,False,False,0,Unknown,0,0,0,Unknown,0,0,Unknown,0,0,0,0,Glitch Nomads,Glitch Nomads,"Single-player,Family Sharing","Action,Casual,Indie",Unknown,"https://shared.akamai.steamstatic.com/store_item_assets/steam/apps/3870210/d0028802a436386133cfa295c5f14dbff25a84ab/ss_d0028802a436386133cfa295c5f14dbff25a84ab.1920x1080.jpg?t=1753529476,https://shared.akamai.steamstatic.com/store_item_assets/steam/apps/3870210/7593089efae35fde024f87a9b6d51d0fef1c8709/ss_7593089efae35fde024f87a9b6d51d0fef1c8709.1920x1080.jpg?t=1753529476,https://shared.akamai.steamstatic.com/store_item_assets/steam/apps/3870210/5407aa7d3bb24dc23223a39bcd86d7e21918e5ce/ss_5407aa7d3bb24dc23223a39bcd86d7e21918e5ce.1920x1080.jpg?t=1753529476,https://shared.akamai.steamstatic.com/store_item_assets/steam/apps/3870210/61c2b9406a66d1576056472b97c265523eababd9/ss_61c2b9406a66d1576056472b97c265523eababd9.1920x1080.jpg?t=1753529476,https://shared.akamai.steamstatic.com/store_item_assets/steam/apps/3870210/10c0ba61be2dfb450a5228c177dce78168962428/ss_10c0ba61be2dfb450a5228c177dce78168962428.1920x1080.jpg?t=1753529476",Steam,Paid
2704270,Dorasyeoda,"Dec 21, 2023",20000 - 50000,0,0,9.99,0,1,"「Dorasyeoda」 takes place in the Joseon dynasty. Did I just say Joseon? Well, now it should be called the New Joseon ! New Joseon, ruled by the one and only God, has Narin as their national religion. What had happened to Joseon? On a peaceful day on October 3rd in Joseon, the descendant of God made his appearance to the world. ‘As the Almighty takes care of our nation, all subjects must look up to God and be beneficial to the country.' He leads a legion of iron-clad machines and takes over Joseon, thus opening a new dynasty by the name of New Joseon . The original social class, which consisted of the Noble, the Middle, the Common, and the Low is now gone. Now, the people of New Joseon are divided into four new classes: the Ruby, the Lapis, the Amber, and the Shadow . Let me introduce them to you, as you would be unfamiliar with New Joseon. The Ruby are the royals , the ones who rule the country. The Lapis are the aristocrats , the former nobles. The Amber are the mechanical iron-clad men , a new species in New Joseon, created from the rituals of the Red. The Shadow are the ones who are ruled, the subjects , very much like slaves in slightly better conditions. Were there any backlashes, you say? Well, the dead does not say much. The people in New Joseon must conform to their fate in the strict caste system. Thoughts about resisting? People in New Joseon would rather pray to God if they have time for that. Because on the Day of the Oracle , October 3rd, there may be a chance for an Shadow to be chosen by God and become a Lapis. We do not know much about what God has in mind, but wouldn’t the odds go higher if one was a sincere devotee? Our protagonist, Saegyeol was an ordinary Shadow until she was chosen to become a Lapis . On the Day of the Oracle , when she was chosen by God, Her father died in vain, not knowing the reason why. Clinging on to the unanswered question, half a month passes , And Saegyeol is assigned to investigate why a steam train factory stopped its operation. Through her investigation, she finds a trace of someone trying to cover up the truth. This trace resembles the suspicion of her father’s death. Will Saegyeol uncover the truth of the steam train factory and also find answers to her questions? Or maybe… a new question may form instead. The Early Access version of 「Dorasyeoda」 deals with Chapter 0: Steam Train and Cogwheels . Investigate a suspicious case in the steam train factory and uncover the truth for yourself! 「Dorasyeoda」 is a 3D Mystery &amp; Detective Adventure game. You will be the protagonist, Saegyeol in this game. How to play 「Dorasyeoda」 is as follows: The Field Investigation refers to the process of players collecting relevant clues. The game consists of a 3D view to give the impression of an active and direct investigation by yourself. The Active Investigation lets you move the character with the arrow keys and space bar to look around the crime scene and obtain Clues by pressing the Interaction key . The Detailed Investigation is constructed in a 3D isometric view and lets you rotate, move, and zoom in/out of the screen . You can examine the place and interact with objects by clicking on them to obtain more Clues. The Interrogation lets you collects testimonies about the case from the suspects. Through each Conversation , you can collect the suspect’s alibi . You are able to gather information through a variety of conversation Topics, And get new testimonies from hidden Topics , which are unlocked by breaking down the contradictions that the suspect makes. Additionally, you can hear what a suspect thinks about a Clue or a person by Presenting them to him/her. We have reflected on the various personalities of each NPC and the context of the special worldview in all the Conversations and Clues very carefully so that you can understand them more thoroughly. Delve into the case to have psychological warfare with the suspects, and doubt each and every piece of information constantly until the case is closed! The Deduction Note serves as an inventory to see the Clues and information that you collected to aid you through the case. In Character Information , you can see the information of the people that you have encountered. In Clues , you can see all the Clues and the information that you have collected. Click on the magnify button to examine detailed information about the Clue that you didn’t know when you obtained it. In Map , you can have a wide view of the place you are at. You can check the names of places available for Detailed Investigation and also where each NPC is. In Dictionary , you can check the meanings of certain terms that are dedicated to 「Dorasyeoda」 for its special world setting. The Accusation is a scene where you answer the questions from God. Each case will be closed when you solve the five questions that are presented by God through the Accusation . The questions are constructed of some of the main points in dispute regarding the case . Read the question and pick either a Clue or a Character Information that you think is the answer to submit it. If you submit all the answers to all the questions, you can click on the Deduction Complete button to close the case. The case is closed when you think you are sure of all the answers , regardless of how much progress you made of the game. The ending varies on various conditions such as whether you got the main question right, how many correct answers you have made, and so on.",['Korean'],['Korean'],Unknown,https://shared.akamai.steamstatic.com/store_item_assets/steam/apps/2704270/header.jpg?t=1703214081,Unknown,merlins.attic21@gmail.com,True,False,False,0,Unknown,0,11,6,Unknown,0,0,Unknown,0,0,0,0,Merlin's Attic,STUDIOS NooY,"Single-player,Family Sharing","Adventure,Indie,Early Access","Early Access,Dystopian,Alternate History,Visual Novel,Point & Click,2.5D,Female Protagonist,Puzzle,Choices Matter,Time Travel,Multiple Endings,Isometric,Hidden Object,Detective,3D,Hand-drawn,Crime,Drama,Adventure,Investigation","https://shared.akamai.steamstatic.com/store_item_assets/steam/apps/2704270/ss_16f09fccd3306dc978419c8ec33ef7dc853ca90d.1920x1080.jpg?t=1703214081,https://shared.akamai.steamstatic.com/store_item_assets/steam/apps/2704270/ss_de135f1cac507cc122ec75ecc82cab2dc89d5779.1920x1080.jpg?t=1703214081,https://shared.akamai.steamstatic.com/store_item_assets/steam/apps/2704270/ss_0dfded1fefdf707a649c6a177fa189dbd2c0f54e.1920x1080.jpg?t=1703214081,https://shared.akamai.steamstatic.com/store_item_assets/steam/apps/2704270/ss_e0d4dcd6b8351df17927bde729074d0cc28f609e.1920x1080.jpg?t=1703214081,https://shared.akamai.steamstatic.com/store_item_assets/steam/apps/2704270/ss_1a8ba7c9931208af0765fb772e32d6c5afaccac5.1920x1080.jpg?t=1703214081,https://shared.akamai.steamstatic.com/store_item_assets/steam/apps/2704270/ss_0806ced56a141c7e5472210e4c62c3630e9b448d.1920x1080.jpg?t=1703214081",Steam,Paid
1836690,Red Bash,"Jan 21, 2022",0 - 20000,0,0,4.99,0,1,"About Red Bash Help Reddy the Red Panda in this difficult, retro-styled precision platformer to collect all the delicious bamboo. The catch: you can use the enemies projectiles to your advantage. Redirect them to destroy obstacles or boost yourself to even greater heights. Master over 45 tight, handcrafted stages in multiple environments that offer different challenges. Features Tight 2D platformer controls and the ability to use projectiles to your advantage 45 handcrafted level with progressively higher difficulty 3 super difficult bonus level 3 worlds with completely different environments and obstacles 11 original music pieces Menus with detailed information about records and death counts Going fast There is a trick in this game that you can use to go fast like this. After using a Bash to get forward momentum, you can let go of all directional inputs to the side. This way you will keep all the Bash momentum as long as you don't hit a wall or touch the ground for too long. But don't worry, if this sounds too difficult, you can get through the game without ever doing this.",['English'],[],Unknown,https://shared.akamai.steamstatic.com/store_item_assets/steam/apps/1836690/header.jpg?t=1642752007,Unknown,redbashcontact@gmail.com,True,False,False,0,Unknown,0,8,2,Unknown,15,0,Unknown,0,0,0,0,Hannes Legner,Hannes Legner,"Single-player,Steam Achievements,Full controller support,Steam Cloud,Steam Leaderboards,Family Sharing","Action,Indie","Precision Platformer,Pixel Graphics,Difficult,Cute,Singleplayer,Action,2D,Platformer,Retro,Side Scroller,2D Platformer,Fast-Paced,Controller,Linear,Atmospheric,Puzzle-Platformer,Indie,Short,Nature,Soundtrack","https://shared.akamai.steamstatic.com/store_item_assets/steam/apps/1836690/ss_44e7b5f6b04e87f508a33e5d704a97cd3545c45f.1920x1080.jpg?t=1642752007,https://shared.akamai.steamstatic.com/store_item_assets/steam/apps/1836690/ss_d73c8e080871c561d2eae364841525bac6574074.1920x1080.jpg?t=1642752007,https://shared.akamai.steamstatic.com/store_item_assets/steam/apps/1836690/ss_d007efe945a27ae5096b5e0ae8cb25fbe946cf48.1920x1080.jpg?t=1642752007,https://shared.akamai.steamstatic.com/store_item_assets/steam/apps/1836690/ss_b053058e6481f488284bc7082e531ce16a67b08b.1920x1080.jpg?t=1642752007,https://shared.akamai.steamstatic.com/store_item_assets/steam/apps/1836690/ss_f8fe1aef8bfe51bc7397da2a745408733b416a7b.1920x1080.jpg?t=1642752007,https://shared.akamai.steamstatic.com/store_item_assets/steam/apps/1836690/ss_e21dd50b2b1fb631ff0580665f58630090b8650c.1920x1080.jpg?t=1642752007,https://shared.akamai.steamstatic.com/store_item_assets/steam/apps/1836690/ss_3a88517a225671c97402bc56e6d68b22c9cf907f.1920x1080.jpg?t=1642752007,https://shared.akamai.steamstatic.com/store_item_assets/steam/apps/1836690/ss_238531425b7762615a5e14389595b71aa42ed2f4.1920x1080.jpg?t=1642752007",Steam,Paid
767800,Struggle For Talyria,"Jul 2, 2021",0 - 20000,0,0,4.99,0,0,"Struggle for Talyria is a 2D JRPG set in the land of Talyria, a world so acquainted with war that peace seems an unattainable dream. The historically aggressive, industrious humans of Veltara are forever crossing blades with the cave-dwelling Delvirinn. The reasons for the conflict have been lost in time, and the war is now simply a fact of life for both sides, further fueled by greed and revenge killings that claim life after life. At the same time, myths and legends from the past are materializing at an increasing and alarming rate. What does it mean? And what part will they play in the times to come? Engaging Story - A tale of political intrigue, magic, legends, and above all... Hope. Hope for a world that is slowly losing it, generation by generation. Actions Matter - The homeless person you gave food to, the soldier you recommended for promotion...or didn't. Small things, but they will let you put your own personal stamp on the world as the story unfolds. Active​ and Wait Battle Systems - Play the game whichever way you enjoy it the most. Unique Characters - Every character has unique stats and their own special abilities, often coupled with an interesting animation. Customize Your Party - Choose which characters you want in your party, and customize them through equipment. Over An Hour Of Original Music - Includes several random battle and boss battle songs. No more hearing the exact same song every time you fight.",['English'],[],Unknown,https://shared.akamai.steamstatic.com/store_item_assets/steam/apps/767800/header.jpg?t=1627492982,https://www.scaldingsoupstudios.com/,support@scaldingsoupstudios.com,True,False,False,0,Unknown,0,5,1,Unknown,19,0,Unknown,0,0,0,0,Scalding Soup Studios,Scalding Soup Studios,"Single-player,Steam Achievements,Partial Controller Support,Family Sharing","Adventure,Indie,RPG","RPG,Adventure,JRPG,2D,Retro,Story Rich,Fantasy,Magic,Combat,Conversation,Singleplayer,Indie,Dungeon Crawler,Inventory Management,Linear,Real Time Tactics,Grid-Based Movement","https://shared.akamai.steamstatic.com/store_item_assets/steam/apps/767800/ss_7344544db947d659ed90e8a52cf2f9076acf2d9b.1920x1080.jpg?t=1627492982,https://shared.akamai.steamstatic.com/store_item_assets/steam/apps/767800/ss_ea1d695acf02fc68e2c45aaadba7856f7042dd82.1920x1080.jpg?t=1627492982,https://shared.akamai.steamstatic.com/store_item_assets/steam/apps/767800/ss_bad315e83825ab535d5ac0a4e9056df23a6d4182.1920x1080.jpg?t=1627492982,https://shared.akamai.steamstatic.com/store_item_assets/steam/apps/767800/ss_ff4f4b84782da45a8fa3bb7076efc674b83e6975.1920x1080.jpg?t=1627492982,https://shared.akamai.steamstatic.com/store_item_assets/steam/apps/767800/ss_ad6ad3909096adb61444370b4a19d3bfabf97092.1920x1080.jpg?t=1627492982,https://shared.akamai.steamstatic.com/store_item_assets/steam/apps/767800/ss_8e9f71d1d6851278b973cae3f140937c759a088f.1920x1080.jpg?t=1627492982,https://shared.akamai.steamstatic.com/store_item_assets/steam/apps/767800/ss_7a86063a33ba823681394ca8d93e5055cc2d0e11.1920x1080.jpg?t=1627492982",Steam,Paid
1177510,GASH,"Nov 28, 2019",0 - 20000,0,0,0.99,0,0,"Gash is a fish-eating simulator that allows the player to take control of a sea monster and devour other creatures. Each character plays differently through 4 different zones across 7 levels of chaotic gameplay against an array of enemies that can defeated through combat. All the visuals in the game have been made with clay to create a violent, cartoon-ish atmosphere set in an undersea environment. The game features: - Characters made entirely of clay sculpting - 3 characters who each play differently - 4 different environments - 7 levels - 10 different fish to eat and chunk into giblets - 2 bosses - 4 weapons to use in chaotic flurries of fish and boss fights - Some options to tweak the game's operation",['English'],['English'],Unknown,https://shared.akamai.steamstatic.com/store_item_assets/steam/apps/1177510/header.jpg?t=1599091344,Unknown,jadenld97@gmail.com,True,False,False,0,Unknown,0,1,0,Unknown,0,0,Unknown,0,0,0,0,"Jaden Duchene,DIY","Jaden Duchene,DIY","Single-player,Family Sharing","Action,Casual,Indie,Simulation","Action,Indie,Casual,Simulation","https://shared.akamai.steamstatic.com/store_item_assets/steam/apps/1177510/ss_9aee3e8aa6e722e7f2990ea7227564cb7136d071.1920x1080.jpg?t=1599091344,https://shared.akamai.steamstatic.com/store_item_assets/steam/apps/1177510/ss_b6c9405b1c544d83b06b79fe4c1462d0999d8e5b.1920x1080.jpg?t=1599091344,https://shared.akamai.steamstatic.com/store_item_assets/steam/apps/1177510/ss_49e55c44058b792e8ff7db881eaa0065493c298b.1920x1080.jpg?t=1599091344,https://shared.akamai.steamstatic.com/store_item_assets/steam/apps/1177510/ss_9cb6d02cd6583e995f5bf56b41e739669e9f7afe.1920x1080.jpg?t=1599091344,https://shared.akamai.steamstatic.com/store_item_assets/steam/apps/1177510/ss_2d2d5ccffaf7228a49992640d4029c76e36d28c6.1920x1080.jpg?t=1599091344,https://shared.akamai.steamstatic.com/store_item_assets/steam/apps/1177510/ss_1b835c3374f6eddaef17ab747510cb6a15d1d478.1920x1080.jpg?t=1599091344,https://shared.akamai.steamstatic.com/store_item_assets/steam/apps/1177510/ss_e962ae001be526fe3b365d708c8e9f395373082f.1920x1080.jpg?t=1599091344,https://shared.akamai.steamstatic.com/store_item_assets/steam/apps/1177510/ss_b28275a8821596b856f34bafd903acca04cda923.1920x1080.jpg?t=1599091344,https://shared.akamai.steamstatic.com/store_item_assets/steam/apps/1177510/ss_83fda73e40c06bada7aa217096c811e5c87ba41d.1920x1080.jpg?t=1599091344,https://shared.akamai.steamstatic.com/store_item_assets/steam/apps/1177510/ss_e4cd3ca1bdff178f619df4a07182a6417f51849f.1920x1080.jpg?t=1599091344,https://shared.akamai.steamstatic.com/store_item_assets/steam/apps/1177510/ss_0d8414d1dbb810194200ab58e152d634b2d2253f.1920x1080.jpg?t=1599091344,https://shared.akamai.steamstatic.com/store_item_assets/steam/apps/1177510/ss_9f575eb2ea665574468f24c9b5d83deada244772.1920x1080.jpg?t=1599091344,https://shared.akamai.steamstatic.com/store_item_assets/steam/apps/1177510/ss_5013d96ec604ccd5fc72449a0bb1179ab85062e0.1920x1080.jpg?t=1599091344,https://shared.akamai.steamstatic.com/store_item_assets/steam/apps/1177510/ss_0eca3f5d8202131f6698395e547a013d5fa7f024.1920x1080.jpg?t=1599091344,https://shared.akamai.steamstatic.com/store_item_assets/steam/apps/1177510/ss_1ddbed4bc4da2c52177bd859961da9f24a764635.1920x1080.jpg?t=1599091344,https://shared.akamai.steamstatic.com/store_item_assets/steam/apps/1177510/ss_e0477eac566dbed37f75f2793eb20f16e50afb6c.1920x1080.jpg?t=1599091344,https://shared.akamai.steamstatic.com/store_item_assets/steam/apps/1177510/ss_78ce7d38832b77980663f336ac11e4d7cd09be89.1920x1080.jpg?t=1599091344",Steam,Paid
3432500,Sin and Love,"May 23, 2025",20000 - 50000,17,0,14.99,0,0,"Embark on a journey of vengeance as you uncover the secrets lurking in the shadows of history.  Get ready for an epic adventure filled with twists and surprises, where every choice can lead to glory or despair! 1. Rebirth, Revenge, Roguelike Tang Dynasty Myth, Hardcore Legend 751 CE: The ‘Stone’ Kingdom falls. Its princess dies from  poison. 756 CE: The An-Shi Rebellion erupts, the An Lushan Rebellion shatters Tang glory, unraveling a saga that bends history itself. You are the princess from the ‘Stone’ Kingdom. The Princess needs no mercy—only her blade.  Rise, fight, evolve—and rewrite your fate. Chinese Aesthetics, Sensory Overload！ VISUALS: Porcelain-inspired UI, haunting BGM that hijacks your pulse STORY: Morally complex narratives where Chinese folklore bleeds into reality WORLD: Under the cursed moon, the rules shift with the tides: Full moon?  Demons run wild. New moon?  Humanity’s darkness takes form. Survive blood rituals in sunless pits, or lose yourself in Chang’an’s ghostly markets—no two runs play the same! 2. Souls, Skills, Strategy Phantom of the Opera, Blood Sacrifices Your choice: Trick demons as a cursed puppeteer? Mend a ghost’s broken past… or exploit it?  Ancient rituals stir—blood as currency, souls as stakes. Choices rewrite destiny, puzzles hide deadly secrets, and absurd tales stitch the web of your doom—or glory. Fight through 5 realms Your destination: The Underworld’s rivers, The golden streets of ancient China, Your fallen homeland’s ruins.  Slaughter all who dare stand in your way！ Merge with historical figures to inherit their unique powers.  Activate elemental formations to reshape your rebirth. Smart combos mean unstoppable dominance. 3. Combat ,Collect and Customize 3 weapons, seamless switching 100+ relics and offerings, endless synergies New soul fragments to unlock, every run a fresh gamble 15 Spirit Characters deliver fresh moves every fight—never hit repeat. 100+ elemental skills across 5 schools let you craft combos that feel alive Every battle is a symphony of slaughter—fast, fluid, and fiercely satisfying. No grind, all thrill—explore infinite builds, master the chaos.   The moon rises. The drums begin. The stage is set. Wield your sword to open a world of endless possibility. Will you be a pawn in the mirror’s game… or wield its power to rewrite your own ending? Sin and Love—where death is just the first act of your godlike revenge.","['Simplified Chinese', 'English']","['Simplified Chinese', 'English']",Unknown,https://shared.akamai.steamstatic.com/store_item_assets/steam/apps/3432500/0b5b79a40a3bfae40184395dbccf2dfcfa859602/header.jpg?t=1753698458,Unknown,3523654992@qq.com,True,False,False,0,Unknown,0,162,53,Unknown,73,225,Unknown,392,0,392,0,XingCaiStudio,XingCaiStudio,"Single-player,Steam Achievements,Full controller support,Steam Cloud,Family Sharing","Action,Adventure,Indie,RPG,Strategy","Action Roguelike,Rogue-lite,Hack and Slash,Mythology,Dark Fantasy,2D,Rogue-like,Indie,Action-Adventure,RPG,Singleplayer,Action,Character Customization,Multiple Endings,Adventure,Story Rich,Real-Time,Female Protagonist,Top-Down,Strategy","https://shared.akamai.steamstatic.com/store_item_assets/steam/apps/3432500/11abcf4ddb6990471295fcf5310ac73814284391/ss_11abcf4ddb6990471295fcf5310ac73814284391.1920x1080.jpg?t=1753698458,https://shared.akamai.steamstatic.com/store_item_assets/steam/apps/3432500/f617d1c4cbb1ae619c0295a8cfd7fb64bf80596c/ss_f617d1c4cbb1ae619c0295a8cfd7fb64bf80596c.1920x1080.jpg?t=1753698458,https://shared.akamai.steamstatic.com/store_item_assets/steam/apps/3432500/a37a0a1b96e15fb46f4025e1af678584405971bc/ss_a37a0a1b96e15fb46f4025e1af678584405971bc.1920x1080.jpg?t=1753698458,https://shared.akamai.steamstatic.com/store_item_assets/steam/apps/3432500/bc7307c0fec5dec31b90bf9740dc5bc667571c55/ss_bc7307c0fec5dec31b90bf9740dc5bc667571c55.1920x1080.jpg?t=1753698458,https://shared.akamai.steamstatic.com/store_item_assets/steam/apps/3432500/c45f0c10435dfc55ca124cd07c9719f818b604d7/ss_c45f0c10435dfc55ca124cd07c9719f818b604d7.1920x1080.jpg?t=1753698458,https://shared.akamai.steamstatic.com/store_item_assets/steam/apps/3432500/8a85023e93b10653036cf397fd3fa883b6911dbc/ss_8a85023e93b10653036cf397fd3fa883b6911dbc.1920x1080.jpg?t=1753698458,https://shared.akamai.steamstatic.com/store_item_assets/steam/apps/3432500/6a000d4b7e95f14dd3169f22453de4d6f1900567/ss_6a000d4b7e95f14dd3169f22453de4d6f1900567.1920x1080.jpg?t=1753698458,https://shared.akamai.steamstatic.com/store_item_assets/steam/apps/3432500/28e7c46f4b3d4d776e5ddd4c0a3c76f078cca353/ss_28e7c46f4b3d4d776e5ddd4c0a3c76f078cca353.1920x1080.jpg?t=1753698458,https://shared.akamai.steamstatic.com/store_item_assets/steam/apps/3432500/6112b14dfa0af2f8f49e1d3bfae21a16668724ae/ss_6112b14dfa0af2f8f49e1d3bfae21a16668724ae.1920x1080.jpg?t=1753698458,https://shared.akamai.steamstatic.com/store_item_assets/steam/apps/3432500/1c9460bbcb837f705ecb8b11d7ae194a3dbd1d8d/ss_1c9460bbcb837f705ecb8b11d7ae194a3dbd1d8d.1920x1080.jpg?t=1753698458",Steam,Paid
3013840,True Love,"Jun 27, 2024",0 - 20000,0,0,500.0,0,0,"This game created out of pure sadness. I have no friends but I need to share my thoughts. There are 7 Knights (except the first one) you need to interact (you can interact with the first one too don't worry). 1 crane, 1 construction truck, 1 regular truck, 1 sports car, 1 mixer, 1 wheel loader, 1 backhoe, 12 drivable car. That's all. I put cars the drivable cars around the map. My thoughts are written in those 7 knights but every knight protected by a creature that will chase you down. If they get you you will die and start from begining. There is no autosave or quick save. You can always ALT+F4 and start over if needed. I put the knights' locations on the steam photos. Gameplay is very simple you just need to find the objects that I put around the map while escaping from the things that will chase you down. Thanks for your support YOU WILL BE REMEMBERED!!! This game is a third person puzzle game. You need to find the knights to end the game. You can interact with knights or other objects in the map. There are dozen car that you can drive.",['English'],[],Unknown,https://shared.akamai.steamstatic.com/store_item_assets/steam/apps/3013840/header.jpg?t=1719485331,Unknown,kuneristudios@gmail.com,True,False,False,0,Unknown,0,3,1,Unknown,0,0,Unknown,0,0,0,0,A Guy,Whoes heart broken,"Single-player,Family Sharing","Action,Adventure,Casual,Indie","Casual,Action-Adventure,Visual Novel,Dating Sim,Walking Simulator,Exploration,Hidden Object,3D,First-Person,Realistic,Cute,Third Person,Family Friendly,Driving,Atmospheric,Emotional,Drama,Thriller,Mystery,Stealth","https://shared.akamai.steamstatic.com/store_item_assets/steam/apps/3013840/ss_e2b831bc5e3502196f426ba48731eb2a3448be6b.1920x1080.jpg?t=1719485331,https://shared.akamai.steamstatic.com/store_item_assets/steam/apps/3013840/ss_803c24cb216443e362f321c225ecb201b894e462.1920x1080.jpg?t=1719485331,https://shared.akamai.steamstatic.com/store_item_assets/steam/apps/3013840/ss_b3871b61fcbe1fafea84dabec41fbc2faa9591cd.1920x1080.jpg?t=1719485331,https://shared.akamai.steamstatic.com/store_item_assets/steam/apps/3013840/ss_fbc47e6582121cc7cd8a6fa5dd45dfe82c1af808.1920x1080.jpg?t=1719485331,https://shared.akamai.steamstatic.com/store_item_assets/steam/apps/3013840/ss_b87ae92896278de2300198a5ac66e221f6a1271c.1920x1080.jpg?t=1719485331,https://shared.akamai.steamstatic.com/store_item_assets/steam/apps/3013840/ss_e45e2dcb08ebddf01ccef102a20dbd79ed3c06fa.1920x1080.jpg?t=1719485331",Steam,Paid
1929410,Barnstormers: Determined to Win,"Mar 22, 2023",0 - 20000,0,0,7.99,0,0,"From the award winning creator of the VR experience “I Am A Man” comes the next big history themed VR project, “Barnstormers: Determined to Win.” Travel back in time to the era of Negro League Baseball. This immersive experience sets you in the 1940's where legends of the game were making a name for themselves in spite of the oppositions set against them. Experience the story first hand as a player during this pivotal time in history. In this VR experience users will face certain struggles in playing the game of baseball during the time of racial segregation. This project is sure to be a hit for people of all ages as you face off with baseball legends such as Satchel Paige, Josh Gibson, and Buck Leonard. This project is a short narrative base experience allowing the players to use mechanics of the controllers to get a taste of playing baseball in the Negro Leagues. Practice your catching and throwing in the outfield. Take your place at bat and try to hit a home run. The VR experience weaves together historical narrative with entertaining game play to introduce you to a hidden chapter of America's past time. During game play you will explore some of the spaces and interact with people and places from the perspective of a Negro League baseball player. Through partnership with the Negro League Baseball Museum, funding from the Epic Games Mega Grant and partnership with Reallusion (the creators of iClone and Character Creator) we are bringing Negro League Baseball to life as they celebrate their 100th year anniversary.",['English'],['English'],Unknown,https://shared.akamai.steamstatic.com/store_item_assets/steam/apps/1929410/header.jpg?t=1683133355,https://logicgrip.com/BarnstormersXR.html,info@logicgrip.com,True,False,False,0,Unknown,0,3,1,Unknown,0,0,Unknown,0,0,0,0,Derek A. Ham,Logic Grip Inc.,"Single-player,VR Only,Family Sharing",Casual,"VR,Immersive,Casual,Historical,Baseball,Immersive Sim,Education,6DOF,America,Narration,Linear,Singleplayer","https://shared.akamai.steamstatic.com/store_item_assets/steam/apps/1929410/ss_4db51692321a40b3b6b25beaf2dc9c4ff7015abe.1920x1080.jpg?t=1683133355,https://shared.akamai.steamstatic.com/store_item_assets/steam/apps/1929410/ss_0f22af710559ba7f209dd735e9e42f8046d0bf36.1920x1080.jpg?t=1683133355,https://shared.akamai.steamstatic.com/store_item_assets/steam/apps/1929410/ss_210f51af1423fbfa7cfcad45a40325fc2b5ec301.1920x1080.jpg?t=1683133355,https://shared.akamai.steamstatic.com/store_item_assets/steam/apps/1929410/ss_ce96c1044babd1450aab357ba02301bc586c9a7a.1920x1080.jpg?t=1683133355,https://shared.akamai.steamstatic.com/store_item_assets/steam/apps/1929410/ss_1e141d59612f34c0d84e109d98fe51be0364a356.1920x1080.jpg?t=1683133355",Steam,Paid
2315460,Nightsteel Survivors,"Jul 7, 2023",0 - 20000,0,0,0.89,70,0,"Nightsteel Survivors is a 2D shooter with 'roguelite' elements where you'll need to make strategic decisions as you navigate through a dangerous laboratory filled with enemy robots. You'll have multiple characters to choose from, each with unique abilities, and you'll face challenging and exciting bosses. Upgrade your skills and gear to survive and escape the Nightsteel labyrinth. Multiple characters to choose from, each with unique abilities and a different playstyle. An exciting 2D shooter game with 'roguelite' elements that requires strategic decision-making. Challenging robotic enemies and hordes of enemies that will test your combat skills. Exciting bosses that require specific skills and strategies to defeat. A wide variety of abilities and upgrades available to improve your character as you progress. Hazards and traps throughout the laboratory that will test your attention and survival skills.","['English', 'French', 'Italian', 'German', 'Spanish - Spain', 'Simplified Chinese', 'Portuguese - Brazil']","['English', 'French', 'Italian', 'German', 'Spanish - Spain', 'Simplified Chinese', 'Portuguese - Brazil']",Unknown,https://shared.akamai.steamstatic.com/store_item_assets/steam/apps/2315460/header.jpg?t=1688749462,Unknown,lumbredev@gmail.com,True,False,False,0,Unknown,0,1,2,Unknown,0,0,Unknown,0,0,0,0,Lumbre Dev,Lumbre Dev,"Single-player,Family Sharing","Action,Indie,Early Access","2D,Action,Combat,Top-Down,Top-Down Shooter,Rogue-like,Rogue-lite,Tactical RPG,Action Roguelike,Singleplayer,Sci-fi,Early Access,Indie,Choices Matter,Procedural Generation,PvE,Controller,Robots","https://shared.akamai.steamstatic.com/store_item_assets/steam/apps/2315460/ss_5c6ddc248ecf617958bbd7938448fbf2bcf3bbd8.1920x1080.jpg?t=1688749462,https://shared.akamai.steamstatic.com/store_item_assets/steam/apps/2315460/ss_6ecaf06815435a8e99e451bd8cf97dd598e66911.1920x1080.jpg?t=1688749462,https://shared.akamai.steamstatic.com/store_item_assets/steam/apps/2315460/ss_1bd8e613978792298ac8eedb5a54b36ccbd6232c.1920x1080.jpg?t=1688749462,https://shared.akamai.steamstatic.com/store_item_assets/steam/apps/2315460/ss_0fdb07897e990079e4f768fb3e74011b8d0ff093.1920x1080.jpg?t=1688749462,https://shared.akamai.steamstatic.com/store_item_assets/steam/apps/2315460/ss_c5db28705ad43a451c927ca3eab0fd3838d6788a.1920x1080.jpg?t=1688749462",Steam,Paid
2637080,Crafty Racer,"Dec 8, 2025",0 - 20000,0,0,14.99,0,0,"Craft &amp; Race! Build anything you imagine by editing simple blocks and adding fun mechanics!  Then race with your own creations! Make vehicles, characters, hidden traps, secret shortcuts, wacky contraptions or anything else! Craft Your Animated Racing Tracks! Edit existing tracks or create new ones from scratch in any theme (cars, beach, bedroom, workshop, etc.) Add jumps, decorations, and obstacles. Use funny models as checkpoints and direction signs. Craft Your animated Vehicles! Choose from classic options like karts, buggies, racing cars, and trucks. Or go for funnier ones like a bath vehicle, a sofa car, or a tiger rover. Anything is possible! Craft Your animated characters! Customize any character or create your own. Bring any idea you can imagine to life, like a creature with a robot body and two animal heads. You choose! Ready to race? Go! Perform stunts, push, and rush to the finish line as fast as you can! Win tracks and models. Race as much as you want with endless fun! Race solo or up to 4 players! Race solo or up to 4 players in local split-screen multiplayer Or even create strange mechanics! Just create whatever you want! Animate rotations, movements, sizes, and even make objects spawn from others! Wishlist now and try the Demo! Click the Wishlist button now! Try the demo, have fun and let me know any ideas!","['English', 'French', 'Italian', 'German', 'Spanish - Spain', 'Arabic', 'Indonesian', 'Japanese', 'Korean', 'Portuguese - Portugal', 'Russian', 'Simplified Chinese', 'Thai', 'Turkish', 'Vietnamese', 'Hindi', 'Persian', 'Swahili']",[],Unknown,https://shared.akamai.steamstatic.com/store_item_assets/steam/apps/2637080/e1ee0add6b529ebf213e5083300425a6ac37c072/header.jpg?t=1765240308,Unknown,cm.3d.designer@gmail.com,True,True,False,0,Unknown,0,0,0,Unknown,0,0,Unknown,0,0,0,0,Peterclark,Peterclark,"Single-player,Multi-player,PvP,Shared/Split Screen PvP,Shared/Split Screen,Includes level editor,Remote Play Together,Family Sharing","Indie,Racing,Sports,Early Access",Unknown,"https://shared.akamai.steamstatic.com/store_item_assets/steam/apps/2637080/ss_fe1f0c8edeaa1748e5715a86472bbfa6b3b35852.1920x1080.jpg?t=1765240308,https://shared.akamai.steamstatic.com/store_item_assets/steam/apps/2637080/f6ec2e8f6ce5cfab49c7fa6d2909af37bcdd6b6e/ss_f6ec2e8f6ce5cfab49c7fa6d2909af37bcdd6b6e.1920x1080.jpg?t=1765240308,https://shared.akamai.steamstatic.com/store_item_assets/steam/apps/2637080/a0fd597bb60d94352e5147474516c253ba8def00/ss_a0fd597bb60d94352e5147474516c253ba8def00.1920x1080.jpg?t=1765240308,https://shared.akamai.steamstatic.com/store_item_assets/steam/apps/2637080/ss_fe13f72fac0c3f6c54911405ce65d2bc9c1fe615.1920x1080.jpg?t=1765240308,https://shared.akamai.steamstatic.com/store_item_assets/steam/apps/2637080/78e5b8fb6f55461b1d1f3ba9716a1c9a2832cd93/ss_78e5b8fb6f55461b1d1f3ba9716a1c9a2832cd93.1920x1080.jpg?t=1765240308,https://shared.akamai.steamstatic.com/store_item_assets/steam/apps/2637080/c8e000efaca8463a42214fddfe5c6d62b2a32146/ss_c8e000efaca8463a42214fddfe5c6d62b2a32146.1920x1080.jpg?t=1765240308,https://shared.akamai.steamstatic.com/store_item_assets/steam/apps/2637080/687c86f81282cf7102b808fb50be14921aa6a018/ss_687c86f81282cf7102b808fb50be14921aa6a018.1920x1080.jpg?t=1765240308,https://shared.akamai.steamstatic.com/store_item_assets/steam/apps/2637080/ss_a78c279e2ea0d798422de5611539566cc0fe57ff.1920x1080.jpg?t=1765240308,https://shared.akamai.steamstatic.com/store_item_assets/steam/apps/2637080/ss_e9bea5717cecd53f92a2e5814be97709974ef35a.1920x1080.jpg?t=1765240308",Steam,Paid
3011350,Rise & Reign Playtest,"Jun 16, 2025",0 - 0,0,0,0.0,0,0,Unknown,[],[],Unknown,https://shared.akamai.steamstatic.com/store_item_assets/steam/apps/3011350/header.jpg?t=1750095895,Unknown,Unknown,True,False,False,0,Unknown,0,0,0,Unknown,0,0,Unknown,0,0,0,0,Unknown,Unknown,Unknown,Unknown,Unknown,Unknown,Steam,Free
532690,Neo ATLAS 1469,"Feb 14, 2017",0 - 20000,3,0,5.99,0,0,"15th Century, Europe. In a time where people held many views on how the world looked like, but no one to confirm. You play the role as the Master of a Trading Company, and your aim is to complete the World Map and tell the world what the 'world' really is, via the help of the admirals you hire. As a Trader, you listen to your admirals' reports, and draw your very own World Map from there. Some reports may be mundane but valid, while some may sound like they've fought mythical creatures like krakens or whatnots. Depending on what you believe and approve, your World Map takes shape. And depending on how you choose your approvals, your World may end up very differently. It may end up like this... Or even end up like this! Establishing Trade Routes You need to pay your admirals wages, and keeping a functioning fleet does not come cheap. As you progress in the game, you will discover more exotic produces from newly uncovered lands. Set up new trade routes and make a nice profit out of them! Also, by establishing trade routes which allow specific combinations of produces to interact, it may result in the emergence of a new product, which you can then trade it for even bigger profits! Explore and uncover the World The core objective of the game is to chart out the World Map. Command your admirals to explore the foreign seas, and they will bring back reports of their findings at the end of their voyage. Your sole decision to 'Approve' or 'Disapprove' their reports is the key to shape the world. Dowse for hidden treasures! Many treasures are hidden all over the world, waiting for you to dig them up. However, it can be quite a chore to be scouring the entire map, so here is a handy tool for you to detect treasures for more efficient treasure hunting!",['English'],[],Unknown,https://shared.akamai.steamstatic.com/store_item_assets/steam/apps/532690/header.jpg?t=1634718292,Unknown,Unknown,True,False,False,0,Unknown,0,35,19,Unknown,43,0,Unknown,0,0,0,0,ARTDINK,Arc System Works,"Single-player,Steam Achievements,Steam Trading Cards,Steam Cloud,Family Sharing",Simulation,"Simulation,Adventure,Fantasy,Classic,Sailing","https://shared.akamai.steamstatic.com/store_item_assets/steam/apps/532690/ss_36fb0f7c0773011af17817bfd7f1e71291cf8021.1920x1080.jpg?t=1634718292,https://shared.akamai.steamstatic.com/store_item_assets/steam/apps/532690/ss_486beb388c321a8a9ac437d002d995d729d8ddfd.1920x1080.jpg?t=1634718292,https://shared.akamai.steamstatic.com/store_item_assets/steam/apps/532690/ss_de619fb0ed2742b89c7dbee6c6a92cbf3ae298af.1920x1080.jpg?t=1634718292,https://shared.akamai.steamstatic.com/store_item_assets/steam/apps/532690/ss_563915eb770fe4e7f95a860cdd2167177425b54f.1920x1080.jpg?t=1634718292,https://shared.akamai.steamstatic.com/store_item_assets/steam/apps/532690/ss_40830571b22cb334045e297f52f984111d78d7ff.1920x1080.jpg?t=1634718292,https://shared.akamai.steamstatic.com/store_item_assets/steam/apps/532690/ss_c9b71bd98910d9a31d45d09f43520d4e3a718aba.1920x1080.jpg?t=1634718292,https://shared.akamai.steamstatic.com/store_item_assets/steam/apps/532690/ss_3c1401bf554a339b990837db359ce99119f61d99.1920x1080.jpg?t=1634718292,https://shared.akamai.steamstatic.com/store_item_assets/steam/apps/532690/ss_7940439a78a29f7657624ce86136c35f7ee5f54f.1920x1080.jpg?t=1634718292,https://shared.akamai.steamstatic.com/store_item_assets/steam/apps/532690/ss_065bfdeb48f71ee2d67217033161cd56459ae8fd.1920x1080.jpg?t=1634718292,https://shared.akamai.steamstatic.com/store_item_assets/steam/apps/532690/ss_a1045fc91d18d37e52b3e49356ded034267822f5.1920x1080.jpg?t=1634718292,https://shared.akamai.steamstatic.com/store_item_assets/steam/apps/532690/ss_4a18c75581bba648c60abc141eb6f8aac1312f8a.1920x1080.jpg?t=1634718292,https://shared.akamai.steamstatic.com/store_item_assets/steam/apps/532690/ss_1011b04f8f121396a72dfc0bec7f52fdb43f6df1.1920x1080.jpg?t=1634718292,https://shared.akamai.steamstatic.com/store_item_assets/steam/apps/532690/ss_dafd6bdaea89165b1aa290d9073103531540844f.1920x1080.jpg?t=1634718292,https://shared.akamai.steamstatic.com/store_item_assets/steam/apps/532690/ss_64091fb47f17bf07fb0af8e6b94472bc5293372d.1920x1080.jpg?t=1634718292,https://shared.akamai.steamstatic.com/store_item_assets/steam/apps/532690/ss_8879477dda928c1ff49f02cfaf9e9984cf826d91.1920x1080.jpg?t=1634718292,https://shared.akamai.steamstatic.com/store_item_assets/steam/apps/532690/ss_7736767321a062282a8d985978fefb0b5b45ea81.1920x1080.jpg?t=1634718292,https://shared.akamai.steamstatic.com/store_item_assets/steam/apps/532690/ss_7e3ee02fca2023a75a3afae76969c8c806f091e6.1920x1080.jpg?t=1634718292,https://shared.akamai.steamstatic.com/store_item_assets/steam/apps/532690/ss_53677b5dab2d990fa3245c55ece3215764c598e9.1920x1080.jpg?t=1634718292,https://shared.akamai.steamstatic.com/store_item_assets/steam/apps/532690/ss_2ff087ba077e2de17789ffd40cd5d01e80fb207d.1920x1080.jpg?t=1634718292",Steam,Paid
3002780,Shadow of the Orient,"Oct 5, 2024",0 - 20000,1,0,6.39,20,1,"Recent Reviews: 'Beautiful pixel art, wonderful animations , nice feeling controls. a delight especially for the price.'  'VERY NICE HIGH QUALITY PLATFORMER! GOOD JOB GUYS! HOW ABOUT A PART 2?' Story: After 200 years, the dark shadow has returned wreaking havoc across the orient. Only Xiaolang, a brave warrior who possesses the elemental power of fire, has the strength to take on the shadow clan, rescue the children of the orient and restore peace to the people of the east. But, the dark shadow is stronger than ever and Xiaolang has not had to fight for two centuries. Is he up to the task? Are you? Embark upon a perilous quest full of dangerous enemies, deadly traps and hidden secrets to hunt down the shadow and restore peace to the people of the orient in Shadow of the Orient. Key Features: Fun action platforming for all ages 3 worlds to explore across 15 maps 3 end of act boss fights 5 speed run levels Unique enemies per act Secret areas to explore Easy and Hard game modes Multiple melee and ranged weapons Steam achievements Full Controller support Digitized Soundtrack 3 to 4 hours total game time for completionists Shadow of the Orient is fun action platformer for all ages! Play it on your desktop, laptop or Steam deck and enjoy several hours of non-stop action until you face off against the dark lord in a final showdown.",['English'],['English'],Unknown,https://shared.akamai.steamstatic.com/store_item_assets/steam/apps/3002780/f8535c6af5f6ec1cca99112221f1e5ff3f449226/header.jpg?t=1764609831,https://shadowoftheorient.com/,support@spacelabgames.com,True,False,False,0,Unknown,0,5,1,Unknown,16,0,Unknown,0,0,0,0,Spacelab Games,Spacelab Games,"Single-player,Full controller support,Family Sharing","Action,Adventure","Action,Adventure,Action-Adventure,Beat 'em up,Platformer,Arcade,2D Platformer,2D,Pixel Graphics,Swordplay,Martial Arts,Ninja,Foreign,Historical,Linear,PvE,Singleplayer","https://shared.akamai.steamstatic.com/store_item_assets/steam/apps/3002780/ss_5d316da5d39eb81f67a810ce17e6079c94590b10.1920x1080.jpg?t=1764609831,https://shared.akamai.steamstatic.com/store_item_assets/steam/apps/3002780/ss_f563d13630b1494d7e8daacb965485523f6dd3de.1920x1080.jpg?t=1764609831,https://shared.akamai.steamstatic.com/store_item_assets/steam/apps/3002780/ss_1ba54a7234f9641b32e6e2f1d3a8fdd839cbe1bd.1920x1080.jpg?t=1764609831,https://shared.akamai.steamstatic.com/store_item_assets/steam/apps/3002780/ss_bb510e095682fdd9c8a70dd13537888dcff5afe6.1920x1080.jpg?t=1764609831,https://shared.akamai.steamstatic.com/store_item_assets/steam/apps/3002780/ss_506d33a4d79326d297078b1516db14ad26e7bb69.1920x1080.jpg?t=1764609831,https://shared.akamai.steamstatic.com/store_item_assets/steam/apps/3002780/ss_b85b3a5d64b9aebd79901e31c287a3b5491c7d3b.1920x1080.jpg?t=1764609831,https://shared.akamai.steamstatic.com/store_item_assets/steam/apps/3002780/ss_4dd82d69f62a833439a33a12e3b09308f67acce8.1920x1080.jpg?t=1764609831,https://shared.akamai.steamstatic.com/store_item_assets/steam/apps/3002780/ss_c85108c062cc16f1d0e960bc34b8a7a4a71be84f.1920x1080.jpg?t=1764609831,https://shared.akamai.steamstatic.com/store_item_assets/steam/apps/3002780/ss_ff3f5aabd39f3494107ac23d613fd5de8144adfb.1920x1080.jpg?t=1764609831",Steam,Paid
806600,Escape!,"Mar 15, 2018",0 - 20000,0,0,2.99,0,1,"Travel back in time and enjoy the retro feel of a 2D adventure game. Wind your way through labyrinths filled with ghosts, spiders, goblins and other surprises before you run out of light! Collect as much treasure as you can along the way in order to receive bonus power ups to help you. 50% of proceeds from this game will go to benefit CHOC Children's.",['English'],[],Unknown,https://shared.akamai.steamstatic.com/store_item_assets/steam/apps/806600/header.jpg?t=1521126947,Unknown,halfheartdgames@gmail.com,True,False,False,0,Unknown,0,1,0,Unknown,0,0,Unknown,0,0,0,0,Halfheartd Games,Halfheartd Games,"Single-player,Stats,Family Sharing","Adventure,Casual,Indie","Adventure,Indie,Casual","https://shared.akamai.steamstatic.com/store_item_assets/steam/apps/806600/ss_66ef0d356a2c505cca8c9d30a211c16a0c554891.1920x1080.jpg?t=1521126947,https://shared.akamai.steamstatic.com/store_item_assets/steam/apps/806600/ss_557b00dd4c46e50c1552f1f985ad95e0d71a4fb0.1920x1080.jpg?t=1521126947,https://shared.akamai.steamstatic.com/store_item_assets/steam/apps/806600/ss_905185a9f614474026d301835d13a7b30fdd2a99.1920x1080.jpg?t=1521126947,https://shared.akamai.steamstatic.com/store_item_assets/steam/apps/806600/ss_67ea337c759dd05f5dc032c1211745a7acfeb491.1920x1080.jpg?t=1521126947,https://shared.akamai.steamstatic.com/store_item_assets/steam/apps/806600/ss_abb520279922197af4df0b0d2073fdfc76ed6081.1920x1080.jpg?t=1521126947",Steam,Paid
2817560,RE:Ark Playtest,"Jul 7, 2025",0 - 0,0,0,0.0,0,0,Unknown,[],[],Unknown,https://shared.akamai.steamstatic.com/store_item_assets/steam/apps/2817560/header.jpg?t=1751906617,Unknown,Unknown,True,False,False,0,Unknown,0,0,0,Unknown,0,0,Unknown,0,0,0,0,Unknown,Unknown,Unknown,Unknown,Unknown,Unknown,Steam,Free
2611190,Carprogram,"Nov 3, 2023",0 - 0,0,0,2.49,0,0,"An application that lets you lay down roads, this is your future non-fictional story. These objects will be programmed when you place them on the road. Placing cardboard that has the name of an image file will display that image. Placing cardboard and adding a note to it will display the message in the note. Placing a calculator with a mathematical expression attached to it will evaluate that expression. In other words, just putting these objects on the road will program them, creating an application. 'Is this for people who are good at programming and math and stuff?' We hear you ask. Or: 'Drawing is hard, though. I can't do it, lol.' Or 'You're a programmer, right? Bring me your PC.' Well, you couldn't be more wrong. You don't need to have an in-depth knowledge of programming. All we'll say is that programming is the magic of the computing world. Now, use whatever magic you like, and craft a human story that's unforgettable. We encourage you to make let's plays and live streams!! (However, doing so will be your own responsiblity.) [Contents] Manual (HTML file) Sample (Contains a number of Carp and rice files) Readme(EN).txt (Text file) Readme(Jp).txt (Text file) Carp","['English', 'French', 'Italian', 'German', 'Spanish - Spain', 'Arabic', 'Indonesian', 'Ukrainian', 'Dutch', 'Greek', 'Swedish', 'Spanish - Latin America', 'Thai', 'Czech', 'Danish', 'Turkish', 'Norwegian', 'Hungarian', 'Finnish', 'Bulgarian', 'Vietnamese', 'Portuguese - Brazil', 'Portuguese - Portugal', 'Polish', 'Romanian', 'Russian', 'Simplified Chinese', 'Traditional Chinese', 'Japanese', 'Korean', 'Icelandic', 'Irish', 'Azerbaijani', 'Assamese', 'Afrikaans', 'Amharic', 'Albanian', 'Armenian', 'Igbo', 'Uyghur', 'Welsh', 'Wolof', 'Uzbek', 'Urdu', 'Estonian', 'Odia', 'Kazakh', 'Catalan', 'Kannada', 'Galician', K'iche', 'Kyrgyz', 'Khmer', 'Croatian', 'Gujarati', 'Quechua', 'Xhosa', 'Konkani', 'Sindhi', 'Sinhala', 'Georgian', 'Scots', 'Slovak', 'Slovenian', 'Swahili', 'Zulu', 'Serbian', 'Sotho', 'Sorani', 'Tajik', 'Tatar', 'Tamil', 'Dari', 'Cherokee', 'Tswana', 'Tigrinya', 'Telugu', 'Turkmen', 'Nepali', 'Hausa', 'Basque', 'Valencian', 'Punjabi (Gurmukhi)', 'Punjabi (Shahmukhi)', 'Hindi', 'Filipino', 'Hebrew', 'Belarusian', 'Bangla', 'Persian', 'Bosnian', 'Maori', 'Macedonian', 'Malayalam', 'Marathi', 'Maltese', 'Malay', 'Mongolian', 'Yoruba', 'Latvian', 'Lithuanian', 'Luxembourgish', 'Kinyarwanda']",[],Unknown,https://shared.akamai.steamstatic.com/store_item_assets/steam/apps/2611190/header.jpg?t=1702741059,http://storongturee.zouri.jp/,storongturee2hushuchuraice@yahoo.co.jp,True,True,True,0,Unknown,0,0,0,Unknown,0,0,Unknown,0,0,0,0,"Strong Tree(HusHucHu Rice),ストロングツリー(HusHucHu ライス)",Strong Tree,"Single-player,Family Sharing",Simulation,Unknown,"https://shared.akamai.steamstatic.com/store_item_assets/steam/apps/2611190/ss_a705a37cc9bee4f8119b0f4f7355626a403d0058.1920x1080.jpg?t=1702741059,https://shared.akamai.steamstatic.com/store_item_assets/steam/apps/2611190/ss_a19344eeb25c241ca5356d84b355d2fbf558e3a3.1920x1080.jpg?t=1702741059,https://shared.akamai.steamstatic.com/store_item_assets/steam/apps/2611190/ss_65e43835a23508349ef7719256fa2e07af5d43c1.1920x1080.jpg?t=1702741059,https://shared.akamai.steamstatic.com/store_item_assets/steam/apps/2611190/ss_4fc011876705a546a035da21ea5cb147f341ce11.1920x1080.jpg?t=1702741059,https://shared.akamai.steamstatic.com/store_item_assets/steam/apps/2611190/ss_55fe96283834965cd2ba059c020b7c70acbad9f2.1920x1080.jpg?t=1702741059,https://shared.akamai.steamstatic.com/store_item_assets/steam/apps/2611190/ss_926ea7899e89d6f8a7e268fee49d3e9f369c64b7.1920x1080.jpg?t=1702741059,https://shared.akamai.steamstatic.com/store_item_assets/steam/apps/2611190/ss_71953a59013077c2b91aaae01e4d7608017ba293.1920x1080.jpg?t=1702741059,https://shared.akamai.steamstatic.com/store_item_assets/steam/apps/2611190/ss_0f9825d13da7a27dd6d8020e5337b47cdbe09104.1920x1080.jpg?t=1702741059,https://shared.akamai.steamstatic.com/store_item_assets/steam/apps/2611190/ss_9e92ae9a40b9344d379d24f4248e067c6049b7d8.1920x1080.jpg?t=1702741059,https://shared.akamai.steamstatic.com/store_item_assets/steam/apps/2611190/ss_325574071bdf20b1bb862bdd9783675dcea259f3.1920x1080.jpg?t=1702741059,https://shared.akamai.steamstatic.com/store_item_assets/steam/apps/2611190/ss_81258513c8cb2d0a047a68ed277fac63a39c8e58.1920x1080.jpg?t=1702741059",Steam,Paid
3749610,Solve or Die Playtest,"May 27, 2025",0 - 0,0,0,0.0,0,0,Unknown,[],[],Unknown,https://shared.akamai.steamstatic.com/store_item_assets/steam/apps/3749610/39c80f3de50bb8f164746af61becbfbf3be7cd71/header.jpg?t=1748341098,Unknown,Unknown,True,False,False,0,Unknown,0,0,0,Unknown,0,0,Unknown,0,0,0,0,Unknown,Unknown,Unknown,Unknown,Unknown,Unknown,Steam,Free
